epoch,train_loss,test_acc,lr,seconds
1,0.76552,0.88490,0.010000,26.4
2,0.70927,0.89520,0.010000,16.4
3,0.68113,0.90360,0.010000,16.3
4,0.65709,0.91080,0.010000,16.1
5,0.64686,0.90940,0.010000,16.3
6,0.64040,0.91290,0.010000,16.3
7,0.63364,0.89560,0.010000,16.3
8,0.62517,0.90240,0.010000,16.1
9,0.62584,0.91310,0.010000,16.3
10,0.61947,0.90660,0.010000,16.5
11,0.56101,0.92230,0.005000,16.5
12,0.54240,0.92430,0.005000,16.9
13,0.53399,0.92280,0.005000,16.9
14,0.52931,0.92770,0.005000,16.3
15,0.52618,0.92680,0.005000,16.2
16,0.52681,0.92010,0.005000,16.4
17,0.52552,0.92100,0.005000,16.3
18,0.52538,0.92140,0.005000,16.1
19,0.51924,0.92350,0.005000,16.4
20,0.52176,0.92760,0.005000,16.4
