criterion,variant,r_star,certified_mean,certified_std,sel_risk_mean,sel_risk_std,sel_cov_mean,sel_cov_std,test_risk_mean,test_risk_std,test_cov_mean,test_cov_std,bound_mean,bound_std,viol_mean,viol_std
dropout_scratch_sr,sgr,0.01,0.6,0.489898,0.00376458,0.000254571,0.38228,0.31561,0.00458687,0.00108957,0.382228,0.315878,0.00980133,0.000112896,0,0
dropout_scratch_sr,sgr,0.02,1,0,0.0121012,7.69959e-05,0.833604,0.00924099,0.0121434,0.0017415,0.834116,0.00956327,0.0198636,8.20065e-05,0,0
dropout_scratch_sr,sgr,0.03,1,0,0.0205406,8.91759e-05,0.88174,0.00889865,0.0200761,0.00267727,0.88242,0.00895306,0.0298636,7.87392e-05,0,0
dropout_scratch_sr,sgr,0.04,1,0,0.0292832,6.60028e-05,0.915464,0.00685536,0.0285511,0.00291143,0.915992,0.00649356,0.0398765,6.30057e-05,0,0
dropout_scratch_sr,sgr,0.05,1,0,0.038202,6.44441e-05,0.941096,0.00653963,0.0374255,0.00370987,0.94162,0.00688979,0.0498816,6.12709e-05,0,0
dropout_scratch_sr,sgr,0.06,1,0,0.0472749,6.14558e-05,0.964396,0.00614823,0.0466509,0.00402439,0.964696,0.00638476,0.0598948,5.46851e-05,0,0
dropout_scratch_sr,sgr_last_tested,0.01,1,0,0.022373,0.139674,0.382432,0.315571,0.00343946,0.00219845,0.382428,0.315791,0.406024,0.48492,0,0
dropout_scratch_sr,sgr_last_tested,0.02,1,0,0.0122147,0.000138328,0.8337,0.00926078,0.0121662,0.00174113,0.834192,0.00959491,0.0200054,0.000156897,0,0
dropout_scratch_sr,sgr_last_tested,0.03,1,0,0.0206785,0.000134296,0.881864,0.00888346,0.0200874,0.0026813,0.88252,0.00896794,0.0300267,0.00015031,0,0
dropout_scratch_sr,sgr_last_tested,0.04,1,0,0.0294062,0.000131365,0.91558,0.00685907,0.028572,0.00291725,0.91616,0.00651165,0.0400174,0.000144001,0,0
dropout_scratch_sr,sgr_last_tested,0.05,1,0,0.0383446,0.000109163,0.941248,0.00656117,0.0374799,0.00371288,0.941748,0.0068519,0.0500416,0.000114332,0,0
dropout_scratch_sr,sgr_last_tested,0.06,1,0,0.0474054,0.000109799,0.964528,0.00613955,0.046703,0.00402976,0.96482,0.00637799,0.0600391,0.000118683,0,0
dropout_scratch_sr,binary_grid64,0.01,0.6,0.489898,0.0039348,0.000384283,0.385052,0.31816,0.00468102,0.001083,0.385204,0.318562,0.00963777,0.000286855,0,0
dropout_scratch_sr,binary_grid64,0.02,1,0,0.0113571,0.000773449,0.827576,0.011232,0.0114722,0.00187969,0.828048,0.0118682,0.0185086,0.000937739,0,0
dropout_scratch_sr,binary_grid64,0.03,1,0,0.0193695,0.00118537,0.875976,0.00963225,0.0190341,0.00261125,0.877096,0.00953992,0.0279771,0.00138596,0,0
dropout_scratch_sr,binary_grid64,0.04,1,0,0.0274988,0.0015153,0.90952,0.00936,0.0267993,0.00322796,0.90986,0.00852772,0.0372664,0.00170862,0,0
dropout_scratch_sr,binary_grid64,0.05,1,0,0.0362828,0.00157897,0.935416,0.00698351,0.0353531,0.00365884,0.936244,0.00762683,0.0471075,0.00176291,0,0
dropout_scratch_sr,binary_grid64,0.06,1,0,0.0446231,0.00207727,0.958192,0.00791767,0.0440118,0.00456071,0.95838,0.00828118,0.0562949,0.00227762,0,0
dropout_scratch_sr,fixed_seq_0.3,0.01,0.3,0.458258,0.00478877,0.000607933,0.206456,0.320805,0.00564995,0.00120801,0.207628,0.322576,0.00974102,0.000194738,0,0
dropout_scratch_sr,fixed_seq_0.3,0.02,1,0,0.0127417,0.000442219,0.8384,0.0095268,0.0127263,0.00172554,0.839072,0.00993408,0.0190419,0.00052104,0,0
dropout_scratch_sr,fixed_seq_0.3,0.03,1,0,0.0210398,0.000654085,0.884,0.00821949,0.0205878,0.00262317,0.884872,0.00860379,0.0285827,0.000749855,0,0
dropout_scratch_sr,fixed_seq_0.3,0.04,1,0,0.0293592,0.00113327,0.9156,0.00726911,0.0286665,0.00296407,0.916256,0.00720056,0.0378907,0.00126384,0,0
dropout_scratch_sr,fixed_seq_0.3,0.05,1,0,0.0385534,0.00101099,0.9418,0.00674092,0.0377393,0.00363195,0.942168,0.00713374,0.0480045,0.00110581,0,0
dropout_scratch_sr,fixed_seq_0.3,0.06,1,0,0.0475895,0.0012733,0.9652,0.00640312,0.0468784,0.00424284,0.965336,0.00647178,0.0578057,0.00138032,0,0
dropout_scratch_sr,fixed_seq_0.5,0.01,0.88,0.324962,0.00471684,0.000329407,0.583948,0.225038,0.00513325,0.00115217,0.583904,0.225616,0.009688,0.000222976,0,0
dropout_scratch_sr,fixed_seq_0.5,0.02,1,0,0.0127417,0.000442219,0.8384,0.0095268,0.0127263,0.00172554,0.839072,0.00993408,0.0190419,0.00052104,0,0
dropout_scratch_sr,fixed_seq_0.5,0.03,1,0,0.0210398,0.000654085,0.884,0.00821949,0.0205878,0.00262317,0.884872,0.00860379,0.0285827,0.000749855,0,0
dropout_scratch_sr,fixed_seq_0.5,0.04,1,0,0.0293592,0.00113327,0.9156,0.00726911,0.0286665,0.00296407,0.916256,0.00720056,0.0378907,0.00126384,0,0
dropout_scratch_sr,fixed_seq_0.5,0.05,1,0,0.0385534,0.00101099,0.9418,0.00674092,0.0377393,0.00363195,0.942168,0.00713374,0.0480045,0.00110581,0,0
dropout_scratch_sr,fixed_seq_0.5,0.06,1,0,0.0475895,0.0012733,0.9652,0.00640312,0.0468784,0.00424284,0.965336,0.00647178,0.0578057,0.00138032,0,0
dropout_scratch_sr,sgr_delta_0.01,0.01,0.9,0.3,0.00464108,0.000541194,0.597224,0.215389,0.00512597,0.00129547,0.597384,0.2162,0.00975618,0.000170373,0,0
dropout_scratch_sr,sgr_delta_0.01,0.02,1,0,0.0132891,7.64843e-05,0.842464,0.00930733,0.0132975,0.00183869,0.843336,0.00941653,0.0198579,7.84313e-05,0,0
dropout_scratch_sr,sgr_delta_0.01,0.03,1,0,0.0219995,7.8297e-05,0.888732,0.00796197,0.0216222,0.00277426,0.889328,0.00780274,0.0298705,7.27789e-05,0,0
dropout_scratch_sr,sgr_delta_0.01,0.04,1,0,0.0309524,7.27138e-05,0.920372,0.0070653,0.0303009,0.00323698,0.921192,0.0068373,0.0398879,6.4994e-05,0,0
dropout_scratch_sr,sgr_delta_0.01,0.05,1,0,0.0400667,6.19875e-05,0.946216,0.00627067,0.0394458,0.0036493,0.946584,0.00643389,0.049905,5.39974e-05,0,0
dropout_scratch_sr,sgr_delta_0.01,0.06,1,0,0.0492712,6.98026e-05,0.96908,0.00605865,0.0485176,0.00420535,0.969104,0.00636418,0.0598908,5.78905e-05,0,0
dropout_scratch_sr,sgr_delta_0.1,0.01,1,0,0.00599116,0.000147137,0.734892,0.0392104,0.00639801,0.00145563,0.735352,0.0408854,0.00984893,8.61226e-05,0.02,0.14
dropout_scratch_sr,sgr_delta_0.1,0.02,1,0,0.0147378,6.47179e-05,0.8514,0.0090088,0.0146005,0.00199956,0.852244,0.00884265,0.0198447,6.72798e-05,0,0
dropout_scratch_sr,sgr_delta_0.1,0.03,1,0,0.0237822,6.31582e-05,0.895788,0.00808905,0.0232017,0.00275315,0.896216,0.00797555,0.029883,6.27913e-05,0,0
dropout_scratch_sr,sgr_delta_0.1,0.04,1,0,0.0329717,6.58695e-05,0.92612,0.00677312,0.0320623,0.00332008,0.926584,0.00682804,0.0398823,6.39946e-05,0,0
dropout_scratch_sr,sgr_delta_0.1,0.05,1,0,0.0423025,5.45397e-05,0.952188,0.0061808,0.0417208,0.00387709,0.952352,0.00641954,0.0498968,5.59927e-05,0.02,0.14
dropout_scratch_sr,sgr_delta_0.1,0.06,1,0,0.051705,5.72649e-05,0.974524,0.00583245,0.0508068,0.00416245,0.97438,0.00573554,0.0598952,5.00389e-05,0,0
dropout_scratch_maxprob,sgr,0.01,1,0,0.00416564,0.000115676,0.738864,0.0223194,0.00460547,0.0013214,0.737772,0.0241698,0.00979939,9.60114e-05,0,0
dropout_scratch_maxprob,sgr,0.02,1,0,0.0120577,7.17925e-05,0.829328,0.00857678,0.0118324,0.00160685,0.829424,0.00916634,0.0198324,8.36323e-05,0,0
dropout_scratch_maxprob,sgr,0.03,1,0,0.0205055,7.25213e-05,0.876436,0.00656411,0.0196446,0.00239111,0.877312,0.0069469,0.0298537,7.14148e-05,0,0
dropout_scratch_maxprob,sgr,0.04,1,0,0.0292539,6.88097e-05,0.9105,0.00719225,0.0275491,0.00279173,0.911232,0.00693586,0.0398748,6.47791e-05,0,0
dropout_scratch_maxprob,sgr,0.05,1,0,0.0381946,6.51516e-05,0.938452,0.00582983,0.0361522,0.00331447,0.939132,0.0053857,0.0498912,6.54205e-05,0,0
dropout_scratch_maxprob,sgr,0.06,1,0,0.0472558,7.11639e-05,0.961484,0.00623065,0.0453788,0.00381577,0.96158,0.00585385,0.0598942,5.99641e-05,0,0
dropout_scratch_maxprob,sgr_last_tested,0.01,1,0,0.00432246,0.0001581,0.73898,0.0223113,0.00460437,0.00132078,0.737936,0.0242328,0.0100267,0.00019793,0,0
dropout_scratch_maxprob,sgr_last_tested,0.02,1,0,0.0121814,0.000140111,0.829432,0.00859166,0.0118552,0.00163322,0.8295,0.00921748,0.0199871,0.000166594,0,0
dropout_scratch_maxprob,sgr_last_tested,0.03,1,0,0.0206307,0.000124171,0.876548,0.00655839,0.0196523,0.0023913,0.877376,0.00696111,0.0300019,0.000141728,0,0
dropout_scratch_maxprob,sgr_last_tested,0.04,1,0,0.0293902,0.000126321,0.910628,0.00721099,0.0275817,0.00277548,0.911324,0.00692484,0.0400311,0.000130398,0,0
dropout_scratch_maxprob,sgr_last_tested,0.05,1,0,0.038282,0.000135398,0.938504,0.00584044,0.0361678,0.00329527,0.939172,0.00538011,0.0499895,0.000147716,0,0
dropout_scratch_maxprob,sgr_last_tested,0.06,1,0,0.0473788,0.000105563,0.961608,0.00620283,0.045404,0.0038027,0.961668,0.00581221,0.0600303,0.000115682,0,0
dropout_scratch_maxprob,binary_grid64,0.01,1,0,0.00420662,0.00030525,0.739728,0.0194253,0.00460077,0.00130009,0.738512,0.0214327,0.00949765,0.000447062,0,0
dropout_scratch_maxprob,binary_grid64,0.02,1,0,0.011357,0.000797879,0.824144,0.00977213,0.011247,0.00166612,0.82442,0.0103918,0.0185259,0.000978854,0,0
dropout_scratch_maxprob,binary_grid64,0.03,1,0,0.0194947,0.00113716,0.871268,0.00860573,0.018774,0.00243104,0.872068,0.00774469,0.0281519,0.00131604,0,0
dropout_scratch_maxprob,binary_grid64,0.04,1,0,0.0279007,0.00125334,0.905776,0.00933918,0.0263454,0.00326771,0.906476,0.00912139,0.0377525,0.00140285,0,0
dropout_scratch_maxprob,binary_grid64,0.05,1,0,0.0361509,0.00167622,0.932608,0.00727703,0.0341914,0.00350931,0.933192,0.00777678,0.0469762,0.00187189,0,0
dropout_scratch_maxprob,binary_grid64,0.06,1,0,0.0449643,0.00176078,0.955072,0.00740959,0.0428454,0.00394359,0.955416,0.00706788,0.0566959,0.00192833,0,0
dropout_scratch_maxprob,fixed_seq_0.3,0.01,1,0,0.00487456,0.000310375,0.7544,0.0181207,0.00525683,0.00137339,0.753544,0.0195523,0.00948791,0.000391816,0,0
dropout_scratch_maxprob,fixed_seq_0.3,0.02,1,0,0.012563,0.000666537,0.8328,0.0082,0.0122281,0.00160428,0.832808,0.00852947,0.0188498,0.000795377,0,0
dropout_scratch_maxprob,fixed_seq_0.3,0.03,1,0,0.0208029,0.000793739,0.8776,0.00769675,0.0199181,0.00237337,0.878496,0.00773452,0.0283395,0.000896193,0,0
dropout_scratch_maxprob,fixed_seq_0.3,0.04,1,0,0.0295545,0.000862671,0.9112,0.00754983,0.0277099,0.00289086,0.911816,0.00710232,0.0381338,0.000959511,0,0
dropout_scratch_maxprob,fixed_seq_0.3,0.05,1,0,0.0384216,0.000955908,0.939,0.00620967,0.036356,0.00329613,0.939684,0.00550768,0.047874,0.00104591,0,0
dropout_scratch_maxprob,fixed_seq_0.3,0.06,1,0,0.0471746,0.00129924,0.9612,0.0067082,0.0452249,0.00388198,0.961208,0.00630453,0.0573749,0.00140496,0,0
dropout_scratch_maxprob,fixed_seq_0.5,0.01,1,0,0.00487456,0.000310375,0.7544,0.0181207,0.00525683,0.00137339,0.753544,0.0195523,0.00948791,0.000391816,0,0
dropout_scratch_maxprob,fixed_seq_0.5,0.02,1,0,0.012563,0.000666537,0.8328,0.0082,0.0122281,0.00160428,0.832808,0.00852947,0.0188498,0.000795377,0,0
dropout_scratch_maxprob,fixed_seq_0.5,0.03,1,0,0.0208029,0.000793739,0.8776,0.00769675,0.0199181,0.00237337,0.878496,0.00773452,0.0283395,0.000896193,0,0
dropout_scratch_maxprob,fixed_seq_0.5,0.04,1,0,0.0295545,0.000862671,0.9112,0.00754983,0.0277099,0.00289086,0.911816,0.00710232,0.0381338,0.000959511,0,0
dropout_scratch_maxprob,fixed_seq_0.5,0.05,1,0,0.0384216,0.000955908,0.939,0.00620967,0.036356,0.00329613,0.939684,0.00550768,0.047874,0.00104591,0,0
dropout_scratch_maxprob,fixed_seq_0.5,0.06,1,0,0.0471746,0.00129924,0.9612,0.0067082,0.0452249,0.00388198,0.961208,0.00630453,0.0573749,0.00140496,0,0
dropout_scratch_maxprob,sgr_delta_0.01,0.01,1,0,0.00502681,7.84967e-05,0.756616,0.016569,0.00531892,0.00134297,0.755764,0.0181239,0.00982071,9.35356e-05,0,0
dropout_scratch_maxprob,sgr_delta_0.01,0.02,1,0,0.013282,7.78178e-05,0.8375,0.00822379,0.0129764,0.00174116,0.83796,0.00865286,0.0198717,8.01063e-05,0,0
dropout_scratch_maxprob,sgr_delta_0.01,0.03,1,0,0.0219722,7.14183e-05,0.882012,0.00656188,0.0207996,0.00228502,0.882952,0.00683831,0.0298725,6.82986e-05,0,0
dropout_scratch_maxprob,sgr_delta_0.01,0.04,1,0,0.0309273,6.71839e-05,0.915948,0.00716802,0.0289729,0.00288536,0.916528,0.00691731,0.0398833,6.53859e-05,0,0
dropout_scratch_maxprob,sgr_delta_0.01,0.05,1,0,0.040033,6.45721e-05,0.943216,0.00602061,0.0380824,0.00346749,0.9439,0.00547463,0.0498846,5.71027e-05,0,0
dropout_scratch_maxprob,sgr_delta_0.01,0.06,1,0,0.0492579,5.56759e-05,0.96626,0.00576337,0.0474295,0.00391683,0.966488,0.00545427,0.0598929,5.90829e-05,0,0
dropout_scratch_maxprob,sgr_delta_0.1,0.01,1,0,0.0060902,9.08511e-05,0.77422,0.0133408,0.0064128,0.0014484,0.773384,0.0146222,0.00984749,8.96599e-05,0,0
dropout_scratch_maxprob,sgr_delta_0.1,0.02,1,0,0.0147274,5.4891e-05,0.846308,0.00686093,0.0143295,0.00182558,0.84684,0.00723115,0.01985,6.03894e-05,0,0
dropout_scratch_maxprob,sgr_delta_0.1,0.03,1,0,0.0237537,6.30442e-05,0.889624,0.00722237,0.022341,0.00246392,0.890356,0.00755336,0.0298745,6.78809e-05,0,0
dropout_scratch_maxprob,sgr_delta_0.1,0.04,1,0,0.032956,6.30543e-05,0.923164,0.00705937,0.0311088,0.00293943,0.923788,0.00695924,0.0398771,6.32626e-05,0,0
dropout_scratch_maxprob,sgr_delta_0.1,0.05,1,0,0.0422917,5.87143e-05,0.94874,0.00600297,0.0402848,0.00343268,0.949228,0.00516914,0.0499,5.70987e-05,0,0
dropout_scratch_maxprob,sgr_delta_0.1,0.06,1,0,0.0516931,6.87543e-05,0.971884,0.00571204,0.0499764,0.00436687,0.971824,0.00568445,0.0598942,5.8048e-05,0,0
sr_dropout,sgr,0.01,1,0,0.00413109,0.000147682,0.73296,0.0308221,0.00432459,0.00137591,0.7315,0.0316533,0.00978093,0.000100857,0,0
sr_dropout,sgr,0.02,1,0,0.0120772,7.81336e-05,0.832944,0.00976009,0.0115414,0.00192246,0.832924,0.00891918,0.019837,8.39089e-05,0,0
sr_dropout,sgr,0.03,1,0,0.0205543,6.98088e-05,0.8835,0.00799942,0.0199618,0.00255528,0.883692,0.0079836,0.0298692,7.0647e-05,0,0
sr_dropout,sgr,0.04,1,0,0.0292965,7.46445e-05,0.914092,0.00710236,0.0284109,0.0032995,0.913968,0.00809497,0.0399006,6.70875e-05,0,0
sr_dropout,sgr,0.05,1,0,0.0382023,6.00026e-05,0.940672,0.0060001,0.0374441,0.00401386,0.94044,0.00730282,0.0498847,5.74948e-05,0,0
sr_dropout,sgr,0.06,1,0,0.0472766,6.46006e-05,0.96428,0.00524076,0.0465986,0.00431392,0.963912,0.00587716,0.0598974,6.47629e-05,0,0
sr_dropout,sgr_last_tested,0.01,1,0,0.00426858,0.000164252,0.73306,0.0308005,0.00432409,0.00137568,0.731584,0.0316267,0.00998116,0.000199838,0,0
sr_dropout,sgr_last_tested,0.02,1,0,0.0122003,0.000144618,0.833048,0.00977291,0.0115493,0.00191243,0.833056,0.00895268,0.019991,0.00016846,0,0
sr_dropout,sgr_last_tested,0.03,1,0,0.0206739,0.000131958,0.883608,0.00801069,0.0199866,0.00256615,0.883784,0.00804406,0.0300107,0.000146128,0,0
sr_dropout,sgr_last_tested,0.04,1,0,0.0294156,0.000126196,0.914204,0.00708051,0.0284305,0.00330628,0.91404,0.00809484,0.0400372,0.000144009,0,0
sr_dropout,sgr_last_tested,0.05,1,0,0.0383449,0.000119529,0.940824,0.00602404,0.0375331,0.00404963,0.940644,0.00739138,0.0500448,0.000127556,0,0
sr_dropout,sgr_last_tested,0.06,1,0,0.0473912,0.000116838,0.964396,0.005228,0.0466463,0.00433079,0.964036,0.0059159,0.0600242,0.000130215,0,0
sr_dropout,binary_grid64,0.01,1,0,0.0041376,0.000357327,0.732552,0.0283909,0.0042955,0.00132082,0.731108,0.0288207,0.00943245,0.000466728,0,0
sr_dropout,binary_grid64,0.02,1,0,0.0115548,0.000613848,0.829136,0.0109911,0.0111264,0.00190039,0.828976,0.0101077,0.0187494,0.000739735,0,0
sr_dropout,binary_grid64,0.03,1,0,0.0191276,0.00122825,0.877852,0.00872439,0.0184274,0.0027241,0.877792,0.0095247,0.0276793,0.00143654,0,0
sr_dropout,binary_grid64,0.04,1,0,0.027275,0.0014281,0.907336,0.00725693,0.0263749,0.00323013,0.906916,0.00807407,0.0370224,0.00162792,0,0
sr_dropout,binary_grid64,0.05,1,0,0.0364315,0.0015693,0.935416,0.00698351,0.0354817,0.00403265,0.935028,0.00788355,0.0472752,0.00174867,0,0
sr_dropout,binary_grid64,0.06,1,0,0.04406,0.00187837,0.956632,0.00646224,0.0436404,0.00474802,0.956816,0.00743299,0.0556794,0.00206675,0,0
sr_dropout,fixed_seq_0.3,0.01,1,0,0.00482287,0.000439916,0.740996,0.0665048,0.0050674,0.00161987,0.7398,0.0659828,0.00950176,0.000398756,0,0
sr_dropout,fixed_seq_0.3,0.02,1,0,0.0127699,0.000506604,0.838,0.0100578,0.012095,0.0019214,0.83818,0.00961501,0.0190772,0.000587289,0,0
sr_dropout,fixed_seq_0.3,0.03,1,0,0.0208695,0.000954856,0.8846,0.00852291,0.0202754,0.00284733,0.88476,0.00907048,0.0283823,0.00108883,0,0
sr_dropout,fixed_seq_0.3,0.04,1,0,0.0294526,0.000968737,0.9146,0.00752596,0.0285258,0.00350707,0.9144,0.0085366,0.0380014,0.00107652,0,0
sr_dropout,fixed_seq_0.3,0.05,1,0,0.0386681,0.00109587,0.942,0.00622575,0.0379478,0.0042283,0.941904,0.00767607,0.0481301,0.00119931,0.02,0.14
sr_dropout,fixed_seq_0.3,0.06,1,0,0.0475776,0.00130245,0.965,0.00607947,0.0469317,0.00457228,0.964796,0.00683128,0.0577937,0.00140801,0,0
sr_dropout,fixed_seq_0.5,0.01,1,0,0.00487221,0.000316292,0.7498,0.0213504,0.00515593,0.00149185,0.748608,0.0235722,0.00950307,0.000399928,0,0
sr_dropout,fixed_seq_0.5,0.02,1,0,0.0127699,0.000506604,0.838,0.0100578,0.012095,0.0019214,0.83818,0.00961501,0.0190772,0.000587289,0,0
sr_dropout,fixed_seq_0.5,0.03,1,0,0.0208695,0.000954856,0.8846,0.00852291,0.0202754,0.00284733,0.88476,0.00907048,0.0283823,0.00108883,0,0
sr_dropout,fixed_seq_0.5,0.04,1,0,0.0294526,0.000968737,0.9146,0.00752596,0.0285258,0.00350707,0.9144,0.0085366,0.0380014,0.00107652,0,0
sr_dropout,fixed_seq_0.5,0.05,1,0,0.0386681,0.00109587,0.942,0.00622575,0.0379478,0.0042283,0.941904,0.00767607,0.0481301,0.00119931,0.02,0.14
sr_dropout,fixed_seq_0.5,0.06,1,0,0.0475776,0.00130245,0.965,0.00607947,0.0469317,0.00457228,0.964796,0.00683128,0.0577937,0.00140801,0,0
sr_dropout,sgr_delta_0.01,0.01,1,0,0.00499849,9.18299e-05,0.75356,0.0203485,0.0052753,0.0014655,0.752532,0.0223703,0.00979524,8.66222e-05,0,0
sr_dropout,sgr_delta_0.01,0.02,1,0,0.0132829,8.03688e-05,0.841648,0.00957501,0.0125342,0.00203983,0.841928,0.0095527,0.0198541,7.92849e-05,0,0
sr_dropout,sgr_delta_0.01,0.03,1,0,0.0220031,7.07386e-05,0.888772,0.00818633,0.0211532,0.00265538,0.888436,0.00848016,0.0298746,7.25643e-05,0,0
sr_dropout,sgr_delta_0.01,0.04,1,0,0.0309507,6.47764e-05,0.919648,0.00654163,0.0301298,0.00327408,0.919384,0.00741079,0.0398899,6.03268e-05,0,0
sr_dropout,sgr_delta_0.01,0.05,1,0,0.0400561,5.68177e-05,0.946168,0.00570352,0.0394582,0.00407749,0.945976,0.00692689,0.0498936,5.41063e-05,0.02,0.14
sr_dropout,sgr_delta_0.01,0.06,1,0,0.0492688,6.42318e-05,0.969128,0.00530686,0.0486649,0.00444564,0.96874,0.00591233,0.0598879,5.63756e-05,0,0
sr_dropout,sgr_delta_0.1,0.01,1,0,0.00607661,8.76133e-05,0.77194,0.0180419,0.00619675,0.00156511,0.771644,0.0187615,0.00983776,7.53908e-05,0.02,0.14
sr_dropout,sgr_delta_0.1,0.02,1,0,0.0147557,7.3717e-05,0.853072,0.00944295,0.0140814,0.00220144,0.85292,0.00939753,0.0198597,7.60754e-05,0,0
sr_dropout,sgr_delta_0.1,0.03,1,0,0.0237929,6.50776e-05,0.895556,0.00763595,0.023024,0.00291742,0.895364,0.00829657,0.0298957,6.80211e-05,0,0
sr_dropout,sgr_delta_0.1,0.04,1,0,0.0329799,6.73736e-05,0.925284,0.0061448,0.0320527,0.00344018,0.925104,0.00730438,0.0398945,6.47723e-05,0.02,0.14
sr_dropout,sgr_delta_0.1,0.05,1,0,0.0422912,6.36564e-05,0.952156,0.00550916,0.041726,0.00434236,0.952244,0.00679521,0.0498848,6.11323e-05,0.04,0.195959
sr_dropout,sgr_delta_0.1,0.06,1,0,0.051704,5.82833e-05,0.9747,0.00515694,0.0510147,0.00445458,0.9741,0.00542914,0.0598933,5.92052e-05,0.06,0.237487
sr_base,sgr,0.01,0.34,0.473709,0.00405635,0.000189258,0.238904,0.334004,0.00524154,0.001389,0.238792,0.333725,0.00983889,8.84346e-05,0,0
sr_base,sgr,0.02,1,0,0.0120748,8.20254e-05,0.833428,0.00985779,0.0118023,0.0020031,0.833596,0.0106675,0.0198314,7.80874e-05,0,0
sr_base,sgr,0.03,1,0,0.0205492,7.56789e-05,0.883132,0.00725894,0.01962,0.00270153,0.882372,0.00883493,0.0298654,7.42514e-05,0,0
sr_base,sgr,0.04,1,0,0.0292989,6.94276e-05,0.91784,0.00642632,0.0280057,0.00285246,0.917244,0.00661904,0.0398793,6.58474e-05,0,0
sr_base,sgr,0.05,1,0,0.0382132,6.54089e-05,0.943856,0.00568732,0.0370103,0.0034868,0.9433,0.00596942,0.0498754,6.03268e-05,0,0
sr_base,sgr,0.06,1,0,0.0472769,6.52161e-05,0.96554,0.00586887,0.0460759,0.00426749,0.965048,0.00608428,0.0598889,5.85412e-05,0,0
sr_base,sgr_last_tested,0.01,1,0,0.00145323,0.00202833,0.239088,0.333981,0.017851,0.0852774,0.238948,0.333743,0.663403,0.46886,0.02,0.14
sr_base,sgr_last_tested,0.02,1,0,0.0122028,0.000148023,0.833536,0.00985669,0.0118105,0.00200575,0.833688,0.0106844,0.0199914,0.00017376,0,0
sr_base,sgr_last_tested,0.03,1,0,0.0207002,0.000127881,0.883264,0.0072587,0.0196403,0.00270016,0.882484,0.00882262,0.0300439,0.000145652,0,0
sr_base,sgr_last_tested,0.04,1,0,0.029413,0.000137757,0.917948,0.0064478,0.0280623,0.00284845,0.917392,0.0065949,0.04001,0.000144794,0,0
sr_base,sgr_last_tested,0.05,1,0,0.0383388,0.000112838,0.943996,0.00568908,0.0370886,0.00349858,0.943468,0.00595175,0.0500164,0.000115273,0,0
sr_base,sgr_last_tested,0.06,1,0,0.0474113,0.000107568,0.965676,0.00584218,0.0461086,0.00424155,0.965148,0.00607115,0.0600375,0.000122245,0,0
sr_base,binary_grid64,0.01,0.34,0.473709,0.00421109,0.000232905,0.239708,0.335023,0.0052825,0.00120851,0.23986,0.335127,0.00968377,0.000228812,0,0
sr_base,binary_grid64,0.02,1,0,0.0115723,0.000693769,0.828824,0.011232,0.0112791,0.00198238,0.829104,0.0121245,0.0187722,0.000834753,0,0
sr_base,binary_grid64,0.03,1,0,0.019589,0.00100812,0.878176,0.00890399,0.0188629,0.00284266,0.87786,0.0100826,0.0282257,0.0011648,0,0
sr_base,binary_grid64,0.04,1,0,0.0280217,0.00132336,0.912952,0.00769951,0.0267904,0.00297729,0.91246,0.00753947,0.0378483,0.00149655,0,0
sr_base,binary_grid64,0.05,1,0,0.0355899,0.00164823,0.936664,0.00576145,0.0341783,0.00339197,0.9359,0.00633482,0.0463175,0.00184472,0,0
sr_base,binary_grid64,0.06,1,0,0.0447316,0.00205146,0.959128,0.00818963,0.0435499,0.00501055,0.958688,0.00860522,0.0564093,0.0022406,0,0
sr_base,fixed_seq_0.3,0.01,0.46,0.498397,0.00442769,0.00094909,0.291276,0.337486,0.00538535,0.00196993,0.291364,0.337672,0.00967178,0.000322984,0,0
sr_base,fixed_seq_0.3,0.02,1,0,0.012763,0.000588692,0.8392,0.00877496,0.0123798,0.00195591,0.839272,0.00999614,0.0190634,0.00070107,0,0
sr_base,fixed_seq_0.3,0.03,1,0,0.0211315,0.000619115,0.8858,0.00725534,0.0203359,0.00254886,0.885332,0.00779072,0.0286796,0.000700672,0,0
sr_base,fixed_seq_0.3,0.04,1,0,0.0296869,0.000903135,0.919,0.0065238,0.0284394,0.00294339,0.918508,0.00727903,0.0382424,0.00100615,0,0
sr_base,fixed_seq_0.3,0.05,1,0,0.0385949,0.00120524,0.9446,0.0060531,0.0371727,0.00344688,0.943816,0.00599304,0.0480347,0.00131896,0,0
sr_base,fixed_seq_0.3,0.06,1,0,0.0475929,0.0012382,0.9662,0.00632456,0.0464022,0.00436338,0.965816,0.00668561,0.0578037,0.00133667,0,0
sr_base,fixed_seq_0.5,0.01,0.6,0.489898,0.00478367,0.000434996,0.416904,0.346037,0.00558528,0.00145325,0.416832,0.346043,0.00964244,0.000329864,0,0
sr_base,fixed_seq_0.5,0.02,1,0,0.012763,0.000588692,0.8392,0.00877496,0.0123798,0.00195591,0.839272,0.00999614,0.0190634,0.00070107,0,0
sr_base,fixed_seq_0.5,0.03,1,0,0.0211315,0.000619115,0.8858,0.00725534,0.0203359,0.00254886,0.885332,0.00779072,0.0286796,0.000700672,0,0
sr_base,fixed_seq_0.5,0.04,1,0,0.0296869,0.000903135,0.919,0.0065238,0.0284394,0.00294339,0.918508,0.00727903,0.0382424,0.00100615,0,0
sr_base,fixed_seq_0.5,0.05,1,0,0.0385949,0.00120524,0.9446,0.0060531,0.0371727,0.00344688,0.943816,0.00599304,0.0480347,0.00131896,0,0
sr_base,fixed_seq_0.5,0.06,1,0,0.0475929,0.0012382,0.9662,0.00632456,0.0464022,0.00436338,0.965816,0.00668561,0.0578037,0.00133667,0,0
sr_base,sgr_delta_0.01,0.01,0.6,0.489898,0.00488284,0.000218039,0.43042,0.353771,0.00571899,0.00140709,0.429996,0.353402,0.00980112,0.000107128,0,0
sr_base,sgr_delta_0.01,0.02,1,0,0.0132845,7.00531e-05,0.84306,0.00899736,0.0129108,0.00205861,0.843084,0.010186,0.0198496,7.02288e-05,0,0
sr_base,sgr_delta_0.01,0.03,1,0,0.0220077,7.77863e-05,0.890036,0.00696732,0.0211979,0.00275206,0.889572,0.00817753,0.0298735,6.86775e-05,0,0
sr_base,sgr_delta_0.01,0.04,1,0,0.0309675,6.64701e-05,0.923412,0.00617264,0.0296161,0.00303927,0.922612,0.00615746,0.0398887,6.22966e-05,0,0
sr_base,sgr_delta_0.01,0.05,1,0,0.0400666,6.93783e-05,0.948316,0.00550318,0.0387187,0.00360248,0.947672,0.00561694,0.0498931,6.80136e-05,0,0
sr_base,sgr_delta_0.01,0.06,1,0,0.0492922,5.7062e-05,0.970536,0.00577282,0.0482261,0.0041888,0.970084,0.00596632,0.0599052,5.68476e-05,0,0
sr_base,sgr_delta_0.1,0.01,0.94,0.237487,0.00602358,0.000119644,0.70674,0.18124,0.00632832,0.00139945,0.706236,0.181449,0.0098345,9.06078e-05,0.02,0.14
sr_base,sgr_delta_0.1,0.02,1,0,0.0147675,6.96222e-05,0.852944,0.00752723,0.014275,0.00203873,0.852568,0.00895834,0.0198735,7.60245e-05,0,0
sr_base,sgr_delta_0.1,0.03,1,0,0.0237659,5.08805e-05,0.897584,0.0058231,0.0228856,0.00267202,0.897248,0.00665992,0.0298581,5.43195e-05,0,0
sr_base,sgr_delta_0.1,0.04,1,0,0.0329918,5.73536e-05,0.92944,0.00544368,0.0315813,0.00313749,0.928688,0.00588533,0.0398908,6.19111e-05,0,0
sr_base,sgr_delta_0.1,0.05,1,0,0.0423079,6.03838e-05,0.953576,0.00557489,0.0408942,0.00390874,0.952736,0.00598885,0.0498968,5.75625e-05,0,0
sr_base,sgr_delta_0.1,0.06,1,0,0.0517147,6.00641e-05,0.9762,0.00582711,0.0507762,0.00422097,0.975824,0.00594907,0.059898,6.08764e-05,0.04,0.195959
