probabilities,table,criterion,c_or_r_star,risk_or_c,coverage_or_violated
raw,fixed_c,sr_base,0.005,0.0116 +- 0.0012,0.8340 +- 0.0031
raw,fixed_c,sr_dropout,0.005,0.0088 +- 0.0011,0.8086 +- 0.0038
raw,fixed_c,mc_probly,0.005,0.0009 +- 0.0004,0.5708 +- 0.0058
raw,fixed_c,sr_base,0.01,0.0164 +- 0.0014,0.8647 +- 0.0036
raw,fixed_c,sr_dropout,0.01,0.0129 +- 0.0017,0.8442 +- 0.0033
raw,fixed_c,mc_probly,0.01,0.0019 +- 0.0006,0.6393 +- 0.0049
raw,fixed_c,sr_base,0.02,0.0209 +- 0.0014,0.8891 +- 0.0032
raw,fixed_c,sr_dropout,0.02,0.0174 +- 0.0018,0.8722 +- 0.0028
raw,fixed_c,mc_probly,0.02,0.0029 +- 0.0007,0.6956 +- 0.0051
raw,fixed_c,sr_base,0.05,0.0276 +- 0.0017,0.9157 +- 0.0034
raw,fixed_c,sr_dropout,0.05,0.0255 +- 0.0018,0.9035 +- 0.0032
raw,fixed_c,mc_probly,0.05,0.0057 +- 0.0008,0.7644 +- 0.0034
raw,fixed_c,sr_base,0.1,0.0341 +- 0.0017,0.9357 +- 0.0025
raw,fixed_c,sr_dropout,0.1,0.0322 +- 0.0020,0.9261 +- 0.0028
raw,fixed_c,mc_probly,0.1,0.0101 +- 0.0012,0.8179 +- 0.0033
raw,fixed_c,sr_base,0.2,0.0429 +- 0.0022,0.9578 +- 0.0025
raw,fixed_c,sr_dropout,0.2,0.0410 +- 0.0022,0.9506 +- 0.0024
raw,fixed_c,mc_probly,0.2,0.0189 +- 0.0013,0.8743 +- 0.0027
raw,fixed_c,sr_base,0.3,0.0494 +- 0.0023,0.9727 +- 0.0025
raw,fixed_c,sr_dropout,0.3,0.0477 +- 0.0026,0.9666 +- 0.0024
raw,fixed_c,mc_probly,0.3,0.0271 +- 0.0021,0.9108 +- 0.0026
raw,fixed_c,sr_base,0.5,0.0602 +- 0.0030,0.9958 +- 0.0011
raw,fixed_c,sr_dropout,0.5,0.0602 +- 0.0025,0.9937 +- 0.0009
raw,fixed_c,mc_probly,0.5,0.0509 +- 0.0021,0.9748 +- 0.0018
ts,fixed_c,sr_base,0.005,n/a,0.0000 +- 0.0000
ts,fixed_c,sr_dropout,0.005,0.0000 +- 0.0000,0.0041 +- 0.0029
ts,fixed_c,mc_probly,0.005,0.0010 +- 0.0005,0.5718 +- 0.0116
ts,fixed_c,sr_base,0.01,0.0342 +- 0.0826,0.0004 +- 0.0005
ts,fixed_c,sr_dropout,0.01,0.0007 +- 0.0009,0.1949 +- 0.0604
ts,fixed_c,mc_probly,0.01,0.0019 +- 0.0007,0.6397 +- 0.0076
ts,fixed_c,sr_base,0.02,0.0047 +- 0.0016,0.4912 +- 0.0876
ts,fixed_c,sr_dropout,0.02,0.0031 +- 0.0009,0.6851 +- 0.0196
ts,fixed_c,mc_probly,0.02,0.0029 +- 0.0008,0.6964 +- 0.0063
ts,fixed_c,sr_base,0.05,0.0143 +- 0.0017,0.8525 +- 0.0049
ts,fixed_c,sr_dropout,0.05,0.0111 +- 0.0016,0.8287 +- 0.0047
ts,fixed_c,mc_probly,0.05,0.0057 +- 0.0008,0.7651 +- 0.0043
ts,fixed_c,sr_base,0.1,0.0226 +- 0.0018,0.8960 +- 0.0034
ts,fixed_c,sr_dropout,0.1,0.0187 +- 0.0018,0.8789 +- 0.0035
ts,fixed_c,mc_probly,0.1,0.0101 +- 0.0013,0.8181 +- 0.0039
ts,fixed_c,sr_base,0.2,0.0322 +- 0.0021,0.9307 +- 0.0027
ts,fixed_c,sr_dropout,0.2,0.0298 +- 0.0022,0.9192 +- 0.0035
ts,fixed_c,mc_probly,0.2,0.0190 +- 0.0014,0.8747 +- 0.0030
ts,fixed_c,sr_base,0.3,0.0410 +- 0.0023,0.9537 +- 0.0023
ts,fixed_c,sr_dropout,0.3,0.0386 +- 0.0023,0.9443 +- 0.0029
ts,fixed_c,mc_probly,0.3,0.0272 +- 0.0021,0.9110 +- 0.0030
ts,fixed_c,sr_base,0.5,0.0565 +- 0.0030,0.9884 +- 0.0011
ts,fixed_c,sr_dropout,0.5,0.0553 +- 0.0024,0.9842 +- 0.0014
ts,fixed_c,mc_probly,0.5,0.0509 +- 0.0022,0.9747 +- 0.0018
raw,c_for_risk,sr_base,0.01,0.0037 +- 0.0006,0.4800
raw,c_for_risk,sr_dropout,0.01,0.0056 +- 0.0009,0.4200
raw,c_for_risk,mc_probly,0.01,0.0994 +- 0.0118,0.4600
raw,c_for_risk,sr_base,0.02,0.0157 +- 0.0035,0.3200
raw,c_for_risk,sr_dropout,0.02,0.0263 +- 0.0057,0.3800
raw,c_for_risk,mc_probly,0.02,0.2004 +- 0.0116,0.3000
raw,c_for_risk,sr_base,0.03,0.0583 +- 0.0119,0.3000
raw,c_for_risk,sr_dropout,0.03,0.0752 +- 0.0147,0.3400
raw,c_for_risk,mc_probly,0.03,0.3102 +- 0.0228,0.3000
raw,c_for_risk,sr_base,0.04,0.1473 +- 0.0229,0.3800
raw,c_for_risk,sr_dropout,0.04,0.1778 +- 0.0274,0.3600
raw,c_for_risk,mc_probly,0.04,0.4042 +- 0.0174,0.3000
raw,c_for_risk,sr_base,0.05,0.2922 +- 0.0430,0.4600
raw,c_for_risk,sr_dropout,0.05,0.3258 +- 0.0377,0.4400
raw,c_for_risk,mc_probly,0.05,0.4801 +- 0.0161,0.3600
raw,c_for_risk,sr_base,0.06,0.5000 +- 0.0804,0.5000
raw,c_for_risk,sr_dropout,0.06,0.4983 +- 0.0509,0.3600
raw,c_for_risk,mc_probly,0.06,0.5846 +- 0.0409,0.2800
ts,c_for_risk,sr_base,0.01,0.0330 +- 0.0026,0.4600
ts,c_for_risk,sr_dropout,0.01,0.0434 +- 0.0042,0.4600
ts,c_for_risk,mc_probly,0.01,0.0987 +- 0.0097,0.4600
ts,c_for_risk,sr_base,0.02,0.0766 +- 0.0070,0.3000
ts,c_for_risk,sr_dropout,0.02,0.1041 +- 0.0112,0.3000
ts,c_for_risk,mc_probly,0.02,0.2001 +- 0.0096,0.3000
ts,c_for_risk,sr_base,0.03,0.1625 +- 0.0174,0.3000
ts,c_for_risk,sr_dropout,0.03,0.1903 +- 0.0183,0.3600
ts,c_for_risk,mc_probly,0.03,0.3099 +- 0.0198,0.3000
ts,c_for_risk,sr_base,0.04,0.2717 +- 0.0213,0.3400
ts,c_for_risk,sr_dropout,0.04,0.3077 +- 0.0227,0.3600
ts,c_for_risk,mc_probly,0.04,0.4040 +- 0.0154,0.3200
ts,c_for_risk,sr_base,0.05,0.4031 +- 0.0302,0.4400
ts,c_for_risk,sr_dropout,0.05,0.4320 +- 0.0254,0.4000
ts,c_for_risk,mc_probly,0.05,0.4801 +- 0.0145,0.3400
ts,c_for_risk,sr_base,0.06,0.5660 +- 0.0755,0.4200
ts,c_for_risk,sr_dropout,0.06,0.5691 +- 0.0488,0.3600
ts,c_for_risk,mc_probly,0.06,0.5846 +- 0.0394,0.2800
