criterion,r_star,certified_mean,certified_std,sel_risk_mean,sel_risk_std,sel_cov_mean,sel_cov_std,test_risk_mean,test_risk_std,test_cov_mean,test_cov_std,bound_mean,bound_std,cov_at_paper_mean,cov_at_paper_std,paper_test_risk,paper_test_cov
dropout_scratch_sr,0.01,0.6,0.489898,0.00376458,0.000254571,0.38228,0.31561,0.00458687,0.00108957,0.382228,0.315878,0.00980133,0.000112896,0.806272,0.0130854,0.0092,0.7856
dropout_scratch_sr,0.02,1,0,0.0121012,7.69959e-05,0.833604,0.00924099,0.0121434,0.0017415,0.834116,0.00956327,0.0198636,8.20065e-05,0.854828,0.0105311,0.0149,0.8466
dropout_scratch_sr,0.03,1,0,0.0205406,8.91759e-05,0.88174,0.00889865,0.0200761,0.00267727,0.88242,0.00895306,0.0298636,7.87392e-05,0.908268,0.00781686,0.0261,0.8966
dropout_scratch_sr,0.04,1,0,0.0292832,6.60028e-05,0.915464,0.00685536,0.0285511,0.00291143,0.915992,0.00649356,0.0398765,6.30057e-05,0.943292,0.00625053,0.038,0.9318
dropout_scratch_sr,0.05,1,0,0.038202,6.44441e-05,0.941096,0.00653963,0.0374255,0.00370987,0.94162,0.00688979,0.0498816,6.12709e-05,0.96924,0.00617608,0.0486,0.9596
dropout_scratch_sr,0.06,1,0,0.0472749,6.14558e-05,0.964396,0.00614823,0.0466509,0.00402439,0.964696,0.00638476,0.0598948,5.46851e-05,0.988248,0.00586373,0.0572,0.9784
dropout_scratch_maxprob,0.01,1,0,0.00416564,0.000115676,0.738864,0.0223194,0.00460547,0.0013214,0.737772,0.0241698,0.00979939,9.60114e-05,0.80774,0.00977133,0.0092,0.7856
dropout_scratch_maxprob,0.02,1,0,0.0120577,7.17925e-05,0.829328,0.00857678,0.0118324,0.00160685,0.829424,0.00916634,0.0198324,8.36323e-05,0.850988,0.00837151,0.0149,0.8466
dropout_scratch_maxprob,0.03,1,0,0.0205055,7.25213e-05,0.876436,0.00656411,0.0196446,0.00239111,0.877312,0.0069469,0.0298537,7.14148e-05,0.906316,0.00762555,0.0261,0.8966
dropout_scratch_maxprob,0.04,1,0,0.0292539,6.88097e-05,0.9105,0.00719225,0.0275491,0.00279173,0.911232,0.00693586,0.0398748,6.47791e-05,0.943812,0.00622465,0.038,0.9318
dropout_scratch_maxprob,0.05,1,0,0.0381946,6.51516e-05,0.938452,0.00582983,0.0361522,0.00331447,0.939132,0.0053857,0.0498912,6.54205e-05,0.96926,0.00555068,0.0486,0.9596
dropout_scratch_maxprob,0.06,1,0,0.0472558,7.11639e-05,0.961484,0.00623065,0.0453788,0.00381577,0.96158,0.00585385,0.0598942,5.99641e-05,0.987116,0.0055355,0.0572,0.9784
sr_dropout,0.01,1,0,0.00413109,0.000147682,0.73296,0.0308221,0.00432459,0.00137591,0.7315,0.0316533,0.00978093,0.000100857,0.813024,0.0105016,0.0092,0.7856
sr_dropout,0.02,1,0,0.0120772,7.81336e-05,0.832944,0.00976009,0.0115414,0.00192246,0.832924,0.00891918,0.019837,8.39089e-05,0.85876,0.0107911,0.0149,0.8466
sr_dropout,0.03,1,0,0.0205543,6.98088e-05,0.8835,0.00799942,0.0199618,0.00255528,0.883692,0.0079836,0.0298692,7.0647e-05,0.90602,0.00696577,0.0261,0.8966
sr_dropout,0.04,1,0,0.0292965,7.46445e-05,0.914092,0.00710236,0.0284109,0.0032995,0.913968,0.00809497,0.0399006,6.70875e-05,0.942492,0.00553754,0.038,0.9318
sr_dropout,0.05,1,0,0.0382023,6.00026e-05,0.940672,0.0060001,0.0374441,0.00401386,0.94044,0.00730282,0.0498847,5.74948e-05,0.968588,0.00531133,0.0486,0.9596
sr_dropout,0.06,1,0,0.0472766,6.46006e-05,0.96428,0.00524076,0.0465986,0.00431392,0.963912,0.00587716,0.0598974,6.47629e-05,0.987524,0.00497978,0.0572,0.9784
sr_base,0.01,0.34,0.473709,0.00405635,0.000189258,0.238904,0.334004,0.00524154,0.001389,0.238792,0.333725,0.00983889,8.84346e-05,0.807776,0.0130094,0.0092,0.7856
sr_base,0.02,1,0,0.0120748,8.20254e-05,0.833428,0.00985779,0.0118023,0.0020031,0.833596,0.0106675,0.0198314,7.80874e-05,0.856608,0.00861496,0.0149,0.8466
sr_base,0.03,1,0,0.0205492,7.56789e-05,0.883132,0.00725894,0.01962,0.00270153,0.882372,0.00883493,0.0298654,7.42514e-05,0.909848,0.00636912,0.0261,0.8966
sr_base,0.04,1,0,0.0292989,6.94276e-05,0.91784,0.00642632,0.0280057,0.00285246,0.917244,0.00661904,0.0398793,6.58474e-05,0.945856,0.00561926,0.038,0.9318
sr_base,0.05,1,0,0.0382132,6.54089e-05,0.943856,0.00568732,0.0370103,0.0034868,0.9433,0.00596942,0.0498754,6.03268e-05,0.971,0.00603563,0.0486,0.9596
sr_base,0.06,1,0,0.0472769,6.52161e-05,0.96554,0.00586887,0.0460759,0.00426749,0.965048,0.00608428,0.0598889,5.85412e-05,0.989204,0.00643571,0.0572,0.9784
