criterion,emp risk_mean,emp risk_std,emp cov_mean,emp cov_std,emp viol_mean,emp viol_std,sgr risk_mean,sgr risk_std,sgr cov_mean,sgr cov_std,sgr viol_mean,sgr viol_std,cov risk_mean,cov risk_std,cov cov_mean,cov cov_std,cov viol_mean,cov viol_std,LTT Bonf risk_mean,LTT Bonf risk_std,LTT Bonf cov_mean,LTT Bonf cov_std,LTT Bonf viol_mean,LTT Bonf viol_std,LTT FS risk_mean,LTT FS risk_std,LTT FS cov_mean,LTT FS cov_std,LTT FS viol_mean,LTT FS viol_std,Chow raw risk_mean,Chow raw risk_std,Chow raw cov_mean,Chow raw cov_std,Chow raw viol_mean,Chow raw viol_std,Chow TS risk_mean,Chow TS risk_std,Chow TS cov_mean,Chow TS cov_std,Chow TS viol_mean,Chow TS viol_std,Conf LAC risk_mean,Conf LAC risk_std,Conf LAC cov_mean,Conf LAC cov_std,Conf LAC viol_mean,Conf LAC viol_std,Conf APS risk_mean,Conf APS risk_std,Conf APS cov_mean,Conf APS cov_std,Conf APS viol_mean,Conf APS viol_std
sr_base,0.0191257,0.00260546,0.87976,0.00850139,0.32,0.466476,0.0118023,0.0020031,0.833596,0.0106675,0,0,0.0191668,0.00260712,0.879956,0.00853363,0.32,0.466476,0.0104139,0.00177586,0.820676,0.0113307,0,0,0.0113259,0.00178239,0.82934,0.0104572,0,0,0.0208931,0.00143237,0.8891,0.00318075,0.72,0.448999,0.00471274,0.00157017,0.4912,0.0875876,0,0,0.0154058,0.00219829,0.857052,0.00710401,0.04,0.195959,0.0165089,0.00625213,0.159752,0.0291252,0.2,0.4
sr_dropout,0.019335,0.00250431,0.881308,0.00816962,0.38,0.485386,0.0115414,0.00192246,0.832924,0.00891918,0,0,0.0193858,0.00251934,0.881464,0.00819223,0.38,0.485386,0.0101097,0.0018794,0.820912,0.00866064,0,0,0.0111687,0.00186749,0.829628,0.00830268,0,0,0.0173631,0.0018429,0.872204,0.00279242,0.08,0.271293,0.00307202,0.000918105,0.685092,0.0196081,0,0,0.0147714,0.00211301,0.855424,0.0088223,0,0,0.00109008,0.00209037,0.04108,0.00931021,0,0
mc_maxprob,0.019247,0.00220532,0.87478,0.00646347,0.32,0.466476,0.0117924,0.00187925,0.83264,0.00871945,0,0,0.0192801,0.00221042,0.874936,0.00644279,0.34,0.473709,0.0105383,0.00165856,0.822196,0.00931669,0,0,0.0112521,0.00188382,0.828444,0.00905762,0,0,0.00268342,0.000778054,0.69472,0.00451841,0,0,0.00273924,0.000821673,0.69574,0.00671634,0,0,0.0125401,0.00199951,0.832248,0.00955888,0,0,0.00141014,0.00199882,0.067624,0.00935689,0,0
mc_total,0.0193364,0.00232681,0.87262,0.00604281,0.4,0.489898,0.0118379,0.00188411,0.832876,0.00921129,0,0,0.019361,0.00231908,0.872744,0.00609065,0.4,0.489898,0.0105726,0.00174877,0.821336,0.00994838,0,0,0.0113582,0.00177848,0.82874,0.00840802,0,0,,,,,,,,,,,,,,,,,,,,,,,,
mc_aleatoric,0.0190254,0.00193802,0.870224,0.00592846,0.28,0.448999,0.0118958,0.00171609,0.831092,0.00878938,0,0,0.019116,0.00193656,0.8705,0.00589742,0.32,0.466476,0.0105012,0.00171722,0.8193,0.0106194,0,0,0.0112951,0.00165062,0.826856,0.00860902,0,0,,,,,,,,,,,,,,,,,,,,,,,,
mc_epistemic,0.0193388,0.00221636,0.870044,0.00602864,0.46,0.498397,0.0117732,0.0019336,0.827852,0.00887881,0,0,0.019362,0.0022033,0.870236,0.00601421,0.46,0.498397,0.0105259,0.00179149,0.816352,0.00980992,0,0,0.0113965,0.00195595,0.824236,0.00949347,0,0,,,,,,,,,,,,,,,,,,,,,,,,
mc_variance,0.0192892,0.00238099,0.871564,0.00640771,0.36,0.48,0.0117434,0.00177636,0.827012,0.00795853,0,0,0.0193485,0.00239524,0.871784,0.00638296,0.38,0.485386,0.010443,0.00172973,0.81532,0.00945541,0,0,0.0113086,0.00183386,0.823304,0.00863335,0,0,,,,,,,,,,,,,,,,,,,,,,,,
ens_maxprob,0.0192205,0.00248189,0.90888,0.00465807,0.5,0.5,0.0122706,0.00135813,0.87144,0.00542572,0,0,0.0192799,0.00248297,0.90918,0.00474675,0.4,0.489898,0.0108313,0.00171712,0.86116,0.00804676,0,0,0.0117009,0.00119956,0.8679,0.00474658,0,0,0.00763901,0.000594056,0.83256,0.00239967,0,0,0.00404631,0.000685232,0.79046,0.00510925,0,0,0.0143671,0.00270359,0.88238,0.00877973,0.1,0.3,0.00658281,0.00118375,0.2708,0.0087777,0,0
ens_total,0.019075,0.00191395,0.90874,0.00323611,0.2,0.4,0.0121652,0.00137593,0.87088,0.00438014,0,0,0.0190942,0.001899,0.90888,0.00323382,0.2,0.4,0.0107969,0.00143418,0.8606,0.00648198,0,0,0.0115494,0.00135684,0.86706,0.00495907,0,0,,,,,,,,,,,,,,,,,,,,,,,,
ens_aleatoric,0.01967,0.00135976,0.9048,0.00258921,0.4,0.489898,0.0121653,0.00168959,0.86584,0.00458153,0,0,0.0197108,0.0013845,0.90496,0.00254055,0.4,0.489898,0.010674,0.00166586,0.8573,0.00568173,0,0,0.0113498,0.001802,0.8609,0.00527958,0,0,,,,,,,,,,,,,,,,,,,,,,,,
ens_epistemic,0.0195782,0.00243141,0.90046,0.00462779,0.3,0.458258,0.0122398,0.00167222,0.86362,0.0063815,0,0,0.0196395,0.00252084,0.90068,0.00464775,0.3,0.458258,0.0109708,0.00172558,0.85208,0.00811921,0,0,0.0116558,0.00162695,0.85892,0.00594118,0,0,,,,,,,,,,,,,,,,,,,,,,,,
finetune_maxprob,0.0192246,0.00260809,0.877548,0.00814359,0.4,0.489898,0.0119022,0.00199142,0.832028,0.0113371,0,0,0.0192524,0.00260398,0.877736,0.00812723,0.4,0.489898,0.0107565,0.00170151,0.8197,0.0120213,0,0,0.0114589,0.00180021,0.827832,0.0109157,0,0,0.0171552,0.00146011,0.867344,0.00337023,0.02,0.14,0.00391486,0.00133132,0.663212,0.0350774,0,0,0.0147167,0.002472,0.850032,0.0106008,0.04,0.195959,0.0063379,0.00287147,0.11442,0.0274168,0,0
swag_maxprob,0.0199879,0.00215153,0.805356,0.0352894,0.5,0.5,0.0116079,0.00179818,0.73412,0.0444934,0,0,0.0200081,0.00213738,0.80552,0.0353332,0.5,0.5,0.0102987,0.00185363,0.717104,0.0479206,0,0,0.011339,0.00197636,0.730956,0.0458131,0,0,0.00124142,0.000719678,0.373116,0.0409805,0,0,0.00392893,0.00109962,0.586768,0.0399826,0,0,0.0116659,0.00188665,0.730852,0.0461045,0,0,0.000403692,0.00122041,0.045728,0.00698395,0,0
swag_total,0.0201357,0.00230812,0.79234,0.0312865,0.5,0.5,0.0116431,0.00192984,0.725404,0.0454935,0,0,0.0201705,0.00232524,0.792528,0.0312928,0.5,0.5,0.0103779,0.00201138,0.709276,0.0476306,0,0,0.0113352,0.00194773,0.721876,0.0453802,0,0,,,,,,,,,,,,,,,,,,,,,,,,
swag_aleatoric,0.0201992,0.002354,0.79166,0.0307687,0.58,0.493559,0.0115564,0.00214961,0.725484,0.0377473,0,0,0.0202052,0.00235083,0.79184,0.0307549,0.58,0.493559,0.0101699,0.00208348,0.708524,0.0421285,0,0,0.0112419,0.00221417,0.721984,0.0379491,0,0,,,,,,,,,,,,,,,,,,,,,,,,
swag_epistemic,0.0202388,0.00231016,0.748204,0.0454436,0.58,0.493559,0.0117614,0.00221136,0.678736,0.057304,0,0,0.0202802,0.00232225,0.748392,0.0454625,0.56,0.496387,0.0103611,0.00215078,0.662408,0.0593891,0,0,0.0114695,0.00203003,0.675704,0.0566588,0,0,,,,,,,,,,,,,,,,,,,,,,,,
laplace_maxprob,0.0191457,0.00269939,0.87938,0.00860876,0.32,0.466476,0.0118471,0.00205671,0.833892,0.0104596,0,0,0.0191788,0.00270268,0.879528,0.00863729,0.32,0.466476,0.0105311,0.00181646,0.823068,0.0112301,0,0,0.0113897,0.00200708,0.83004,0.0113959,0,0,0.0168243,0.00165617,0.868848,0.00369141,0.04,0.195959,0.00495697,0.00113921,0.64728,0.0546618,0,0,0.0151412,0.00215241,0.855584,0.00771822,0.02,0.14,0.0122143,0.00658412,0.157444,0.0313238,0.18,0.384187
laplace_total,0.0190871,0.00260404,0.879248,0.00795915,0.28,0.448999,0.0117952,0.00195717,0.833624,0.0104564,0,0,0.0191417,0.00261372,0.87946,0.00794262,0.3,0.458258,0.01049,0.00188052,0.821992,0.0114473,0,0,0.0113477,0.00184223,0.829528,0.0108891,0,0,,,,,,,,,,,,,,,,,,,,,,,,
laplace_aleatoric,0.0190898,0.00269753,0.879512,0.00796524,0.28,0.448999,0.0117982,0.00189412,0.833872,0.00994583,0,0,0.0191001,0.00269803,0.87966,0.00799432,0.28,0.448999,0.0105384,0.00191688,0.822228,0.0120966,0,0,0.0114195,0.00167382,0.830284,0.00918312,0,0,,,,,,,,,,,,,,,,,,,,,,,,
laplace_epistemic,0.0191364,0.00254657,0.878556,0.00744422,0.3,0.458258,0.0117573,0.00194754,0.831004,0.0134756,0,0,0.0191731,0.00257181,0.878736,0.00746999,0.32,0.466476,0.0105333,0.00188869,0.8181,0.016095,0,0,0.0112373,0.0017566,0.826828,0.0124173,0,0,,,,,,,,,,,,,,,,,,,,,,,,
gda_density,0.0196845,0.0023889,0.87208,0.00709264,0.42,0.493559,0.0115967,0.00197424,0.807232,0.0315176,0,0,0.0197412,0.00238892,0.872208,0.00709354,0.44,0.496387,0.0102793,0.00216888,0.78358,0.0355541,0,0,0.0112509,0.00204814,0.803332,0.0325043,0,0,,,,,,,,,,,,,,,,,,,,,,,,
ddu_maxprob,0.0195017,0.00257264,0.844096,0.00817021,0.34,0.473709,0.0118226,0.00199375,0.789708,0.0142394,0,0,0.0195265,0.00256844,0.844256,0.00817753,0.34,0.473709,0.0103965,0.00172381,0.775712,0.0157617,0,0,0.0113943,0.00174624,0.786376,0.0132888,0,0,0.0114603,0.0014452,0.787496,0.00432449,0,0,0.00339074,0.000785632,0.632084,0.0168171,0,0,0.0142254,0.00216838,0.804828,0.0123459,0.02,0.14,0,0,0.032468,0.00883064,0,0
ddu_density,0.0198955,0.00265667,0.740344,0.0924845,0.5,0.5,0.0102371,0.00273639,0.31528,0.277374,0,0,0.0199268,0.00265661,0.740552,0.0925047,0.5,0.5,0.00884055,0.00254449,0.29628,0.254507,0,0,0.0100805,0.0026353,0.352908,0.263082,0,0,,,,,,,,,,,,,,,,,,,,,,,,
vbll_maxprob,0.0198388,0.00292815,0.845976,0.0148539,0.52,0.4996,0.0117507,0.00219293,0.78252,0.0267222,0,0,0.0198727,0.0029407,0.84616,0.0147933,0.52,0.4996,0.0100462,0.00212252,0.765444,0.031453,0,0,0.0113301,0.00213641,0.780096,0.0234739,0,0,0.0104376,0.0014644,0.77084,0.00456035,0,0,0.00439088,0.00168145,0.619356,0.0661157,0,0,0.0150946,0.00272466,0.810712,0.018787,0.06,0.237487,0.00413681,0.0036259,0.069624,0.0378843,0,0
vbll_total,0.0198675,0.00285609,0.846696,0.0146882,0.52,0.4996,0.0115822,0.00226607,0.78122,0.0280741,0,0,0.0199151,0.00288808,0.846856,0.0147524,0.52,0.4996,0.00999659,0.00222285,0.764824,0.0321942,0,0,0.0111459,0.00211388,0.777628,0.0269964,0,0,,,,,,,,,,,,,,,,,,,,,,,,
vbll_aleatoric,0.0198722,0.00285249,0.846704,0.0146919,0.52,0.4996,0.0115719,0.00226698,0.781228,0.0280812,0,0,0.0199146,0.00288786,0.84688,0.0147579,0.52,0.4996,0.00998645,0.00222331,0.764812,0.0321928,0,0,0.0111459,0.00211423,0.777636,0.026994,0,0,,,,,,,,,,,,,,,,,,,,,,,,
vbll_epistemic,0.0198709,0.00275,0.8454,0.0147711,0.52,0.4996,0.0116033,0.00232663,0.779892,0.0279545,0,0,0.0198966,0.00276317,0.845524,0.0147435,0.52,0.4996,0.0101319,0.00198213,0.764428,0.0317311,0,0,0.01119,0.00240847,0.775996,0.0275242,0,0,,,,,,,,,,,,,,,,,,,,,,,,
sngp_maxprob,0.0195518,0.00311886,0.836076,0.0116105,0.38,0.485386,0.011757,0.00258866,0.766444,0.0262566,0,0,0.0196353,0.0031337,0.836384,0.0116266,0.38,0.485386,0.0105178,0.00243082,0.74628,0.0316137,0,0,0.0114185,0.00259663,0.762712,0.0268338,0,0,,,0,0,0,0,0.00188852,0.00288548,0.012664,0.0351444,0,0,0.0173923,0.00265576,0.816444,0.0137753,0.16,0.366606,0.00848477,0.00162531,0.596844,0.0858768,0,0
sngp_ds,0.0195825,0.00302803,0.836056,0.0112225,0.42,0.493559,0.0118723,0.0023922,0.7691,0.0214835,0,0,0.0196308,0.00302981,0.836248,0.0112115,0.44,0.496387,0.010444,0.00223633,0.749272,0.0289826,0,0,0.0116422,0.00238546,0.766548,0.0210419,0,0,,,,,,,,,,,,,,,,,,,,,,,,
dropout_scratch_sr,0.0194836,0.00255037,0.878992,0.00838369,0.36,0.48,0.0121434,0.0017415,0.834116,0.00956327,0,0,0.019529,0.00256325,0.879188,0.00839251,0.36,0.48,0.0106163,0.00181271,0.820448,0.0100601,0,0,0.0116527,0.00165231,0.829848,0.00925303,0,0,0.021318,0.00178455,0.888828,0.00327634,0.74,0.438634,0.0049328,0.00109323,0.5805,0.0597692,0,0,0.0156209,0.00193198,0.85658,0.00895252,0,0,0.00859852,0.00406342,0.091792,0.00870475,0,0
dropout_scratch_maxprob,0.019095,0.00225071,0.874392,0.00636955,0.3,0.458258,0.0118324,0.00160685,0.829424,0.00916634,0,0,0.0191446,0.00227004,0.874624,0.00642279,0.28,0.448999,0.0103627,0.00153335,0.818108,0.00967291,0,0,0.0113446,0.00161578,0.825548,0.0097176,0,0,0.00379426,0.000794085,0.7165,0.00472546,0,0,0.00343903,0.00065607,0.701004,0.00606992,0,0,0.012692,0.0016879,0.831456,0.009396,0,0,0.00301569,0.00180859,0.131024,0.0170664,0,0
dropout_scratch_total,0.0189013,0.00233072,0.871972,0.00690275,0.28,0.448999,0.0117705,0.00164525,0.82914,0.00876459,0,0,0.0189616,0.00233852,0.872156,0.00683149,0.28,0.448999,0.0101908,0.00128282,0.817036,0.0083851,0,0,0.0112395,0.00174946,0.82536,0.00973193,0,0,,,,,,,,,,,,,,,,,,,,,,,,
dropout_scratch_aleatoric,0.0188635,0.00260412,0.871476,0.0071292,0.3,0.458258,0.0116569,0.0016996,0.827952,0.00752984,0,0,0.0188912,0.00259564,0.871692,0.00704479,0.28,0.448999,0.0102264,0.00124866,0.817396,0.00748273,0,0,0.0111896,0.00157084,0.824396,0.00740826,0,0,,,,,,,,,,,,,,,,,,,,,,,,
dropout_scratch_epistemic,0.0190579,0.00223868,0.869416,0.007297,0.32,0.466476,0.0119114,0.00167891,0.827912,0.00984302,0,0,0.0190987,0.00223687,0.869644,0.00735894,0.32,0.466476,0.0105739,0.00152971,0.817372,0.0107567,0,0,0.0113881,0.00174029,0.824304,0.0110906,0,0,,,,,,,,,,,,,,,,,,,,,,,,
masksembles_maxprob,0.0194078,0.00303287,0.695728,0.0169157,0.36,0.48,0.010356,0.00222198,0.600064,0.0188004,0,0,0.0194729,0.00302604,0.696068,0.0169877,0.36,0.48,0.00901628,0.00222897,0.579896,0.0215874,0,0,0.0101043,0.00220716,0.596816,0.0190981,0,0,,,,,,,,,,,,,,,,,,,,,,,,
masksembles_total,0.0195822,0.00318012,0.695252,0.0178815,0.34,0.473709,0.0103512,0.00233275,0.599912,0.0199623,0,0,0.0196272,0.00319318,0.69548,0.0179102,0.34,0.473709,0.00873159,0.00209263,0.57666,0.0212356,0,0,0.00997056,0.00232751,0.596284,0.0201488,0,0,,,,,,,,,,,,,,,,,,,,,,,,
masksembles_aleatoric,0.0195047,0.00316046,0.695912,0.0177994,0.34,0.473709,0.0103097,0.0023744,0.600532,0.0207956,0,0,0.0195161,0.00316482,0.69612,0.017729,0.34,0.473709,0.00871389,0.0020817,0.577096,0.0225443,0,0,0.0100078,0.00233788,0.597884,0.0213767,0,0,,,,,,,,,,,,,,,,,,,,,,,,
masksembles_epistemic,0.0205324,0.00375939,0.65604,0.0215098,0.56,0.496387,0.0105418,0.00256617,0.559012,0.0185203,0,0,0.020588,0.00374403,0.65624,0.0214797,0.58,0.493559,0.0091464,0.00233825,0.5412,0.0198352,0,0,0.0102984,0.00234505,0.555872,0.0184107,0,0,,,,,,,,,,,,,,,,,,,,,,,,
swa_maxprob,0.01988,0.0024038,0.820548,0.0309241,0.38,0.485386,0.0115884,0.00205417,0.753492,0.0348662,0,0,0.0199089,0.0024105,0.820772,0.0309205,0.4,0.489898,0.0101696,0.00204233,0.737148,0.0369501,0,0,0.0111207,0.00197192,0.749172,0.0354117,0,0,0.00426736,0.000961682,0.617124,0.037299,0,0,0.00416049,0.00103964,0.607516,0.0455103,0,0,0.013484,0.00229483,0.76876,0.0389659,0,0,0,0,0.03854,0.00838029,0,0
