criterion,emp r*=0.01_mean,emp r*=0.01_std,sgr r*=0.01_mean,sgr r*=0.01_std,cov r*=0.01_mean,cov r*=0.01_std,LTT Bonf r*=0.01_mean,LTT Bonf r*=0.01_std,LTT FS r*=0.01_mean,LTT FS r*=0.01_std,Chow raw r*=0.01_mean,Chow raw r*=0.01_std,Chow TS r*=0.01_mean,Chow TS r*=0.01_std,Conf LAC r*=0.01_mean,Conf LAC r*=0.01_std,Conf APS r*=0.01_mean,Conf APS r*=0.01_std,emp r*=0.03_mean,emp r*=0.03_std,sgr r*=0.03_mean,sgr r*=0.03_std,cov r*=0.03_mean,cov r*=0.03_std,LTT Bonf r*=0.03_mean,LTT Bonf r*=0.03_std,LTT FS r*=0.03_mean,LTT FS r*=0.03_std,Chow raw r*=0.03_mean,Chow raw r*=0.03_std,Chow TS r*=0.03_mean,Chow TS r*=0.03_std,Conf LAC r*=0.03_mean,Conf LAC r*=0.03_std,Conf APS r*=0.03_mean,Conf APS r*=0.03_std,emp r*=0.05_mean,emp r*=0.05_std,sgr r*=0.05_mean,sgr r*=0.05_std,cov r*=0.05_mean,cov r*=0.05_std,LTT Bonf r*=0.05_mean,LTT Bonf r*=0.05_std,LTT FS r*=0.05_mean,LTT FS r*=0.05_std,Chow raw r*=0.05_mean,Chow raw r*=0.05_std,Chow TS r*=0.05_mean,Chow TS r*=0.05_std,Conf LAC r*=0.05_mean,Conf LAC r*=0.05_std,Conf APS r*=0.05_mean,Conf APS r*=0.05_std
sr_base,0.14122,0.099404,0.012476,0.018201,0.14154,0.0995883,0.014976,0.0284755,0.0222,0.0376582,0.247344,0.123616,2e-05,8.24621e-05,0.114624,0.0927779,0.041556,0.0340941,0.478808,0.106749,0.307664,0.124477,0.479884,0.106907,0.275172,0.122882,0.2947,0.125214,0.383656,0.11697,0.121004,0.0998349,0.41042,0.113796,0.065228,0.0521524,0.784236,0.0682426,0.609952,0.0924701,0.785576,0.0677818,0.562744,0.094931,0.58108,0.0990536,0.45646,0.108839,0.206316,0.124155,0.754564,0.0686365,0.07446,0.0590074
sr_dropout,0.081024,0.0231586,0.022548,0.00654007,0.081428,0.0232438,0.016232,0.00594903,0.021172,0.00615948,0.143016,0.0389154,0.000248,0.000336,0.062912,0.0173335,8e-06,3.91918e-05,0.442388,0.0851383,0.2799,0.0831728,0.4439,0.0853363,0.2425,0.0764159,0.262172,0.0817209,0.290876,0.0646286,0.035016,0.00582146,0.385136,0.0844951,0.00014,0.000200998,0.778272,0.0515607,0.587692,0.0714778,0.779796,0.0515676,0.526908,0.0820231,0.556988,0.0739412,0.372508,0.0674964,0.098344,0.027187,0.761128,0.0535412,0.0004,0.000379473
mc_maxprob,0.170144,0.0362905,0.06088,0.0198992,0.170552,0.0363023,0.044304,0.014947,0.057644,0.0183468,0.012824,0.00474277,0.012984,0.00481129,0.089512,0.0227955,7.2e-05,0.000124964,0.50774,0.0398724,0.344256,0.0430112,0.508808,0.0397419,0.309304,0.0458489,0.326828,0.0445875,0.053496,0.0192282,0.054392,0.0188494,0.407844,0.0434566,0.000288,0.000307662,0.784992,0.0435311,0.621616,0.0528783,0.786164,0.0431579,0.579756,0.0544459,0.600192,0.0534104,0.089804,0.0283633,0.091124,0.0275542,0.77024,0.0334661,0.000528,0.000426633
mc_total,0.161496,0.0388332,0.056284,0.0197342,0.161844,0.0387159,0.041064,0.0151659,0.053052,0.0186296,,,,,,,,,0.434912,0.066096,0.316812,0.0570439,0.435608,0.066138,0.285228,0.0563488,0.302188,0.0546384,,,,,,,,,0.74396,0.0742673,0.55504,0.0827316,0.74528,0.074241,0.508144,0.0786858,0.53454,0.0799746,,,,,,,,
mc_aleatoric,0.124692,0.0324148,0.042304,0.015168,0.124884,0.0324755,0.031136,0.0110201,0.039948,0.014012,,,,,,,,,0.33626,0.0669887,0.239976,0.0501681,0.336868,0.0670458,0.217292,0.0486787,0.227952,0.0481295,,,,,,,,,0.647592,0.0832719,0.452252,0.0807035,0.64926,0.0834109,0.40756,0.0732382,0.431072,0.0743018,,,,,,,,
mc_epistemic,0.224288,0.0386059,0.089396,0.0281124,0.22482,0.0387422,0.066124,0.0247336,0.083576,0.027918,,,,,,,,,0.62524,0.0659491,0.458244,0.0631101,0.626044,0.065902,0.414564,0.0639913,0.436292,0.0565121,,,,,,,,,0.879384,0.0525886,0.741716,0.0628857,0.880444,0.0519899,0.703932,0.0674616,0.725572,0.0641803,,,,,,,,
mc_variance,0.218276,0.0386916,0.088816,0.0252181,0.219028,0.0387788,0.068668,0.0258284,0.084948,0.0254714,,,,,,,,,0.700152,0.0472678,0.469432,0.0511196,0.7016,0.0475379,0.409484,0.0537433,0.440612,0.0527276,,,,,,,,,0.929324,0.0284228,0.826388,0.0445869,0.929752,0.0282804,0.782964,0.0486805,0.802456,0.0493963,,,,,,,,
ens_maxprob,0.15588,0.0126353,0.04002,0.00881791,0.15644,0.012736,0.02864,0.0072182,0.03878,0.00801471,0.05318,0.00181648,0.01302,0.00217338,0.08242,0.00829865,0.0134,0.00192873,0.5686,0.0335546,0.40168,0.0247879,0.56988,0.0333926,0.35538,0.0358744,0.38052,0.022617,0.12394,0.00421336,0.0533,0.00422019,0.51482,0.0343793,0.01686,0.00134774,0.92792,0.0381496,0.72402,0.0301069,0.93044,0.0382555,0.67012,0.0352155,0.69698,0.0362565,0.1725,0.00479354,0.09182,0.00457511,0.89222,0.00590014,0.0187,0.00171172
ens_total,0.1445,0.0144754,0.039,0.00895589,0.14506,0.0145742,0.02666,0.00721168,0.0363,0.00785277,,,,,,,,,0.49986,0.0120682,0.36686,0.0210476,0.50098,0.0117648,0.31322,0.0276215,0.3544,0.0219042,,,,,,,,,0.90146,0.0535283,0.6222,0.0422089,0.9035,0.0541965,0.56004,0.0430526,0.60228,0.0501232,,,,,,,,
ens_aleatoric,0.12876,0.0129821,0.03858,0.00790769,0.1292,0.0130206,0.0278,0.00705691,0.03672,0.00680423,,,,,,,,,0.45296,0.0298319,0.29356,0.0160401,0.45462,0.0299059,0.25532,0.0183511,0.27402,0.0170098,,,,,,,,,0.89316,0.0549709,0.62064,0.0333729,0.89634,0.0554581,0.55274,0.0286315,0.5937,0.0481058,,,,,,,,
ens_epistemic,0.13686,0.00992937,0.03416,0.009229,0.13742,0.00993638,0.01994,0.00655076,0.03018,0.0109601,,,,,,,,,0.55316,0.0416206,0.3834,0.0235657,0.55394,0.0412706,0.3392,0.034278,0.36224,0.0266512,,,,,,,,,0.92636,0.042213,0.70426,0.0451568,0.92692,0.0424273,0.65242,0.0497688,0.68126,0.0495002,,,,,,,,
finetune_maxprob,0.089752,0.0371792,0.019084,0.011936,0.09,0.0372225,0.01412,0.00883013,0.018796,0.0107018,0.143192,0.0461772,0.000148,0.000298824,0.061908,0.0323313,0.002112,0.00163323,0.470468,0.080365,0.287732,0.0658514,0.471416,0.0802814,0.248144,0.0675582,0.271256,0.0683213,0.294592,0.0678048,0.047292,0.0148945,0.394828,0.0701138,0.005388,0.00326274,0.772964,0.0607301,0.597596,0.0758287,0.774412,0.0606768,0.551344,0.0799139,0.575316,0.0813256,0.376788,0.068695,0.115076,0.042511,0.758296,0.0591784,0.007696,0.00366786
swag_maxprob,0.034396,0.0243721,0.003484,0.00366324,0.034576,0.0245446,0.001912,0.00258771,0.003204,0.00343849,3.2e-05,7.33212e-05,0.001144,0.000567154,0.014304,0.00932663,0,0,0.34704,0.0815045,0.168348,0.0683511,0.347864,0.0816022,0.138048,0.0604518,0.156584,0.0659786,0.000652,0.000317011,0.006764,0.00193192,0.301504,0.0880946,0,0,0.630948,0.0942412,0.467592,0.096822,0.63218,0.094269,0.421108,0.0920242,0.447484,0.0963452,0.002108,0.000734531,0.023052,0.0111493,0.629728,0.101099,0,0
swag_total,0.019628,0.0102973,0.002828,0.00331904,0.019704,0.0103575,0.001624,0.00248697,0.00276,0.00321845,,,,,,,,,0.160192,0.07246,0.082924,0.0449183,0.160532,0.0725194,0.06914,0.0378998,0.077124,0.0427943,,,,,,,,,0.448752,0.110397,0.2528,0.0899106,0.449868,0.110243,0.214484,0.0871008,0.23968,0.0907205,,,,,,,,
swag_aleatoric,0.013364,0.00532702,0.00246,0.00271124,0.013412,0.00533418,0.001488,0.00210871,0.00238,0.00258588,,,,,,,,,0.111504,0.0532571,0.051924,0.0260026,0.1118,0.0533731,0.042616,0.0207244,0.048804,0.0239689,,,,,,,,,0.353624,0.12244,0.177664,0.0772296,0.354788,0.122708,0.151684,0.0695252,0.167176,0.0750036,,,,,,,,
swag_epistemic,0.115064,0.0654365,0.012628,0.0186576,0.115524,0.0655385,0.006548,0.0110866,0.011692,0.0179663,,,,,,,,,0.495964,0.081777,0.315692,0.0695399,0.496816,0.0818922,0.277,0.0742447,0.300036,0.0689245,,,,,,,,,0.755868,0.07302,0.61106,0.0823345,0.756364,0.0730408,0.573276,0.0827005,0.598456,0.0818885,,,,,,,,
laplace_maxprob,0.149564,0.100081,0.029036,0.0483915,0.14988,0.100258,0.017572,0.0310922,0.029344,0.0455577,0.195488,0.121217,0.000804,0.002228,0.120512,0.0962337,0.036928,0.0305219,0.484948,0.104884,0.316308,0.12278,0.485892,0.104898,0.283544,0.123202,0.303904,0.12506,0.316676,0.123245,0.128336,0.104645,0.413128,0.112725,0.055836,0.0456766,0.781756,0.0673045,0.609396,0.0913565,0.783036,0.0668855,0.563308,0.0949514,0.58482,0.0975211,0.383688,0.11725,0.2029,0.12337,0.758888,0.0675043,0.062876,0.0512086
laplace_total,0.145,0.0980805,0.015944,0.0196505,0.145268,0.0981323,0.012784,0.0176027,0.021472,0.0347756,,,,,,,,,0.470944,0.108031,0.31162,0.12449,0.472052,0.107924,0.27592,0.125365,0.296908,0.127382,,,,,,,,,0.736456,0.0864398,0.58644,0.0979359,0.737656,0.086326,0.542636,0.100464,0.561072,0.100911,,,,,,,,
laplace_aleatoric,0.143716,0.0979584,0.015224,0.0195335,0.143996,0.0979401,0.012468,0.0171497,0.019332,0.0318328,,,,,,,,,0.466352,0.10908,0.3082,0.124207,0.467508,0.108876,0.273,0.125524,0.295388,0.128348,,,,,,,,,0.726832,0.09143,0.58108,0.0988044,0.727824,0.0912534,0.538428,0.101875,0.555696,0.100047,,,,,,,,
laplace_epistemic,0.155716,0.0954154,0.021756,0.0587824,0.1561,0.0954434,0.013908,0.0368575,0.04034,0.0695699,,,,,,,,,0.49154,0.103178,0.330704,0.124153,0.492556,0.103019,0.297084,0.124403,0.313548,0.129461,,,,,,,,,0.781624,0.0704121,0.6114,0.0919113,0.783128,0.0696562,0.564396,0.0978051,0.586924,0.0964315,,,,,,,,
gda_density,0.055108,0.0298017,0.002784,0.00403819,0.05566,0.0301498,0.001264,0.00164265,0.002604,0.00348952,,,,,,,,,0.549516,0.10001,0.36176,0.117016,0.550424,0.0999465,0.307912,0.117046,0.337116,0.12115,,,,,,,,,0.823256,0.051298,0.668208,0.0792135,0.824396,0.0510615,0.629752,0.0853759,0.646056,0.0841159,,,,,,,,
ddu_maxprob,0.089472,0.04797,0.008308,0.00474387,0.089836,0.0480655,0.004972,0.00357503,0.007844,0.00450853,0.05048,0.0307583,0.000516,0.000499744,0.057316,0.0348797,0,0,0.426684,0.0810059,0.278612,0.08384,0.427516,0.0811792,0.247484,0.0833625,0.26408,0.0808681,0.183552,0.0765788,0.019992,0.00945702,0.355848,0.0682819,1.6e-05,5.42586e-05,0.678816,0.0753225,0.533108,0.0741372,0.679676,0.0754797,0.492328,0.0791336,0.513576,0.076875,0.26534,0.084485,0.073008,0.0407547,0.64758,0.0504236,3.2e-05,8.35225e-05
ddu_density,0.012368,0.00969374,0,0,0.012452,0.00979378,0,0,0,0,,,,,,,,,0.39802,0.0973152,0.100208,0.0814363,0.398604,0.0970573,0.08224,0.063383,0.122048,0.0687435,,,,,,,,,0.686088,0.0562016,0.533656,0.0758932,0.686776,0.0561936,0.49222,0.0788055,0.51544,0.0807292,,,,,,,,
vbll_maxprob,0.045764,0.030941,0.003956,0.00534824,0.046032,0.0311393,0.003068,0.00430973,0.004548,0.00517499,0.011924,0.00378077,0.000528,0.000997405,0.0325,0.0145121,0.000244,0.000414324,0.380816,0.119875,0.222796,0.0998817,0.381644,0.119877,0.186288,0.0944144,0.2088,0.0969824,0.093512,0.0414376,0.024044,0.0136059,0.324644,0.101036,0.000484,0.000689452,0.657236,0.0978532,0.494224,0.112673,0.658176,0.0978586,0.454272,0.114629,0.473972,0.1157,0.175412,0.0639206,0.07344,0.0420988,0.630592,0.110465,0.001008,0.00121059
vbll_total,0.043324,0.0296685,0.003756,0.00521985,0.043524,0.0297991,0.003032,0.00423629,0.004732,0.00499962,,,,,,,,,0.34566,0.122779,0.207212,0.100215,0.346296,0.122638,0.16966,0.0911359,0.19184,0.0967655,,,,,,,,,0.580628,0.103983,0.45776,0.114468,0.581756,0.103854,0.416868,0.120557,0.440176,0.114249,,,,,,,,
vbll_aleatoric,0.043316,0.0296523,0.003752,0.0052113,0.043516,0.0297736,0.003032,0.00423629,0.004732,0.00499962,,,,,,,,,0.345556,0.122719,0.207196,0.100228,0.346172,0.122676,0.169608,0.0911555,0.191796,0.096744,,,,,,,,,0.580392,0.104021,0.457776,0.114575,0.5816,0.103948,0.41668,0.12052,0.439984,0.114204,,,,,,,,
vbll_epistemic,0.045896,0.0303431,0.004456,0.00569871,0.0461,0.0305546,0.003004,0.00455833,0.004308,0.00551249,,,,,,,,,0.376652,0.118829,0.222228,0.101151,0.377612,0.118754,0.184204,0.0930202,0.206196,0.0997854,,,,,,,,,0.637848,0.104578,0.487124,0.111977,0.638768,0.104562,0.446092,0.116349,0.463716,0.113768,,,,,,,,
sngp_maxprob,0.025048,0.0103046,0,0,0.025104,0.010346,0,0,3.2e-05,0.000224,0,0,0,0,0.018536,0.0110309,0.013348,0.00772361,0.324436,0.0893902,0.143808,0.0441682,0.325384,0.089452,0.114036,0.0374023,0.1344,0.0423548,0,0,0.017172,0.008992,0.245852,0.0432718,0.022248,0.010652,0.62298,0.0860912,0.457484,0.0964513,0.624144,0.0858406,0.408184,0.100323,0.436088,0.0953168,0.018088,0.00429142,0.109364,0.0278785,0.590944,0.0569201,0.024936,0.0110265
sngp_ds,0.029016,0.0111902,0,0,0.029116,0.0112645,0,0,0,0,,,,,,,,,0.30346,0.113712,0.149688,0.055472,0.3042,0.113998,0.118808,0.0453005,0.137352,0.05222,,,,,,,,,0.552628,0.157473,0.423168,0.159655,0.553444,0.157616,0.379676,0.148403,0.407008,0.154572,,,,,,,,
dropout_scratch_sr,0.128396,0.0382849,0.023124,0.0232145,0.128732,0.0383155,0.014096,0.0177872,0.024216,0.0198983,0.251308,0.037469,0.000408,0.000652331,0.106812,0.0382514,0.004972,0.00367413,0.48594,0.051767,0.318664,0.0475868,0.487152,0.0518069,0.278928,0.044222,0.301112,0.0511429,0.399576,0.0341606,0.088836,0.0317988,0.406628,0.0564193,0.012816,0.00738841,0.792344,0.0417898,0.609896,0.049663,0.793152,0.0416561,0.561884,0.0513847,0.582156,0.0490661,0.477008,0.0318354,0.180076,0.0374504,0.747064,0.0401816,0.01844,0.00952
dropout_scratch_maxprob,0.194864,0.0356189,0.091396,0.0343451,0.195272,0.0357652,0.070004,0.0331331,0.0868,0.0325126,0.036872,0.00869407,0.028464,0.00780425,0.119104,0.0277784,0.002444,0.00123372,0.5314,0.0619284,0.380252,0.0550105,0.532244,0.0620362,0.342564,0.0531206,0.365712,0.0558381,0.093112,0.0169765,0.07978,0.0172273,0.429484,0.0514335,0.0048,0.00232689,0.806036,0.0467545,0.65302,0.0542933,0.8073,0.0465343,0.605596,0.0614151,0.631196,0.0595851,0.137012,0.023662,0.120736,0.0239174,0.759028,0.0428912,0.006756,0.00273446
dropout_scratch_total,0.188172,0.036702,0.088088,0.0333966,0.1885,0.0367678,0.067644,0.0325036,0.08486,0.03255,,,,,,,,,0.475512,0.056099,0.355008,0.0570381,0.476492,0.0563311,0.319596,0.0545401,0.3399,0.0566637,,,,,,,,,0.783212,0.0646385,0.587732,0.0647426,0.784352,0.0646432,0.539076,0.0714591,0.563484,0.0637397,,,,,,,,
dropout_scratch_aleatoric,0.15668,0.028788,0.072748,0.0268455,0.15706,0.0287435,0.057248,0.0267449,0.070296,0.0265839,,,,,,,,,0.405588,0.0488469,0.297628,0.0454718,0.406396,0.0489037,0.27336,0.0434579,0.283804,0.0448357,,,,,,,,,0.702268,0.0649022,0.512484,0.0484825,0.703428,0.065119,0.473396,0.0487674,0.487492,0.0488825,,,,,,,,
dropout_scratch_epistemic,0.228884,0.0518701,0.107856,0.0410589,0.229364,0.0519456,0.081412,0.0379963,0.102788,0.0400329,,,,,,,,,0.586724,0.0764813,0.43078,0.0749316,0.58762,0.0764446,0.386244,0.0690262,0.412812,0.0729646,,,,,,,,,0.864476,0.0505981,0.70056,0.0692514,0.865432,0.0507424,0.66032,0.0745637,0.68418,0.0670689,,,,,,,,
masksembles_maxprob,0.00448,0.00158493,0.000164,0.000411223,0.004492,0.00158403,0.000148,0.000319525,0.000372,0.000521552,,,,,,,,,0.093008,0.0451178,0.028856,0.0151175,0.09338,0.0452206,0.02168,0.0115179,0.027356,0.0140111,,,,,,,,,0.287092,0.0969321,0.158824,0.0713069,0.287432,0.0969972,0.133696,0.0615446,0.150816,0.0688678,,,,,,,,
masksembles_total,0.004148,0.0016054,0.000136,0.000321098,0.004168,0.00161659,0.000128,0.000290544,0.000328,0.000428504,,,,,,,,,0.069456,0.0320686,0.022764,0.00997939,0.069656,0.0321881,0.01712,0.0073513,0.021056,0.00879036,,,,,,,,,0.181544,0.0762552,0.109448,0.0505577,0.181992,0.0765308,0.09564,0.0455845,0.103412,0.0487192,,,,,,,,
masksembles_aleatoric,0.004076,0.00153096,0.000152,0.000336,0.004084,0.00153784,0.00012,0.00026533,0.0003,0.000390384,,,,,,,,,0.059572,0.0296933,0.020776,0.0090436,0.0598,0.0298058,0.015704,0.00620493,0.019436,0.00826014,,,,,,,,,0.160144,0.0767624,0.094036,0.0478488,0.160512,0.077048,0.080728,0.0402391,0.088544,0.0453309,,,,,,,,
masksembles_epistemic,0.006888,0.00274522,0.000296,0.0007269,0.0069,0.00274816,0.00024,0.000493153,0.000404,0.000704829,,,,,,,,,0.102732,0.0187819,0.033356,0.0102007,0.103092,0.018907,0.024904,0.0075762,0.030948,0.00947576,,,,,,,,,0.269104,0.0412884,0.154716,0.029559,0.269716,0.0413487,0.13328,0.025222,0.14798,0.029124,,,,,,,,
swa_maxprob,0.020664,0.0114541,0.003384,0.00405795,0.020764,0.0116961,0.002156,0.00325461,0.003296,0.00406236,0.000628,0.000436367,0.000644,0.00057729,0.01214,0.00745431,0,0,0.289904,0.109798,0.12354,0.067905,0.290904,0.109733,0.095976,0.0555085,0.113052,0.0631078,0.008124,0.00217215,0.007448,0.00276653,0.235344,0.100165,0,0,0.615308,0.104452,0.43192,0.117524,0.616276,0.104263,0.3836,0.117607,0.411152,0.117398,0.020136,0.00572216,0.018752,0.006793,0.57724,0.117093,0,0
