severity,criterion,emp risk_mean,emp risk_std,emp cov_mean,emp cov_std,sgr risk_mean,sgr risk_std,sgr cov_mean,sgr cov_std,cov risk_mean,cov risk_std,cov cov_mean,cov cov_std,LTT Bonf risk_mean,LTT Bonf risk_std,LTT Bonf cov_mean,LTT Bonf cov_std,LTT FS risk_mean,LTT FS risk_std,LTT FS cov_mean,LTT FS cov_std,Chow raw risk_mean,Chow raw risk_std,Chow raw cov_mean,Chow raw cov_std,Chow TS risk_mean,Chow TS risk_std,Chow TS cov_mean,Chow TS cov_std,Conf LAC risk_mean,Conf LAC risk_std,Conf LAC cov_mean,Conf LAC cov_std,Conf APS risk_mean,Conf APS risk_std,Conf APS cov_mean,Conf APS cov_std
1,sr_base,0.190491,0.0167656,0.760504,0.0171385,0.152241,0.0173969,0.668368,0.0168692,0.190703,0.0167237,0.761004,0.017044,0.143608,0.0176229,0.64736,0.0184172,0.149018,0.0166595,0.660592,0.0176106,0.169915,0.0155767,0.71112,0.00681657,0.094368,0.0126746,0.498104,0.0136055,0.174544,0.0163839,0.71954,0.0173788,0.163462,0.0342649,0.137356,0.0213397
1,sr_dropout,0.188183,0.0248519,0.760392,0.0169533,0.153538,0.0211358,0.68002,0.018305,0.188436,0.0248912,0.761048,0.0169002,0.14499,0.0200132,0.658464,0.0228832,0.14947,0.021023,0.669788,0.0192885,0.156465,0.0201771,0.686756,0.0114164,0.07492,0.0143413,0.472928,0.0197745,0.174766,0.0227641,0.723916,0.0213242,0.0159108,0.012136,0.023148,0.00430791
1,mc_maxprob,0.196047,0.022061,0.731496,0.0183369,0.155862,0.0211219,0.63708,0.0192427,0.196277,0.022092,0.732064,0.0182671,0.147096,0.0219732,0.615648,0.0178864,0.151383,0.0209288,0.626264,0.0210149,0.0578163,0.0115275,0.388624,0.0218362,0.058593,0.0115772,0.390372,0.0221208,0.180988,0.022876,0.676528,0.0256192,0.0106014,0.00933799,0.024812,0.00557586
1,mc_total,0.173365,0.0219154,0.684756,0.0169691,0.145409,0.0202759,0.618536,0.0190385,0.173523,0.0219581,0.685116,0.0169371,0.137281,0.019808,0.5992,0.0194999,0.141476,0.0198693,0.609448,0.0202576,,,,,,,,,,,,,,,,
1,mc_aleatoric,0.173375,0.0229041,0.6856,0.0162732,0.142319,0.0191762,0.614164,0.0198484,0.173587,0.0229032,0.686036,0.0163038,0.133676,0.019029,0.594328,0.0209571,0.137822,0.0192369,0.604212,0.0189862,,,,,,,,,,,,,,,,
1,mc_epistemic,0.181526,0.0225856,0.6918,0.0216333,0.148256,0.0223347,0.6154,0.016635,0.181781,0.0225934,0.692364,0.021525,0.14047,0.0219534,0.5975,0.0170657,0.14423,0.0214313,0.606512,0.0179578,,,,,,,,,,,,,,,,
1,mc_variance,0.205818,0.0225693,0.721944,0.019037,0.159846,0.0223052,0.63232,0.0196657,0.206106,0.0225217,0.72258,0.0193053,0.149293,0.0217585,0.609668,0.0210901,0.154656,0.0222283,0.621656,0.0201078,,,,,,,,,,,,,,,,
1,ens_maxprob,0.185446,0.00535791,0.79318,0.0177767,0.151275,0.00564742,0.7109,0.017184,0.185596,0.00529323,0.79384,0.0176773,0.142485,0.00610615,0.68758,0.0183217,0.146998,0.00454159,0.69924,0.0150255,0.0966679,0.00466018,0.56174,0.00477162,0.0731412,0.00378244,0.5012,0.00622383,0.180249,0.00860759,0.7652,0.0239103,0.0777524,0.00628213,0.1461,0.0033541
1,ens_total,0.174103,0.00261984,0.77166,0.00923777,0.147058,0.0056074,0.7042,0.0113222,0.1742,0.00266608,0.77192,0.00911754,0.137413,0.00625489,0.67732,0.0158162,0.14503,0.00583548,0.69838,0.0134484,,,,,,,,,,,,,,,,
1,ens_aleatoric,0.178038,0.00577673,0.77208,0.0132946,0.14477,0.00388367,0.69146,0.00803794,0.178283,0.00580664,0.77292,0.0133636,0.13611,0.00639543,0.67014,0.00945222,0.140519,0.00455561,0.68042,0.0105979,,,,,,,,,,,,,,,,
1,ens_epistemic,0.180038,0.00770103,0.76332,0.0197661,0.143526,0.00488926,0.68528,0.0101221,0.180228,0.00778659,0.76362,0.0197671,0.136185,0.00557629,0.66662,0.0153134,0.140097,0.00480052,0.67674,0.0113462,,,,,,,,,,,,,,,,
1,finetune_maxprob,0.193132,0.02234,0.766544,0.0163282,0.15386,0.0170771,0.676852,0.0226774,0.193376,0.022368,0.767044,0.0162768,0.144849,0.0172518,0.655076,0.023511,0.15028,0.0176993,0.667744,0.021788,0.155498,0.0186028,0.680644,0.012187,0.0831615,0.0118322,0.477724,0.0190027,0.173614,0.0188738,0.716768,0.0228185,0.0819483,0.0278429,0.074404,0.0116556
1,swag_maxprob,0.185716,0.106078,0.637528,0.0471633,0.149848,0.102066,0.543484,0.0594722,0.185823,0.106045,0.637856,0.0472284,0.143157,0.101179,0.524836,0.0598614,0.147316,0.102065,0.536308,0.0599688,0.0408083,0.0570369,0.192136,0.026509,0.0759016,0.082188,0.33066,0.0460179,0.164094,0.101114,0.553956,0.0824288,0.0115198,0.0205721,0.014472,0.00347442
1,swag_total,0.163487,0.104413,0.58084,0.0399406,0.13775,0.103747,0.508624,0.04406,0.163601,0.104444,0.581128,0.0398683,0.132438,0.103047,0.49274,0.0461018,0.13582,0.104182,0.502008,0.043407,,,,,,,,,,,,,,,,
1,swag_aleatoric,0.168335,0.106531,0.606156,0.0325407,0.139031,0.10574,0.52482,0.0348726,0.168413,0.106488,0.606448,0.0325498,0.13239,0.104994,0.505872,0.035135,0.13708,0.105793,0.51948,0.0337644,,,,,,,,,,,,,,,,
1,swag_epistemic,0.172291,0.100243,0.512168,0.065592,0.136282,0.0948387,0.433096,0.0657581,0.172515,0.100238,0.512592,0.0656485,0.128622,0.0930977,0.416972,0.0649078,0.133105,0.0950919,0.426116,0.0634678,,,,,,,,,,,,,,,,
1,laplace_maxprob,0.188047,0.0167494,0.755256,0.0188109,0.149973,0.0170298,0.663268,0.0181352,0.188284,0.0167855,0.75572,0.0188031,0.142088,0.0168818,0.642776,0.0195104,0.147012,0.0164725,0.65598,0.0191881,0.15021,0.0145665,0.663932,0.00938037,0.0936652,0.0126744,0.496124,0.0134562,0.171505,0.0174004,0.712168,0.0197807,0.154394,0.0336419,0.118176,0.0184103
1,laplace_total,0.185651,0.0165483,0.751144,0.0177953,0.149498,0.0165279,0.66258,0.0169241,0.185924,0.0165106,0.75178,0.0177812,0.140759,0.0174372,0.639624,0.0187463,0.145995,0.016166,0.653648,0.0184192,,,,,,,,,,,,,,,,
1,laplace_aleatoric,0.186104,0.0165736,0.752756,0.0173963,0.149577,0.016593,0.663176,0.0167861,0.18635,0.0165565,0.753308,0.0174365,0.140764,0.0173582,0.640092,0.0186612,0.146429,0.0165823,0.655276,0.0172303,,,,,,,,,,,,,,,,
1,laplace_epistemic,0.183069,0.0173711,0.742232,0.0196717,0.147478,0.0173317,0.655368,0.017382,0.183308,0.0173939,0.742772,0.0196308,0.139572,0.0167007,0.63426,0.0184481,0.143627,0.0176109,0.644988,0.0175874,,,,,,,,,,,,,,,,
1,gda_density,0.151164,0.0202771,0.68088,0.0214114,0.113859,0.0134132,0.59494,0.0172265,0.151422,0.0202689,0.68142,0.0213056,0.10661,0.0122938,0.575408,0.0201451,0.110849,0.0130536,0.58652,0.0181384,,,,,,,,,,,,,,,,
1,ddu_maxprob,0.169748,0.0249127,0.72004,0.0183538,0.135041,0.025211,0.640212,0.0213501,0.16995,0.0249108,0.720412,0.0183613,0.127939,0.0254127,0.622052,0.022464,0.131852,0.0260471,0.631956,0.0241577,0.111924,0.0265255,0.58032,0.0111908,0.0589103,0.0240358,0.428564,0.0207956,0.150816,0.0242471,0.66838,0.026967,0.0278085,0.0278307,0.019548,0.00688776
1,ddu_density,0.119959,0.0178987,0.580532,0.0261593,0.0819473,0.0284535,0.391636,0.189227,0.120004,0.0179563,0.580764,0.0261501,0.0816241,0.0196424,0.393856,0.164184,0.0851146,0.0187457,0.448492,0.104204,,,,,,,,,,,,,,,,
1,vbll_maxprob,0.166071,0.0165027,0.737412,0.0208104,0.132581,0.0152217,0.656408,0.0203093,0.166201,0.0165267,0.737796,0.0207996,0.123954,0.0140346,0.63566,0.0197575,0.129395,0.0156789,0.6488,0.020854,0.101199,0.0159271,0.578256,0.015645,0.0680397,0.0164738,0.471916,0.0170559,0.151454,0.0168954,0.693256,0.0200408,0.0544847,0.0672702,0.04198,0.0257836
1,vbll_total,0.160486,0.0154335,0.72758,0.0181757,0.130522,0.0144395,0.653132,0.0185417,0.160611,0.0154443,0.727884,0.018138,0.120918,0.015113,0.630192,0.0199778,0.126813,0.0147186,0.644504,0.0203391,,,,,,,,,,,,,,,,
1,vbll_aleatoric,0.160461,0.0153982,0.727552,0.0181191,0.13053,0.0144592,0.653148,0.0185383,0.160623,0.0154597,0.72788,0.0181275,0.120905,0.015111,0.63016,0.0199662,0.126784,0.0146984,0.644468,0.0203328,,,,,,,,,,,,,,,,
1,vbll_epistemic,0.165031,0.0163556,0.735444,0.0185566,0.132037,0.0151682,0.655404,0.0195269,0.165226,0.016436,0.736016,0.0185754,0.123019,0.0150227,0.633728,0.0197869,0.128253,0.0155189,0.646308,0.021427,,,,,,,,,,,,,,,,
1,sngp_maxprob,0.172619,0.0233735,0.709716,0.0224163,0.136726,0.0223464,0.623912,0.0219744,0.172812,0.0234405,0.710164,0.0224122,0.128988,0.0216539,0.605376,0.0242832,0.134327,0.0222486,0.61828,0.0218286,,,0,0,0.0865007,0.0200222,0.46438,0.0310943,0.160637,0.0225957,0.676496,0.01906,0.0770436,0.0291282,0.376756,0.0578475
1,sngp_ds,0.160287,0.0208434,0.682612,0.0191339,0.131631,0.0198313,0.61206,0.0218864,0.160419,0.0209287,0.682836,0.019137,0.123912,0.0190007,0.592964,0.0241722,0.128624,0.0197933,0.60484,0.0233581,,,,,,,,,,,,,,,,
1,swa_maxprob,0.212014,0.100981,0.670968,0.0487281,0.174947,0.0998263,0.580632,0.0550225,0.212164,0.100959,0.671444,0.0486948,0.165401,0.0993036,0.558692,0.0569788,0.171452,0.100066,0.572888,0.0550953,0.0960678,0.0966978,0.382328,0.0455025,0.0928803,0.0916767,0.376168,0.0485485,0.191799,0.0986841,0.6082,0.0613238,0.0144783,0.0254459,0.015012,0.00305821
3,sr_base,0.633486,0.0394944,0.58822,0.0533504,0.587268,0.0527077,0.441612,0.0547827,0.633611,0.0394886,0.589008,0.0533518,0.575364,0.0548122,0.411716,0.055082,0.582638,0.0519484,0.430488,0.0532162,0.610872,0.044552,0.509244,0.0480916,0.499053,0.0714546,0.247016,0.0396999,0.618562,0.0445568,0.525748,0.0586629,0.4911,0.0934301,0.123112,0.0334054
3,sr_dropout,0.588601,0.0552211,0.547728,0.051557,0.540409,0.0634647,0.424456,0.0440363,0.58886,0.0552719,0.54872,0.0515923,0.5266,0.0650348,0.393996,0.0453661,0.533991,0.0651439,0.410036,0.0464399,0.544828,0.061775,0.4339,0.0425606,0.389075,0.0891989,0.186928,0.0296217,0.573526,0.0569464,0.499652,0.0559023,0.0280826,0.0414532,0.004292,0.0031018
3,mc_maxprob,0.584548,0.0419322,0.51198,0.0523728,0.522695,0.0557596,0.371512,0.0507219,0.584837,0.0418119,0.512816,0.0521548,0.50622,0.0602555,0.34284,0.0494725,0.51474,0.0577091,0.356936,0.0496425,0.280321,0.0901991,0.113172,0.0264611,0.283288,0.0884161,0.113896,0.0257956,0.577736,0.0471866,0.455552,0.0524686,0.0346266,0.0422007,0.002356,0.0014172
3,mc_total,0.532818,0.0519215,0.410344,0.0515547,0.491084,0.0620159,0.331992,0.0498498,0.532974,0.0518695,0.410824,0.0516,0.477069,0.0649219,0.308872,0.0471938,0.484811,0.0631067,0.321108,0.0481001,,,,,,,,,,,,,,,,
3,mc_aleatoric,0.507821,0.0597465,0.378916,0.0636026,0.463959,0.070243,0.301472,0.0545101,0.50813,0.0596911,0.379376,0.0636671,0.451173,0.071338,0.282452,0.0529498,0.457307,0.0708553,0.291884,0.0540611,,,,,,,,,,,,,,,,
3,mc_epistemic,0.58305,0.038837,0.489156,0.0400792,0.522743,0.0541942,0.365044,0.0398651,0.583471,0.0386896,0.490008,0.0399232,0.508122,0.0578254,0.340552,0.0416525,0.515774,0.0545914,0.352856,0.0381764,,,,,,,,,,,,,,,,
3,mc_variance,0.642113,0.0319022,0.605372,0.0376845,0.555628,0.0478761,0.403456,0.0435769,0.642549,0.0317883,0.606952,0.038068,0.532501,0.0525859,0.36502,0.0444707,0.543666,0.0520833,0.385236,0.0473126,,,,,,,,,,,,,,,,
3,ens_maxprob,0.648623,0.00762861,0.6303,0.0310795,0.594408,0.0134834,0.47194,0.0301216,0.648974,0.00754457,0.6312,0.0310453,0.576632,0.0143212,0.4295,0.0309241,0.585862,0.0111785,0.45104,0.0252487,0.460448,0.00733807,0.25266,0.00361226,0.390525,0.0107211,0.1867,0.00729836,0.642417,0.014242,0.59062,0.0471733,0.282993,0.0163961,0.05496,0.0017362
3,ens_total,0.62173,0.00506028,0.55964,0.013176,0.5846,0.0109796,0.45504,0.0189913,0.621874,0.00498756,0.56022,0.0130536,0.563132,0.0139542,0.40496,0.0287586,0.579254,0.0116591,0.44352,0.0216315,,,,,,,,,,,,,,,,
3,ens_aleatoric,0.626295,0.005942,0.57378,0.0250415,0.588366,0.00882361,0.45078,0.0135957,0.626555,0.00604221,0.57472,0.0251665,0.57266,0.0112433,0.41804,0.0163702,0.580713,0.00917472,0.43438,0.0146193,,,,,,,,,,,,,,,,
3,ens_epistemic,0.616031,0.0107264,0.53716,0.0341773,0.57087,0.00862506,0.41504,0.0184832,0.616218,0.0105254,0.53782,0.0341234,0.559361,0.01303,0.38522,0.0232283,0.56622,0.00809871,0.40066,0.0202281,,,,,,,,,,,,,,,,
3,finetune_maxprob,0.630185,0.0412697,0.595728,0.0395719,0.582582,0.0399463,0.450068,0.0391728,0.63046,0.0412726,0.59658,0.0394604,0.569599,0.0412626,0.41956,0.0379444,0.577392,0.0402852,0.436776,0.0369345,0.584885,0.0431471,0.455464,0.0301923,0.449057,0.0515622,0.217376,0.0150934,0.610937,0.0441619,0.520896,0.048305,0.282168,0.0625976,0.052228,0.00584794
3,swag_maxprob,0.603769,0.144338,0.507556,0.135624,0.546511,0.166584,0.386472,0.128711,0.604088,0.14415,0.508124,0.135401,0.532634,0.172312,0.36262,0.125007,0.541289,0.168729,0.377372,0.127465,0.172947,0.202173,0.055832,0.0348294,0.332188,0.216107,0.150132,0.074688,0.59651,0.137781,0.437968,0.118608,0.0359775,0.0636165,0.001792,0.0017568
3,swag_total,0.545843,0.172312,0.407424,0.14929,0.497513,0.190899,0.32998,0.14404,0.545955,0.172318,0.407732,0.149371,0.486984,0.193874,0.312452,0.138757,0.492831,0.193433,0.323212,0.144141,,,,,,,,,,,,,,,,
3,swag_aleatoric,0.534704,0.17179,0.409552,0.13925,0.483416,0.191955,0.322524,0.133373,0.534912,0.171723,0.40994,0.139277,0.468414,0.198492,0.304244,0.1329,0.479274,0.193969,0.317348,0.133844,,,,,,,,,,,,,,,,
3,swag_epistemic,0.623343,0.13055,0.456976,0.145099,0.548417,0.157309,0.32774,0.129476,0.623547,0.130527,0.457612,0.145152,0.527729,0.163841,0.301944,0.123211,0.538881,0.1622,0.317444,0.131122,,,,,,,,,,,,,,,,
3,laplace_maxprob,0.630346,0.0413845,0.578452,0.0592648,0.584476,0.0526973,0.433488,0.056293,0.630537,0.0414053,0.579292,0.0592577,0.572422,0.0566833,0.403904,0.0572833,0.580218,0.0537146,0.42284,0.0560141,0.584437,0.0535464,0.435104,0.0523687,0.494289,0.0756628,0.240676,0.0408474,0.613724,0.0470427,0.512324,0.0637076,0.474718,0.0994615,0.102252,0.0267092
3,laplace_total,0.627027,0.0422102,0.569624,0.0577735,0.582534,0.0543889,0.431432,0.056113,0.627272,0.0421867,0.57056,0.0577054,0.569265,0.0597624,0.398876,0.0592613,0.577474,0.0553916,0.418544,0.0552404,,,,,,,,,,,,,,,,
3,laplace_aleatoric,0.627024,0.0423242,0.571624,0.0575645,0.582279,0.0544146,0.432212,0.0557001,0.627242,0.042272,0.572552,0.0575641,0.569063,0.0592421,0.400012,0.0585906,0.577918,0.0552087,0.421108,0.0551797,,,,,,,,,,,,,,,,
3,laplace_epistemic,0.624687,0.045695,0.555016,0.0662307,0.580278,0.0583213,0.421132,0.0608336,0.625013,0.045536,0.555844,0.0661878,0.569679,0.0588543,0.391052,0.0578176,0.57473,0.0597571,0.406136,0.0600704,,,,,,,,,,,,,,,,
3,gda_density,0.563433,0.0459008,0.406768,0.0385981,0.502424,0.0634719,0.283904,0.037578,0.563797,0.0459742,0.407536,0.0387031,0.490894,0.0651892,0.260804,0.0372869,0.497386,0.0643999,0.273692,0.0372297,,,,,,,,,,,,,,,,
3,ddu_maxprob,0.591047,0.067992,0.525452,0.0794246,0.537707,0.0790039,0.401976,0.069593,0.591259,0.0679442,0.526076,0.0793232,0.52464,0.081247,0.376328,0.0657554,0.531163,0.0802086,0.390152,0.0690577,0.493125,0.0917004,0.321944,0.0643582,0.34826,0.0874665,0.160604,0.0362817,0.564693,0.0687626,0.448172,0.0663089,0.0429717,0.0453535,0.006404,0.00667599
3,ddu_density,0.507595,0.0987466,0.30408,0.0805158,0.391488,0.16803,0.16808,0.089843,0.507766,0.0987474,0.30436,0.0805456,0.408886,0.120481,0.158268,0.0767207,0.423987,0.107487,0.186584,0.0615699,,,,,,,,,,,,,,,,
3,vbll_maxprob,0.59602,0.0449133,0.591984,0.0457309,0.554016,0.0409272,0.470624,0.0340424,0.596151,0.0448759,0.592652,0.0457236,0.541168,0.0414071,0.440316,0.0330583,0.549176,0.0407736,0.45938,0.0328762,0.498472,0.0398235,0.356028,0.0199606,0.405276,0.0411484,0.228292,0.0163527,0.583831,0.0455082,0.538532,0.0432286,0.108778,0.142392,0.020236,0.0217073
3,vbll_total,0.587699,0.0430479,0.570424,0.0390839,0.548618,0.040643,0.461548,0.0325482,0.587856,0.0430373,0.570896,0.0390517,0.53402,0.0403603,0.427796,0.0310027,0.543206,0.0395614,0.448388,0.031664,,,,,,,,,,,,,,,,
3,vbll_aleatoric,0.587668,0.0430707,0.570392,0.0390155,0.548583,0.0406597,0.46154,0.0325126,0.58784,0.0430253,0.570848,0.0389847,0.534011,0.0403322,0.427752,0.0310255,0.543213,0.0395739,0.448344,0.0316695,,,,,,,,,,,,,,,,
3,vbll_epistemic,0.594965,0.0438451,0.587524,0.0403197,0.55322,0.0420154,0.469064,0.0337516,0.595166,0.0438284,0.588308,0.0402507,0.539372,0.0411364,0.436392,0.0309383,0.547615,0.040598,0.454932,0.0328006,,,,,,,,,,,,,,,,
3,sngp_maxprob,0.585532,0.0981998,0.519612,0.0972472,0.528826,0.116084,0.396064,0.0960061,0.585762,0.0981985,0.520288,0.0972429,0.514004,0.119509,0.36956,0.0950886,0.52423,0.117519,0.387944,0.095819,,,0,0,0.417452,0.131589,0.221708,0.0689938,0.573162,0.0991094,0.48198,0.0891625,0.403523,0.13988,0.178676,0.0854473
3,sngp_ds,0.568494,0.101949,0.471516,0.0912739,0.520352,0.115834,0.376344,0.0907078,0.568692,0.101925,0.471948,0.091324,0.506466,0.11753,0.350676,0.0870754,0.514767,0.116268,0.366072,0.0903679,,,,,,,,,,,,,,,,
3,swa_maxprob,0.63479,0.11912,0.534276,0.120562,0.580634,0.137945,0.405,0.105413,0.634991,0.11905,0.534936,0.120598,0.565083,0.142131,0.375344,0.0988056,0.575236,0.139962,0.39478,0.104774,0.372481,0.21675,0.171028,0.0811689,0.367916,0.203438,0.161292,0.0667562,0.618125,0.121135,0.465104,0.106802,0.0378208,0.0684074,0.001624,0.0014264
5,sr_base,0.744144,0.0377165,0.541284,0.0880161,0.709052,0.0515901,0.38574,0.0843232,0.7443,0.0377174,0.542124,0.0879536,0.699309,0.0541151,0.353528,0.0822636,0.705519,0.0513871,0.373996,0.0824294,0.726803,0.0450714,0.457532,0.0853487,0.622746,0.0867335,0.189528,0.0525982,0.733336,0.0424315,0.475992,0.0942959,0.56509,0.0977147,0.101216,0.0377222
5,sr_dropout,0.695814,0.047972,0.474328,0.073104,0.65314,0.0586786,0.342136,0.0641174,0.69607,0.0479627,0.475488,0.0731171,0.640368,0.0608303,0.312652,0.0637754,0.647236,0.0604348,0.32822,0.0659269,0.658891,0.0566809,0.353712,0.0637574,0.518472,0.100935,0.120124,0.0358707,0.683875,0.0516249,0.42302,0.0775309,0.0628699,0.0858394,0.001304,0.00144457
5,mc_maxprob,0.681097,0.0390444,0.441316,0.081509,0.626371,0.055767,0.2952,0.0723375,0.681471,0.0388206,0.442284,0.0813493,0.612764,0.0603381,0.265596,0.0673632,0.619829,0.0585185,0.279908,0.0699468,0.378969,0.132563,0.05746,0.0244069,0.381768,0.130205,0.0576,0.0241057,0.678485,0.0445166,0.389256,0.0704757,0,0,0.000356,0.000630289
5,mc_total,0.630697,0.0532955,0.325968,0.0783202,0.592452,0.0661512,0.250696,0.0714153,0.63093,0.053195,0.326432,0.0783924,0.580762,0.0686756,0.228148,0.066162,0.58758,0.0667404,0.240308,0.0689398,,,,,,,,,,,,,,,,
5,mc_aleatoric,0.601341,0.0639627,0.284016,0.0827258,0.562115,0.0745086,0.21378,0.0713886,0.601621,0.063887,0.284452,0.082824,0.55064,0.0774147,0.196396,0.067353,0.55657,0.0755081,0.204924,0.0691895,,,,,,,,,,,,,,,,
5,mc_epistemic,0.685383,0.0345439,0.44222,0.0812762,0.633609,0.0519724,0.299448,0.0673642,0.685537,0.034431,0.443084,0.0811253,0.619313,0.0579147,0.271712,0.0645595,0.627145,0.054625,0.285448,0.0655757,,,,,,,,,,,,,,,,
5,mc_variance,0.739936,0.0165888,0.601596,0.0638182,0.666075,0.0411634,0.347516,0.0619069,0.740418,0.0163869,0.603384,0.0643235,0.645462,0.0507966,0.30194,0.0634759,0.654828,0.0471538,0.325004,0.0656883,,,,,,,,,,,,,,,,
5,ens_maxprob,0.758163,0.00601637,0.6039,0.0330039,0.715099,0.00767725,0.42422,0.032284,0.758552,0.00590466,0.6051,0.032729,0.702396,0.0100425,0.37648,0.0346423,0.709647,0.0065389,0.40054,0.0282711,0.600469,0.0123782,0.17996,0.00443333,0.526489,0.0135806,0.11734,0.00549913,0.757719,0.0113137,0.57722,0.0576239,0.336327,0.028751,0.03066,0.00140869
5,ens_total,0.734788,0.00421162,0.50936,0.0113069,0.703346,0.0081462,0.39782,0.0205008,0.73489,0.00414218,0.50978,0.0111418,0.684999,0.00787867,0.34492,0.0286383,0.698195,0.00876302,0.3849,0.0239425,,,,,,,,,,,,,,,,
5,ens_aleatoric,0.737331,0.00686135,0.5242,0.0247818,0.706451,0.00589872,0.39072,0.0151241,0.737565,0.00687345,0.5255,0.024705,0.695122,0.00680796,0.35438,0.0170961,0.699986,0.00828136,0.3721,0.0179444,,,,,,,,,,,,,,,,
5,ens_epistemic,0.733622,0.00554257,0.49154,0.0362818,0.6987,0.0072042,0.36106,0.0181432,0.733739,0.00548876,0.49212,0.0361289,0.686163,0.0112974,0.32996,0.0252898,0.692203,0.00688454,0.34592,0.0209661,,,,,,,,,,,,,,,,
5,finetune_maxprob,0.745496,0.0344258,0.567964,0.0531126,0.706191,0.0370294,0.40808,0.0507742,0.745755,0.0344429,0.568908,0.0529959,0.695951,0.0392882,0.37326,0.0493171,0.702031,0.0374678,0.393076,0.0469274,0.707987,0.0392872,0.414208,0.045241,0.585375,0.063219,0.157612,0.0166679,0.730042,0.0385707,0.488864,0.0649441,0.34191,0.0941164,0.032068,0.0049985
5,swag_maxprob,0.711856,0.107094,0.50628,0.201121,0.658531,0.133473,0.378692,0.202023,0.712111,0.10686,0.506804,0.200889,0.642944,0.141073,0.3515,0.198474,0.653272,0.135511,0.368172,0.200271,0.219914,0.226231,0.03484,0.0388137,0.419278,0.21373,0.122384,0.110519,0.708377,0.102698,0.444412,0.185769,0.069363,0.0901162,0.000588,0.00100193
5,swag_total,0.650838,0.141597,0.392388,0.223608,0.599852,0.166684,0.314376,0.218418,0.650949,0.141535,0.392676,0.223682,0.5873,0.171896,0.296044,0.21186,0.594264,0.170468,0.307788,0.218575,,,,,,,,,,,,,,,,
5,swag_aleatoric,0.639601,0.145055,0.383896,0.21179,0.585148,0.172517,0.29738,0.202918,0.639772,0.144924,0.384288,0.211791,0.568937,0.180218,0.278408,0.200765,0.580245,0.17524,0.292084,0.202964,,,,,,,,,,,,,,,,
5,swag_epistemic,0.726242,0.096628,0.493068,0.210027,0.657149,0.127481,0.342872,0.200557,0.726548,0.096465,0.493864,0.209945,0.638381,0.135358,0.31302,0.193675,0.649376,0.131435,0.331084,0.20203,,,,,,,,,,,,,,,,
5,laplace_maxprob,0.742675,0.0405083,0.533328,0.0950276,0.707562,0.0532642,0.37942,0.0871634,0.742879,0.0403796,0.534228,0.0949494,0.697404,0.0567542,0.348224,0.0856499,0.703832,0.0543009,0.368272,0.0864315,0.707418,0.0546501,0.381776,0.0879191,0.621941,0.0901557,0.184356,0.053906,0.731517,0.0447268,0.463888,0.100068,0.550328,0.100313,0.08086,0.0327879
5,laplace_total,0.73923,0.0422842,0.523844,0.0936864,0.70597,0.0544968,0.378012,0.0874951,0.739398,0.0422206,0.524904,0.0935808,0.693722,0.0598522,0.34304,0.0862137,0.700984,0.0556258,0.364204,0.0850375,,,,,,,,,,,,,,,,
5,laplace_aleatoric,0.738872,0.0424179,0.525796,0.0932533,0.705527,0.0550754,0.3784,0.0864612,0.739065,0.0423621,0.52666,0.0932789,0.693618,0.0600775,0.3436,0.0855666,0.701199,0.0560821,0.366356,0.0848264,,,,,,,,,,,,,,,,
5,laplace_epistemic,0.738896,0.0455127,0.510324,0.104264,0.705257,0.055969,0.37002,0.0940739,0.739073,0.0453083,0.511132,0.104136,0.694167,0.0589322,0.337008,0.0887285,0.69931,0.0594761,0.353508,0.0918826,,,,,,,,,,,,,,,,
5,gda_density,0.687816,0.0427487,0.330644,0.0503251,0.640003,0.0614128,0.204032,0.0523054,0.688198,0.042648,0.331624,0.0505591,0.628196,0.0676109,0.18298,0.0510924,0.633536,0.0643533,0.194224,0.0510556,,,,,,,,,,,,,,,,
5,ddu_maxprob,0.703396,0.0645485,0.474848,0.124136,0.654977,0.0828218,0.339756,0.104237,0.70361,0.0644663,0.475556,0.124003,0.641703,0.0862584,0.311852,0.0967339,0.648949,0.0843506,0.3269,0.0999909,0.610185,0.0957909,0.255064,0.0860255,0.472145,0.124493,0.099008,0.0307443,0.680199,0.0704611,0.384524,0.0958759,0.0520613,0.0706436,0.00244,0.00308752
5,ddu_density,0.625915,0.109109,0.259696,0.141072,0.492709,0.206747,0.125376,0.0879099,0.626192,0.109063,0.260024,0.14122,0.52945,0.140623,0.114912,0.0771595,0.545741,0.125142,0.137028,0.0753208,,,,,,,,,,,,,,,,
5,vbll_maxprob,0.718981,0.0492308,0.572944,0.0854363,0.689577,0.0531134,0.44308,0.0730541,0.719181,0.0492196,0.573648,0.0854106,0.680727,0.0542451,0.410616,0.0722167,0.685933,0.053283,0.430844,0.0697576,0.646648,0.0550204,0.31582,0.0466756,0.56254,0.0653197,0.1779,0.0192153,0.711294,0.0525531,0.516392,0.0824264,0.126993,0.151145,0.013228,0.0158616
5,vbll_total,0.712747,0.0494068,0.54864,0.0818156,0.684637,0.0536159,0.432104,0.0721023,0.712924,0.0493245,0.549164,0.0817895,0.674893,0.0531371,0.396144,0.0663456,0.681144,0.0525888,0.417752,0.0684095,,,,,,,,,,,,,,,,
5,vbll_aleatoric,0.712718,0.0494283,0.54858,0.0817214,0.684638,0.0535896,0.432068,0.0720739,0.712885,0.049353,0.549048,0.0817636,0.674887,0.0531612,0.396108,0.0663108,0.681162,0.05261,0.41774,0.0683987,,,,,,,,,,,,,,,,
5,vbll_epistemic,0.718262,0.0489224,0.568168,0.0803263,0.688611,0.0539522,0.440572,0.073165,0.718452,0.0488439,0.56892,0.0802253,0.679076,0.0544185,0.405324,0.0674982,0.684564,0.0534188,0.425036,0.0691515,,,,,,,,,,,,,,,,
5,sngp_maxprob,0.698614,0.100665,0.488616,0.164134,0.638641,0.129712,0.349264,0.142401,0.698824,0.100664,0.489432,0.164376,0.625444,0.134181,0.320972,0.136093,0.634362,0.131398,0.340524,0.140895,,,0,0,0.536194,0.158803,0.167728,0.0846597,0.686789,0.102339,0.442376,0.145392,0.515865,0.167992,0.14048,0.0938618
5,sngp_ds,0.679286,0.110204,0.434744,0.15404,0.630355,0.131957,0.329088,0.13489,0.679398,0.110217,0.4351,0.154164,0.618434,0.135186,0.30186,0.12673,0.625788,0.132939,0.318068,0.131869,,,,,,,,,,,,,,,,
5,swa_maxprob,0.733241,0.0858635,0.50566,0.181783,0.686577,0.103326,0.369068,0.164852,0.733461,0.0858176,0.506312,0.181717,0.671056,0.109656,0.33546,0.154345,0.68076,0.106567,0.357492,0.163535,0.460279,0.211252,0.125136,0.0994684,0.454408,0.19492,0.113264,0.0826868,0.718389,0.0877927,0.438552,0.166702,0.100613,0.140876,0.000444,0.000706869
