severity,criterion,emp risk_mean,emp risk_std,emp cov_mean,emp cov_std,sgr risk_mean,sgr risk_std,sgr cov_mean,sgr cov_std,cov risk_mean,cov risk_std,cov cov_mean,cov cov_std,LTT Bonf risk_mean,LTT Bonf risk_std,LTT Bonf cov_mean,LTT Bonf cov_std,LTT FS risk_mean,LTT FS risk_std,LTT FS cov_mean,LTT FS cov_std,FS split risk_mean,FS split risk_std,FS split cov_mean,FS split cov_std,Chow raw risk_mean,Chow raw risk_std,Chow raw cov_mean,Chow raw cov_std,Chow TS risk_mean,Chow TS risk_std,Chow TS cov_mean,Chow TS cov_std,Conf LAC risk_mean,Conf LAC risk_std,Conf LAC cov_mean,Conf LAC cov_std,Conf APS risk_mean,Conf APS risk_std,Conf APS cov_mean,Conf APS cov_std
1,sr_base,0.0400206,0.00401124,0.897936,0.00705707,0.0271972,0.00277526,0.850892,0.00763143,0.0401277,0.00397905,0.898236,0.00702905,0.0249305,0.0028332,0.8394,0.00886918,0.0264244,0.00280952,0.846676,0.00822181,0.0268185,0.00319382,0.848828,0.00971572,0.0330543,0.00178493,0.874924,0.0038876,0.0124188,0.00192154,0.752648,0.00884674,0.0338719,0.00322675,0.875596,0.00746474,0.0204565,0.00376167,0.237596,0.0253868
1,sr_dropout,0.0404822,0.00364154,0.89254,0.00865898,0.0282264,0.00284342,0.848156,0.00721712,0.0406052,0.00360561,0.892896,0.00869227,0.025477,0.00290389,0.83546,0.0095032,0.0267906,0.00283841,0.842312,0.00779324,0.0278751,0.00332725,0.845944,0.00979331,0.0288438,0.00246454,0.851976,0.00467823,0.00986027,0.00136826,0.711088,0.00701361,0.034284,0.00383469,0.869232,0.0089333,0.00225566,0.00408703,0.039528,0.00827969
1,mc_maxprob,0.038285,0.00382296,0.894668,0.00732203,0.0254421,0.00285906,0.845532,0.00713096,0.0383614,0.00379756,0.894876,0.00726282,0.0231016,0.00280876,0.833184,0.00931286,0.0243434,0.00295015,0.83952,0.00822688,0.0250344,0.00333284,0.842956,0.0103548,0.0063488,0.00096735,0.666856,0.00690786,0.00642633,0.00111398,0.668256,0.0057525,0.0293358,0.00357485,0.855064,0.00970043,0.000684629,0.00123109,0.071088,0.00764274
1,mc_total,0.0384056,0.00360996,0.885952,0.00640182,0.0258753,0.00330272,0.843364,0.00780233,0.0385128,0.00359278,0.886188,0.0063933,0.0230487,0.00311023,0.830824,0.00905138,0.0245837,0.00306223,0.837616,0.00826451,0.0248596,0.0032681,0.839004,0.00982116,,,,,,,,,,,,,,,,
1,mc_aleatoric,0.0370694,0.0035192,0.881168,0.00720171,0.0253749,0.00250358,0.839664,0.00630586,0.0371434,0.00352162,0.881356,0.00717588,0.0224111,0.00264229,0.82706,0.0069161,0.023779,0.0022194,0.833252,0.00567279,0.0248242,0.00253063,0.837068,0.00810053,,,,,,,,,,,,,,,,
1,mc_epistemic,0.0391781,0.00436262,0.886292,0.00851692,0.0270618,0.0033622,0.8406,0.00750125,0.0392639,0.00432632,0.886612,0.00846833,0.0243707,0.00327455,0.828872,0.00896658,0.0255873,0.00331734,0.834736,0.008238,0.0264196,0.00386804,0.837672,0.0101603,,,,,,,,,,,,,,,,
1,mc_variance,0.0402421,0.00402417,0.887144,0.00679059,0.026836,0.00319206,0.84272,0.00814076,0.0403594,0.00407658,0.887428,0.00683637,0.0241187,0.00311549,0.829712,0.00978138,0.0255249,0.00311441,0.836916,0.00897883,0.0265105,0.0036489,0.840696,0.0107169,,,,,,,,,,,,,,,,
1,ens_maxprob,0.0362639,0.00331121,0.92538,0.00726331,0.0279463,0.00259305,0.88694,0.00596527,0.0362569,0.00331141,0.92556,0.00724751,0.0258487,0.00312698,0.87572,0.00824873,0.0270647,0.00257679,0.88186,0.00569003,0.0274832,0.00285416,0.88552,0.0097041,0.0144302,0.0013071,0.80242,0.00378042,0.00929343,0.0011142,0.76378,0.00308992,0.0337687,0.00320142,0.90548,0.00795799,0.00952469,0.00132342,0.32978,0.00709899
1,ens_total,0.0358528,0.00264384,0.9224,0.00382204,0.0278988,0.00245104,0.88784,0.00501821,0.0359312,0.00264285,0.92262,0.00373358,0.0253823,0.00272352,0.87314,0.00771806,0.0274194,0.0024612,0.88506,0.00595856,0.0273893,0.00320828,0.8861,0.0116115,,,,,,,,,,,,,,,,
1,ens_aleatoric,0.0379331,0.00246868,0.91824,0.00496532,0.0278376,0.00212362,0.8792,0.00369973,0.0380501,0.00246605,0.91858,0.00484516,0.0253336,0.00263911,0.86796,0.00468598,0.0265322,0.00189721,0.87348,0.00514758,0.0269566,0.00236637,0.87512,0.00573076,,,,,,,,,,,,,,,,
1,ens_epistemic,0.0387804,0.00473584,0.9163,0.00992099,0.0267572,0.0023708,0.87488,0.0050511,0.0388389,0.00473879,0.91646,0.00994748,0.0246861,0.00218872,0.86392,0.00704681,0.0256488,0.00259344,0.8696,0.00679647,0.0255138,0.00303403,0.86752,0.00978292,,,,,,,,,,,,,,,,
1,finetune_maxprob,0.0402665,0.00366551,0.893492,0.00644326,0.0276617,0.00319479,0.847524,0.0100117,0.0403405,0.00367036,0.893748,0.00629003,0.0249881,0.00301238,0.835328,0.0116517,0.0265672,0.00293261,0.842504,0.0101058,0.0271913,0.00350916,0.845804,0.0120986,0.027871,0.00251278,0.850124,0.00405776,0.0105158,0.00141972,0.724204,0.00788908,0.0329902,0.00397788,0.865836,0.00893512,0.0106617,0.00369811,0.147548,0.0381625
1,swag_maxprob,0.044481,0.00510402,0.797836,0.0304068,0.0288711,0.00410729,0.72796,0.038584,0.0445457,0.00511123,0.798104,0.0304638,0.0263262,0.00383206,0.712108,0.0392141,0.0278151,0.00396935,0.721856,0.0387924,0.0289307,0.00473984,0.726428,0.0408365,0.00259107,0.00132843,0.317368,0.0315434,0.00799319,0.00209409,0.512436,0.0301803,0.0320205,0.00703624,0.7194,0.0462519,0.000208333,0.00145833,0.020864,0.00369312
1,swag_total,0.040689,0.00470035,0.76502,0.0330491,0.0269496,0.00386561,0.704988,0.0344442,0.0407097,0.00469421,0.765224,0.0329503,0.0244822,0.00404927,0.690212,0.0354577,0.0257585,0.00385518,0.698776,0.0333792,0.0270322,0.00410991,0.704976,0.0365994,,,,,,,,,,,,,,,,
1,swag_aleatoric,0.0415563,0.00497389,0.771288,0.0357957,0.0269129,0.00355849,0.70856,0.0344061,0.041628,0.00494777,0.771524,0.0357258,0.0240244,0.00352398,0.691244,0.0332229,0.0261259,0.00357347,0.703736,0.0332624,0.0268059,0.00429183,0.7072,0.0365517,,,,,,,,,,,,,,,,
1,swag_epistemic,0.0424919,0.0055381,0.712304,0.0424863,0.0288611,0.00535346,0.63912,0.0521524,0.0425864,0.00552587,0.712644,0.042484,0.0263801,0.00516607,0.62248,0.0549837,0.0278751,0.0051212,0.632436,0.0509721,0.0286361,0.00549547,0.637664,0.0507543,,,,,,,,,,,,,,,,
1,laplace_maxprob,0.0399837,0.00400814,0.897716,0.0076978,0.0273609,0.00286873,0.850736,0.00776613,0.040054,0.00404323,0.897924,0.00775628,0.0250053,0.00273309,0.839168,0.00880876,0.0264875,0.00278848,0.846684,0.00927949,0.0269446,0.00297083,0.848264,0.00912968,0.0274714,0.00174909,0.851372,0.00395232,0.0127215,0.00159455,0.753988,0.00723728,0.0334343,0.00339246,0.873776,0.0081175,0.0161468,0.0044663,0.219028,0.027735
1,laplace_total,0.0397736,0.00375734,0.89754,0.00710338,0.0276745,0.00272278,0.851864,0.00756449,0.0398871,0.00377867,0.897796,0.00706116,0.0247693,0.00289527,0.83854,0.00853091,0.0264104,0.00274225,0.8466,0.0090159,0.0268448,0.00308936,0.848492,0.00928036,,,,,,,,,,,,,,,,
1,laplace_aleatoric,0.0398515,0.00381091,0.89788,0.0070543,0.0275315,0.00277289,0.851768,0.00751365,0.0399041,0.00381448,0.8981,0.00707607,0.0246877,0.00287047,0.83854,0.00829238,0.0264671,0.00272342,0.847116,0.00810601,0.0268911,0.00290135,0.848524,0.00874875,,,,,,,,,,,,,,,,
1,laplace_epistemic,0.0396026,0.00380509,0.895236,0.00734201,0.0275407,0.00262452,0.849648,0.0073706,0.0396821,0.00379926,0.895468,0.00725607,0.0250142,0.00242987,0.837452,0.00827341,0.0262142,0.00265926,0.843444,0.00808923,0.0266094,0.00303263,0.845684,0.00907692,,,,,,,,,,,,,,,,
1,gda_density,0.041702,0.00362794,0.877916,0.00836967,0.0311295,0.00368616,0.831208,0.00748972,0.0417558,0.00364293,0.878128,0.00829475,0.027946,0.00330859,0.819196,0.00792207,0.0297059,0.00351955,0.825944,0.00794612,0.0304471,0.00418251,0.828664,0.00976487,,,,,,,,,,,,,,,,
1,ddu_maxprob,0.0418931,0.00409125,0.852896,0.00862927,0.0287364,0.00314913,0.800784,0.00976777,0.0419515,0.00408472,0.85314,0.00865446,0.026317,0.00308155,0.788236,0.0113223,0.0276136,0.00320777,0.79514,0.0106859,0.0284785,0.00359784,0.79882,0.0131523,0.021309,0.00216434,0.759016,0.00926731,0.00835597,0.00169746,0.627924,0.0109078,0.0328467,0.0043362,0.813884,0.0110392,0.000752278,0.00298963,0.027748,0.0102669
1,ddu_density,0.0424422,0.00428078,0.806604,0.0153609,0.0234115,0.00915535,0.564556,0.274311,0.0424822,0.00428877,0.806784,0.0153403,0.0240365,0.00459838,0.575608,0.238684,0.0269253,0.00426098,0.65578,0.147207,0.0274467,0.00451622,0.54534,0.29377,,,,,,,,,,,,,,,,
1,vbll_maxprob,0.0411944,0.00485889,0.854012,0.0133756,0.0280849,0.00369576,0.802152,0.0144537,0.041275,0.00484934,0.85428,0.013396,0.0254885,0.00348724,0.788428,0.0159856,0.0272207,0.00356758,0.79726,0.0147026,0.0277702,0.00401564,0.80016,0.0162705,0.0184745,0.00168123,0.744108,0.0099151,0.0102592,0.00226958,0.655376,0.0194873,0.0327535,0.0039619,0.818784,0.0133916,0.00799728,0.0058431,0.073248,0.0367159
1,vbll_total,0.0406164,0.00477816,0.852608,0.0136614,0.0283158,0.00381179,0.803152,0.014279,0.0406624,0.00477145,0.852824,0.0136545,0.0252739,0.00380908,0.78734,0.0156052,0.0271378,0.00371718,0.797056,0.0150126,0.0277603,0.00392507,0.80026,0.0150869,,,,,,,,,,,,,,,,
1,vbll_aleatoric,0.0406341,0.00478146,0.852636,0.0136341,0.0283307,0.00378572,0.80318,0.0142633,0.0406708,0.00478199,0.85284,0.0136615,0.0252734,0.0038091,0.787356,0.0156251,0.0271479,0.00371344,0.79706,0.015004,0.0277625,0.00392457,0.800192,0.0150827,,,,,,,,,,,,,,,,
1,vbll_epistemic,0.0412254,0.00480617,0.853384,0.0127245,0.0281771,0.00397276,0.801624,0.014593,0.0412995,0.00478739,0.853696,0.012744,0.0250933,0.00382328,0.786672,0.0150833,0.0268374,0.0040395,0.795172,0.0160151,0.0275746,0.00431702,0.798564,0.0160531,,,,,,,,,,,,,,,,
1,sngp_maxprob,0.0430967,0.004945,0.843632,0.0120221,0.0287641,0.00492678,0.784368,0.0154912,0.0431771,0.00492591,0.84392,0.0119716,0.0260605,0.00456267,0.770484,0.0157827,0.0280517,0.00468634,0.780164,0.0148721,0.028328,0.0050008,0.782072,0.0175256,,,0,0,0.0121501,0.00252515,0.627884,0.0462253,0.0351251,0.00522386,0.809016,0.0163125,0.0135354,0.00248053,0.54698,0.07041
1,sngp_ds,0.0435466,0.00507344,0.841884,0.0115759,0.0298119,0.00489708,0.7866,0.0146281,0.0436317,0.00510293,0.84216,0.0115617,0.0264473,0.0047602,0.771292,0.0168877,0.0283146,0.00458813,0.780652,0.0147325,0.0289775,0.00505403,0.783876,0.0167749,,,,,,,,,,,,,,,,
1,dropout_scratch_sr,0.0395872,0.00418593,0.89492,0.00755428,0.0277514,0.00387178,0.850092,0.0107309,0.0397138,0.00418194,0.89528,0.00759105,0.0245582,0.00367189,0.836776,0.0106206,0.0263735,0.00385655,0.844164,0.0116527,0.0272974,0.00381769,0.848144,0.0118166,0.0334745,0.00273026,0.874164,0.00391749,0.0114731,0.00166527,0.734128,0.00910514,0.0331087,0.00433139,0.870048,0.00908234,0.0136394,0.00359068,0.133964,0.0160328
1,dropout_scratch_maxprob,0.035154,0.00359189,0.893616,0.00866421,0.0254083,0.00271361,0.849688,0.00901396,0.0351821,0.00359297,0.893808,0.00868994,0.0230921,0.00253774,0.836728,0.00902075,0.024549,0.00276023,0.844936,0.00981562,0.0247387,0.0027769,0.846036,0.0101367,0.00726745,0.000982194,0.691336,0.00576894,0.00661582,0.00107052,0.676404,0.00526521,0.0291665,0.00333256,0.859864,0.0101956,0.00235396,0.00151765,0.16594,0.0177446
1,dropout_scratch_total,0.0356484,0.00351655,0.887336,0.00693506,0.0251686,0.00285943,0.845768,0.00918419,0.0357819,0.00350143,0.88772,0.00694147,0.0227975,0.00258883,0.832748,0.00965209,0.0241655,0.00278582,0.840264,0.00963032,0.0247135,0.00278584,0.842968,0.0103911,,,,,,,,,,,,,,,,
1,dropout_scratch_aleatoric,0.0362499,0.00311156,0.887204,0.00784107,0.0251728,0.00253719,0.844396,0.00679547,0.0362963,0.00309425,0.887392,0.0078503,0.022978,0.00277146,0.833312,0.00891831,0.0239004,0.00252903,0.838136,0.00879085,0.0246406,0.00253084,0.841432,0.00815091,,,,,,,,,,,,,,,,
1,dropout_scratch_epistemic,0.0360483,0.00389731,0.884424,0.00896907,0.0257331,0.00311561,0.842596,0.00995514,0.0360936,0.003921,0.884636,0.00897558,0.0232795,0.00291118,0.83042,0.010685,0.0247161,0.00309674,0.837768,0.0102711,0.0250961,0.00331343,0.839012,0.0114855,,,,,,,,,,,,,,,,
1,masksembles_maxprob,0.0330149,0.00403319,0.694628,0.0176658,0.0212014,0.00328186,0.614236,0.0206098,0.0331006,0.00403633,0.694996,0.0176279,0.0190837,0.00288975,0.596856,0.0204947,0.0206055,0.0032151,0.610552,0.0202355,0.0211241,0.00358611,0.590596,0.122749,,,,,,,,,,,,,,,,
1,masksembles_total,0.0326253,0.00376548,0.689868,0.016443,0.0214212,0.00335263,0.612056,0.0214275,0.0326639,0.00376896,0.690036,0.0164391,0.0195131,0.00315308,0.594236,0.0241388,0.0208617,0.00335304,0.607296,0.0224364,0.0214676,0.0039356,0.600516,0.0894812,,,,,,,,,,,,,,,,
1,masksembles_aleatoric,0.0325833,0.0037511,0.684776,0.0156273,0.0216101,0.00344883,0.611128,0.0221168,0.0326127,0.00375872,0.685012,0.0156022,0.0195423,0.00331285,0.593396,0.0247836,0.0211482,0.00351326,0.607236,0.0226161,0.0215993,0.00398474,0.587292,0.122547,,,,,,,,,,,,,,,,
1,masksembles_epistemic,0.0365804,0.00406474,0.65602,0.0219999,0.0219095,0.00387697,0.570124,0.0277818,0.0366855,0.00402447,0.656344,0.021955,0.0193664,0.0035759,0.549648,0.0265837,0.0213194,0.00382034,0.564944,0.0272679,0.0218443,0.00400103,0.53534,0.137984,,,,,,,,,,,,,,,,
1,swa_maxprob,0.0446836,0.00536307,0.82224,0.031533,0.0297239,0.00501633,0.760164,0.0351248,0.0447612,0.00538959,0.822596,0.0315374,0.0264301,0.00483024,0.743864,0.0373913,0.0284775,0.00498746,0.754308,0.0355197,0.0295429,0.00565267,0.759416,0.0376233,0.00894585,0.00165605,0.581132,0.029908,0.00859734,0.00231261,0.573668,0.0335971,0.0333616,0.00600126,0.767732,0.0370574,0.000726311,0.00288875,0.024808,0.00610481
3,sr_base,0.0883364,0.00745751,0.817524,0.0131085,0.0626314,0.00585668,0.744396,0.0167247,0.0884931,0.00745972,0.817928,0.013114,0.0578829,0.0056589,0.72754,0.0179651,0.0608348,0.00590035,0.738116,0.0171271,0.0617766,0.00669257,0.741532,0.0172488,0.0749029,0.00394716,0.77952,0.00736619,0.0320344,0.00410636,0.608524,0.0135886,0.0774918,0.00716303,0.784812,0.0138853,0.0439145,0.00738879,0.200064,0.0189164
3,sr_dropout,0.0939989,0.0087556,0.807384,0.0158608,0.0696802,0.00731878,0.73934,0.0162541,0.0941643,0.0088045,0.807916,0.0159075,0.0635131,0.00720498,0.720188,0.0180334,0.0664112,0.0072886,0.73012,0.0169962,0.0686541,0.0081051,0.735832,0.0188089,0.0713656,0.00518094,0.745328,0.00980887,0.0266768,0.00299399,0.552988,0.017618,0.0837459,0.0085973,0.775788,0.0185896,0.00365524,0.00773266,0.015116,0.00457473
3,mc_maxprob,0.0952664,0.010368,0.8012,0.0118131,0.0681603,0.00818275,0.724708,0.0140266,0.0953977,0.010375,0.801608,0.0117219,0.0622269,0.00757623,0.706724,0.0175384,0.0651979,0.00817836,0.715856,0.0148457,0.0669973,0.00927724,0.720992,0.0171072,0.0203542,0.00316605,0.501528,0.0141465,0.020534,0.0032365,0.502836,0.0135312,0.0828497,0.0107702,0.753672,0.0179781,0.00471826,0.00647334,0.037104,0.00608214
3,mc_total,0.0865304,0.0104779,0.772676,0.0112487,0.0643364,0.00751442,0.712696,0.0141697,0.0866502,0.0104397,0.773048,0.0112215,0.0591696,0.00727571,0.695624,0.0153726,0.0620664,0.00748271,0.704872,0.0140811,0.062546,0.00780836,0.7065,0.0162983,,,,,,,,,,,,,,,,
3,mc_aleatoric,0.0857963,0.00892882,0.769652,0.0172183,0.0641393,0.00710683,0.708656,0.014378,0.0858916,0.00892272,0.769912,0.0172082,0.0582158,0.00682121,0.690784,0.0155808,0.0611005,0.0064252,0.6995,0.0143984,0.0630552,0.00760182,0.704912,0.0156182,,,,,,,,,,,,,,,,
3,mc_epistemic,0.088864,0.0108786,0.775648,0.0103423,0.0656351,0.00714748,0.709536,0.0133787,0.0890249,0.0108642,0.776052,0.0103019,0.0605466,0.00714164,0.693284,0.0164178,0.063171,0.00752071,0.701452,0.0135673,0.0645149,0.00803456,0.705488,0.0152913,,,,,,,,,,,,,,,,
3,mc_variance,0.101605,0.012012,0.794096,0.0112418,0.0708512,0.00839296,0.721412,0.0156026,0.101851,0.0120696,0.794596,0.0112883,0.0642471,0.00785534,0.701588,0.0161742,0.0675288,0.00751092,0.7122,0.0160915,0.0698833,0.00945319,0.718196,0.016552,,,,,,,,,,,,,,,,
3,ens_maxprob,0.0860363,0.00751873,0.85578,0.0113266,0.0628183,0.00623339,0.78746,0.0109054,0.086136,0.00748763,0.8562,0.0111832,0.0565572,0.00599246,0.76696,0.0133981,0.0595762,0.00566501,0.77718,0.00946507,0.0616388,0.00680035,0.78432,0.0176096,0.0318097,0.00230117,0.661,0.00480416,0.0230015,0.00296407,0.60594,0.00543915,0.0796833,0.00916798,0.82768,0.013211,0.0221809,0.00225166,0.25374,0.00535018
3,ens_total,0.0778646,0.00492093,0.84132,0.00410872,0.0612394,0.00572744,0.7842,0.00853979,0.0779321,0.00492797,0.84162,0.00387138,0.0527971,0.00639344,0.75782,0.0135842,0.0594062,0.00563709,0.77794,0.0103116,0.0597397,0.00748778,0.78,0.0193459,,,,,,,,,,,,,,,,
3,ens_aleatoric,0.0778409,0.00590921,0.83322,0.0108696,0.0584417,0.00499353,0.77172,0.00725821,0.0780077,0.00584154,0.83376,0.0106946,0.053497,0.00467834,0.7533,0.00674937,0.0557819,0.00389572,0.76206,0.0102875,0.0566943,0.00539595,0.76442,0.0110223,,,,,,,,,,,,,,,,
3,ens_epistemic,0.0855161,0.00953041,0.82968,0.0142392,0.0620513,0.00569626,0.76728,0.00717618,0.0856042,0.00956862,0.82998,0.0142819,0.0567257,0.00534285,0.75162,0.0104543,0.0596904,0.00592556,0.75996,0.00841988,0.0594525,0.00675263,0.7577,0.0122557,,,,,,,,,,,,,,,,
3,finetune_maxprob,0.0919024,0.00739844,0.817056,0.0146084,0.0659678,0.00728382,0.742652,0.0161431,0.0920614,0.00735785,0.817436,0.0146159,0.0599849,0.00643372,0.723828,0.0174045,0.0632837,0.00657753,0.73468,0.016132,0.0651487,0.00767375,0.739968,0.0190492,0.0665643,0.00416064,0.7457,0.00852021,0.0281481,0.00335843,0.575128,0.0148683,0.0786313,0.00818427,0.777036,0.017368,0.0313688,0.00843924,0.096548,0.0260672
3,swag_maxprob,0.0860238,0.0194035,0.679184,0.0331067,0.0600321,0.0168622,0.592144,0.038414,0.0861997,0.0194415,0.679604,0.0332128,0.0559049,0.0161148,0.5742,0.0373831,0.0583392,0.0163797,0.585228,0.0378091,0.0599209,0.0172012,0.590408,0.0426685,0.00684103,0.0043783,0.204012,0.0265375,0.0205511,0.00724183,0.37086,0.0252368,0.0698717,0.020266,0.602596,0.0542485,0.0048991,0.0105275,0.009464,0.00253186
3,swag_total,0.0741104,0.0193133,0.62206,0.0306359,0.054844,0.0152193,0.556932,0.0299126,0.0742382,0.0193012,0.622304,0.0305721,0.0507827,0.0147986,0.542188,0.031381,0.0531277,0.0144695,0.550684,0.0287471,0.0549008,0.0147949,0.55676,0.0330329,,,,,,,,,,,,,,,,
3,swag_aleatoric,0.0764538,0.0194928,0.632076,0.0371904,0.0548725,0.014865,0.560584,0.0321521,0.0765559,0.0195541,0.632404,0.0372172,0.0497817,0.0134376,0.542556,0.0307496,0.0534449,0.0145316,0.555648,0.0307968,0.0548026,0.0150353,0.559208,0.0352299,,,,,,,,,,,,,,,,
3,swag_epistemic,0.0780633,0.0197608,0.574832,0.0378773,0.0559905,0.0171823,0.493992,0.042968,0.0781843,0.0197368,0.575236,0.0378636,0.0518466,0.0168226,0.476844,0.0449887,0.0544686,0.0168194,0.487244,0.0410932,0.0557721,0.0169153,0.492768,0.0424251,,,,,,,,,,,,,,,,
3,laplace_maxprob,0.0867735,0.00775629,0.814144,0.0140663,0.0610357,0.00561537,0.740332,0.0170451,0.0868538,0.00773798,0.814456,0.0140477,0.0562315,0.00549924,0.723448,0.0177851,0.0594724,0.00568269,0.734504,0.0177271,0.0598862,0.00604023,0.736604,0.0160133,0.0612281,0.00335282,0.741388,0.00852633,0.0306916,0.00370685,0.605984,0.0133532,0.0750484,0.00726125,0.779088,0.0144822,0.0371986,0.00658624,0.16898,0.0238342
3,laplace_total,0.0853808,0.00713232,0.812168,0.0134464,0.0606365,0.00554004,0.74014,0.0163755,0.0855569,0.00715685,0.81264,0.0134152,0.0552902,0.00538946,0.721076,0.0180798,0.0585134,0.00544118,0.732596,0.0178144,0.059181,0.00596309,0.73526,0.0169381,,,,,,,,,,,,,,,,
3,laplace_aleatoric,0.0860429,0.00738722,0.813376,0.0133441,0.0608372,0.00553487,0.740656,0.016436,0.0861709,0.00735825,0.813804,0.0133191,0.0556639,0.00535879,0.721728,0.0180662,0.0590386,0.00529749,0.734244,0.0177105,0.0595462,0.00576063,0.73608,0.0162054,,,,,,,,,,,,,,,,
3,laplace_epistemic,0.0829053,0.00676833,0.8051,0.0139072,0.0588215,0.00516251,0.733904,0.0168404,0.0830951,0.00682543,0.805516,0.0138581,0.0537017,0.00536536,0.716876,0.0165273,0.0563202,0.00510331,0.725248,0.0177134,0.0570118,0.00602929,0.728104,0.0178477,,,,,,,,,,,,,,,,
3,gda_density,0.07275,0.00714229,0.752696,0.0207855,0.0529236,0.00484455,0.686024,0.014516,0.0728124,0.00713395,0.753048,0.0207022,0.0487432,0.00450704,0.67026,0.0141294,0.0510827,0.00500127,0.679248,0.0154978,0.0521134,0.00544826,0.68266,0.0167602,,,,,,,,,,,,,,,,
3,ddu_maxprob,0.0982306,0.0128985,0.759496,0.0175027,0.0735937,0.0122713,0.685056,0.0180343,0.0983878,0.0129528,0.75986,0.0174895,0.0686471,0.0119195,0.66886,0.0195209,0.0713725,0.0118411,0.677884,0.0204443,0.0730846,0.0128716,0.683116,0.0217883,0.0562305,0.00849897,0.629636,0.0101988,0.024679,0.00720719,0.475624,0.0163786,0.0843759,0.0128276,0.711244,0.0225864,0.0074496,0.0124492,0.013624,0.00903678
3,ddu_density,0.0749743,0.00991093,0.653528,0.022049,0.0479846,0.0183379,0.445268,0.217565,0.0750609,0.00992035,0.653772,0.0220506,0.0509188,0.00865323,0.454132,0.188595,0.0527516,0.00867469,0.516632,0.116067,0.0545111,0.00880877,0.43064,0.231595,,,,,,,,,,,,,,,,
3,vbll_maxprob,0.0924581,0.0147919,0.769556,0.0273183,0.0674387,0.011907,0.69616,0.0241801,0.0925281,0.014748,0.769936,0.0273406,0.0618738,0.0113373,0.677204,0.0237484,0.0653569,0.0112538,0.689236,0.0241635,0.0666286,0.0122816,0.693248,0.0254765,0.0490323,0.00803601,0.6223,0.00864271,0.0300412,0.0104937,0.51606,0.0233551,0.0801672,0.0127422,0.727556,0.0249467,0.0251848,0.0203496,0.05314,0.033087
3,vbll_total,0.088884,0.0145881,0.761708,0.0270579,0.0665988,0.0122559,0.694304,0.0233263,0.0890298,0.0146244,0.76208,0.0270233,0.0609613,0.0116474,0.672864,0.0236613,0.0641791,0.0117285,0.68568,0.0240779,0.0655442,0.012663,0.690288,0.0235511,,,,,,,,,,,,,,,,
3,vbll_aleatoric,0.0888747,0.0145647,0.761708,0.0270306,0.066582,0.0122502,0.694304,0.0233346,0.089009,0.0145918,0.76204,0.0270113,0.0609565,0.011646,0.672856,0.0236578,0.0641735,0.0117252,0.68568,0.0240618,0.0655133,0.0126615,0.690192,0.0235585,,,,,,,,,,,,,,,,
3,vbll_epistemic,0.0918632,0.0141921,0.768096,0.025309,0.0670195,0.0121091,0.695512,0.0239645,0.0920138,0.0142113,0.768624,0.0252331,0.0611873,0.0113991,0.674912,0.0231663,0.0645199,0.0118812,0.68686,0.0257564,0.0659801,0.0124541,0.691668,0.0249534,,,,,,,,,,,,,,,,
3,sngp_maxprob,0.0998977,0.0123431,0.745112,0.0210973,0.0711487,0.0101053,0.663392,0.0287396,0.100073,0.0124062,0.745484,0.0209949,0.0652628,0.00921297,0.644048,0.029282,0.0691659,0.0100688,0.657316,0.0271951,0.0703538,0.00990625,0.660204,0.0314654,,,0,0,0.0399269,0.00590126,0.50416,0.0384281,0.0890199,0.0111666,0.708772,0.0262558,0.039601,0.00765169,0.425908,0.0502437
3,sngp_ds,0.0921084,0.01214,0.72674,0.0211462,0.0683784,0.00993093,0.656324,0.0289443,0.0922777,0.0121606,0.727148,0.0211836,0.0628277,0.00946316,0.637,0.0306927,0.0660207,0.00901499,0.648876,0.0301292,0.0677338,0.0098787,0.653648,0.0310736,,,,,,,,,,,,,,,,
3,dropout_scratch_sr,0.0868935,0.00724068,0.815404,0.00908735,0.0633545,0.007006,0.746596,0.0133501,0.0871006,0.00726099,0.815852,0.00906305,0.0578169,0.00632036,0.728416,0.0137512,0.0608184,0.00703275,0.738244,0.0148464,0.062608,0.00754172,0.744184,0.0161728,0.0745791,0.00490257,0.78214,0.00610891,0.0304603,0.00306916,0.60016,0.0114902,0.0751773,0.00745843,0.779732,0.0127649,0.0398744,0.00944123,0.122716,0.0183032
3,dropout_scratch_maxprob,0.0881759,0.00715095,0.802084,0.010993,0.0653055,0.00563667,0.73438,0.0123648,0.0882712,0.00719924,0.802476,0.0109731,0.0596787,0.00515628,0.714428,0.014619,0.0633838,0.00589926,0.727132,0.0132717,0.063953,0.00596146,0.729288,0.013874,0.0220955,0.00233018,0.532512,0.00795217,0.019983,0.0025887,0.516416,0.00721995,0.0770329,0.00766908,0.756932,0.0122019,0.0124931,0.00529202,0.126932,0.0194334
3,dropout_scratch_total,0.0827734,0.00576427,0.781924,0.00836755,0.0627216,0.00502572,0.723544,0.011509,0.0829888,0.00573668,0.782452,0.00843078,0.0572572,0.00496993,0.704684,0.0129857,0.0602256,0.00512241,0.715352,0.0131194,0.0615147,0.00468244,0.719596,0.0148968,,,,,,,,,,,,,,,,
3,dropout_scratch_aleatoric,0.0853321,0.00624958,0.78524,0.00960108,0.0634642,0.0047438,0.722436,0.0100276,0.0854798,0.00622046,0.78562,0.00958008,0.0584612,0.00530816,0.706356,0.0131183,0.0606442,0.00507506,0.713348,0.0108686,0.0621306,0.00520289,0.718376,0.012626,,,,,,,,,,,,,,,,
3,dropout_scratch_epistemic,0.0819498,0.00700726,0.777868,0.00976439,0.062171,0.00545479,0.718728,0.00912515,0.0820774,0.00697851,0.778276,0.00974194,0.0571754,0.00552893,0.700784,0.0123513,0.0603185,0.00573307,0.711744,0.0100294,0.0607819,0.00576034,0.713776,0.0139714,,,,,,,,,,,,,,,,
3,masksembles_maxprob,0.0853714,0.0169427,0.565876,0.0214645,0.0586648,0.0127183,0.480912,0.0245871,0.0855063,0.0169378,0.566208,0.0214764,0.053455,0.0119908,0.462856,0.0249741,0.0576442,0.0127638,0.477156,0.0240911,0.0587195,0.0145274,0.462716,0.0976883,,,,,,,,,,,,,,,,
3,masksembles_total,0.0817057,0.016143,0.555552,0.0194712,0.0561865,0.0124776,0.474284,0.026631,0.0817473,0.0161533,0.555712,0.0194872,0.0518301,0.0115423,0.457008,0.0281902,0.0547336,0.0121452,0.469664,0.0272885,0.0568854,0.0142759,0.46582,0.0724444,,,,,,,,,,,,,,,,
3,masksembles_aleatoric,0.0807707,0.015961,0.553916,0.019404,0.055871,0.0118739,0.475484,0.0274666,0.0808028,0.0159287,0.554128,0.0194527,0.0514778,0.0115988,0.45754,0.0289863,0.0547862,0.0117424,0.471648,0.0276135,0.0562146,0.0136598,0.457228,0.0977722,,,,,,,,,,,,,,,,
3,masksembles_epistemic,0.0803213,0.0141386,0.506636,0.0297792,0.0533422,0.0136812,0.425476,0.0316885,0.0804591,0.0141211,0.506972,0.029823,0.0476632,0.0126126,0.406376,0.0300115,0.0518506,0.0133047,0.420464,0.030919,0.0527312,0.0139355,0.399204,0.105124,,,,,,,,,,,,,,,,
3,swa_maxprob,0.0922685,0.0210553,0.713528,0.0414965,0.0645556,0.0174299,0.626656,0.0408001,0.0924359,0.0210822,0.71396,0.0414703,0.0595108,0.0168962,0.607044,0.0406359,0.0627103,0.0170741,0.619856,0.0407555,0.0644384,0.0182129,0.62616,0.0446728,0.0235597,0.00639122,0.428328,0.0327195,0.0225777,0.00888587,0.419692,0.030893,0.0757855,0.0190736,0.652184,0.0481914,0,0,0.00882,0.00331669
5,sr_base,0.336814,0.0157566,0.627716,0.0358739,0.279199,0.0164153,0.502648,0.0394214,0.337034,0.0156769,0.628396,0.035795,0.265456,0.0175774,0.476304,0.0414571,0.27432,0.0171156,0.493056,0.0386996,0.276537,0.0182978,0.498044,0.0389926,0.308537,0.0117384,0.561868,0.0259657,0.179467,0.017049,0.328204,0.0316348,0.317089,0.0169015,0.578516,0.0341048,0.180127,0.0230033,0.141828,0.0230722
5,sr_dropout,0.354398,0.0466922,0.614932,0.037779,0.301343,0.0493159,0.500604,0.0358934,0.354813,0.0466258,0.615848,0.0377165,0.285975,0.0506679,0.471544,0.0367231,0.293912,0.0502278,0.486716,0.0368465,0.298752,0.050688,0.495948,0.0399157,0.306238,0.0460629,0.5099,0.0252194,0.146114,0.0247927,0.260344,0.0356802,0.339768,0.047677,0.573256,0.0375855,0.0444639,0.0751226,0.00208,0.00149292
5,mc_maxprob,0.354282,0.0348137,0.650704,0.0249732,0.302867,0.0342109,0.535184,0.0295971,0.354525,0.0347693,0.651328,0.0249405,0.28939,0.0335225,0.508516,0.0350341,0.296414,0.034996,0.521968,0.0317948,0.300216,0.0351047,0.529928,0.032914,0.143076,0.0298226,0.26736,0.0281233,0.144464,0.0317581,0.268644,0.028285,0.338168,0.037447,0.594936,0.0341417,0.0305209,0.0397564,0.011732,0.00579884
5,mc_total,0.320055,0.0340228,0.5807,0.0292276,0.285749,0.0346316,0.505524,0.0291876,0.320307,0.0339519,0.581104,0.029179,0.27453,0.0341253,0.482756,0.0310777,0.280887,0.034953,0.495084,0.029263,0.282169,0.0347869,0.497508,0.0300149,,,,,,,,,,,,,,,,
5,mc_aleatoric,0.307285,0.031899,0.557252,0.039147,0.272996,0.032977,0.484588,0.0332609,0.307547,0.0317856,0.557708,0.0390164,0.262808,0.0332434,0.46416,0.0344677,0.267837,0.0321905,0.474408,0.0334635,0.270873,0.0329418,0.4803,0.0323695,,,,,,,,,,,,,,,,
5,mc_epistemic,0.347119,0.0361349,0.6273,0.0214189,0.301357,0.0346556,0.525764,0.0249601,0.347335,0.0360534,0.62788,0.021309,0.290569,0.0344566,0.502824,0.0286527,0.295862,0.0362149,0.51454,0.0261017,0.298657,0.0365765,0.520212,0.02833,,,,,,,,,,,,,,,,
5,mc_variance,0.391554,0.0314162,0.6959,0.0269775,0.324729,0.0336651,0.557324,0.0311426,0.391999,0.0314787,0.69692,0.0273181,0.306621,0.0348678,0.52418,0.0331259,0.31627,0.0332608,0.54156,0.0319666,0.321779,0.0377922,0.55298,0.0353601,,,,,,,,,,,,,,,,
5,ens_maxprob,0.326203,0.0132176,0.66496,0.0208656,0.277923,0.0125295,0.5436,0.0201512,0.326602,0.0130397,0.66594,0.0206278,0.264967,0.0160001,0.50826,0.0238847,0.271654,0.0124524,0.52632,0.0180978,0.275757,0.0135852,0.538,0.0302286,0.184042,0.00613769,0.36018,0.00348649,0.138132,0.00808516,0.2946,0.00401696,0.325715,0.0190873,0.64476,0.0334318,0.0920838,0.00614379,0.13138,0.00316411
5,ens_total,0.302356,0.00800652,0.61304,0.00772414,0.268562,0.0106484,0.52428,0.0133717,0.302468,0.00797686,0.61354,0.00752332,0.253287,0.0150803,0.48678,0.0187965,0.264997,0.0110928,0.51564,0.0144601,0.265959,0.0147052,0.51942,0.0287762,,,,,,,,,,,,,,,,
5,ens_aleatoric,0.310142,0.00953527,0.61332,0.017421,0.262418,0.00807066,0.50832,0.0100881,0.310487,0.00989066,0.6141,0.0174675,0.247928,0.0106776,0.4798,0.00900977,0.254622,0.00613736,0.49336,0.0134824,0.257165,0.0122093,0.49802,0.0173757,,,,,,,,,,,,,,,,
5,ens_epistemic,0.319143,0.0200933,0.60788,0.0275498,0.270232,0.0136132,0.50634,0.0135508,0.319342,0.0201468,0.60836,0.027762,0.257441,0.0151072,0.48124,0.0182548,0.263956,0.0147528,0.49388,0.015845,0.26192,0.0170173,0.4896,0.0221032,,,,,,,,,,,,,,,,
5,finetune_maxprob,0.329753,0.018284,0.623048,0.033835,0.270189,0.0197046,0.49982,0.0271901,0.330012,0.0181981,0.623672,0.03367,0.254461,0.0212535,0.471972,0.0303953,0.263058,0.0211737,0.487784,0.0305545,0.267654,0.0205204,0.49562,0.0306477,0.272003,0.0194073,0.504984,0.0279675,0.147609,0.0249668,0.29394,0.0262788,0.30667,0.0187499,0.565424,0.0286606,0.143472,0.0495435,0.05672,0.023717
5,swag_maxprob,0.268884,0.046476,0.434096,0.0774566,0.209114,0.0573497,0.3311,0.0788197,0.269099,0.0464463,0.434528,0.0774647,0.195983,0.0584728,0.310952,0.0763643,0.203924,0.0577934,0.323176,0.0774647,0.207535,0.059188,0.329516,0.0815722,0.0401217,0.0257739,0.057644,0.0256392,0.0959521,0.0450018,0.151072,0.0457555,0.268508,0.0548423,0.387172,0.094924,0,0,0.00058,0.000528015
5,swag_total,0.2092,0.0566278,0.338852,0.0756706,0.172589,0.0568607,0.279624,0.0688308,0.209363,0.0565659,0.339088,0.0756646,0.164243,0.0570903,0.266852,0.0681941,0.168478,0.0561871,0.273936,0.0667969,0.172403,0.0576536,0.279588,0.0698547,,,,,,,,,,,,,,,,
5,swag_aleatoric,0.204374,0.0608168,0.34144,0.0800048,0.167378,0.0593139,0.276744,0.0681883,0.204447,0.0607881,0.341744,0.0801084,0.159034,0.0575777,0.261984,0.0641898,0.165041,0.0587783,0.272616,0.0667346,0.167568,0.0601337,0.276404,0.0704352,,,,,,,,,,,,,,,,
5,swag_epistemic,0.272173,0.0392584,0.353456,0.0845111,0.208293,0.0505548,0.262988,0.078191,0.272556,0.0392217,0.353976,0.0845271,0.195015,0.0529232,0.245948,0.077224,0.203321,0.0492697,0.255864,0.0754204,0.207821,0.0497223,0.261324,0.0772089,,,,,,,,,,,,,,,,
5,laplace_maxprob,0.334761,0.0165553,0.621608,0.0365023,0.274902,0.016025,0.494888,0.0403936,0.334987,0.0165842,0.62218,0.0366951,0.261748,0.0174616,0.468264,0.0409585,0.270485,0.0161151,0.485664,0.039308,0.272503,0.0189352,0.489176,0.0375433,0.276517,0.0105931,0.496592,0.0283269,0.174426,0.0158973,0.320944,0.0312187,0.312822,0.0176136,0.567584,0.0369497,0.153788,0.0227127,0.113572,0.0299373
5,laplace_total,0.329636,0.0154754,0.611656,0.0341722,0.272992,0.015946,0.492,0.038318,0.329907,0.0155039,0.612392,0.0342802,0.257522,0.0173963,0.461644,0.0408797,0.267145,0.0160373,0.47996,0.0380538,0.268937,0.0188297,0.484064,0.0394632,,,,,,,,,,,,,,,,
5,laplace_aleatoric,0.330056,0.0160074,0.613188,0.0344007,0.273698,0.0161733,0.493392,0.0391018,0.330277,0.0161366,0.613896,0.0344732,0.258089,0.0176874,0.462848,0.0409863,0.268213,0.0152569,0.48252,0.0384663,0.269775,0.0178794,0.485848,0.0374468,,,,,,,,,,,,,,,,
5,laplace_epistemic,0.326971,0.0148389,0.601444,0.0364312,0.269476,0.0147606,0.481816,0.0391966,0.327236,0.0148575,0.602136,0.036285,0.254857,0.0160637,0.454124,0.0375537,0.262758,0.0145058,0.46832,0.0386558,0.265021,0.0174027,0.472576,0.0388804,,,,,,,,,,,,,,,,
5,gda_density,0.299911,0.0212018,0.500896,0.0407509,0.240178,0.0196162,0.40184,0.0286922,0.300247,0.021163,0.501532,0.0406767,0.225849,0.0202197,0.380296,0.0274961,0.234029,0.0188284,0.39268,0.0291468,0.236936,0.0207585,0.397328,0.0313795,,,,,,,,,,,,,,,,
5,ddu_maxprob,0.336345,0.0364901,0.56108,0.0335132,0.27993,0.0349842,0.45108,0.033365,0.336596,0.0364891,0.561648,0.0334968,0.26562,0.0358758,0.427476,0.0347743,0.273153,0.0338761,0.440236,0.0343677,0.278165,0.036586,0.448544,0.0376196,0.235194,0.0297133,0.376744,0.0166467,0.127422,0.0185931,0.21922,0.026177,0.31526,0.0353969,0.504536,0.0382417,0.0107764,0.0253614,0.001924,0.0018825
5,ddu_density,0.254972,0.0166561,0.384612,0.0292527,0.169117,0.0610283,0.234648,0.121667,0.255084,0.0166566,0.384824,0.029262,0.184661,0.0292573,0.23968,0.105234,0.190917,0.0292059,0.274444,0.0701346,0.195251,0.0287455,0.229928,0.127294,,,,,,,,,,,,,,,,
5,vbll_maxprob,0.324127,0.0495365,0.557652,0.0601129,0.26713,0.0481489,0.446556,0.0510105,0.324422,0.0494519,0.558304,0.0600354,0.251813,0.0464787,0.418648,0.0487264,0.261302,0.0469082,0.436444,0.0496096,0.264868,0.0492738,0.44222,0.0522757,0.207673,0.0312717,0.345948,0.0224127,0.141305,0.0297785,0.245492,0.0260119,0.310606,0.0486567,0.514888,0.0567464,0.0637767,0.0468951,0.023796,0.0231315
5,vbll_total,0.311076,0.0489922,0.533792,0.0561656,0.260331,0.0476855,0.436348,0.0490516,0.311281,0.0489546,0.534164,0.056099,0.243903,0.0449049,0.407112,0.0461974,0.253719,0.0462657,0.42464,0.0485895,0.257136,0.0481675,0.43046,0.0489279,,,,,,,,,,,,,,,,
5,vbll_aleatoric,0.311026,0.0489879,0.533728,0.0561233,0.260341,0.0476582,0.436364,0.0490664,0.311257,0.0489653,0.534124,0.0561117,0.243915,0.0448478,0.407096,0.0462257,0.253708,0.0462747,0.424608,0.0485924,0.257052,0.0481992,0.43032,0.0489132,,,,,,,,,,,,,,,,
5,vbll_epistemic,0.322318,0.0490113,0.553552,0.0583484,0.266616,0.049015,0.44568,0.0508727,0.322659,0.0489937,0.554252,0.058302,0.250362,0.0472558,0.416956,0.0484629,0.259641,0.0487864,0.433312,0.0519938,0.26339,0.0491208,0.439716,0.0511387,,,,,,,,,,,,,,,,
5,sngp_maxprob,0.327763,0.0362094,0.540652,0.0278742,0.262281,0.035554,0.421204,0.0361697,0.328026,0.0360966,0.54134,0.027846,0.247125,0.0328812,0.39646,0.0373905,0.258184,0.0348699,0.413552,0.0349921,0.259248,0.0352182,0.417052,0.04072,,,0,0,0.159693,0.0264889,0.261564,0.033801,0.320747,0.0405586,0.513032,0.0336291,0.16161,0.0372022,0.203688,0.0305583
5,sngp_ds,0.296483,0.0346782,0.48628,0.0306675,0.246276,0.0321751,0.398148,0.0368511,0.296657,0.0346261,0.486648,0.0307405,0.231052,0.0306375,0.374844,0.0384337,0.239987,0.0311842,0.388788,0.0384642,0.24326,0.0320935,0.394352,0.0400085,,,,,,,,,,,,,,,,
5,dropout_scratch_sr,0.336038,0.0303933,0.62062,0.0267504,0.279865,0.0302754,0.502232,0.0281401,0.336389,0.0304771,0.621556,0.0267679,0.26527,0.0279376,0.473496,0.0262343,0.273441,0.0301261,0.48926,0.0299371,0.278153,0.0302833,0.4985,0.0317631,0.310381,0.0264518,0.561148,0.0150085,0.174315,0.0180025,0.317792,0.0260021,0.315411,0.0320071,0.566856,0.0327277,0.158438,0.0283216,0.093084,0.0216327
5,dropout_scratch_maxprob,0.350434,0.0223324,0.644808,0.0232466,0.304207,0.0220576,0.539156,0.0205825,0.350649,0.0223804,0.645288,0.0234408,0.29054,0.0218507,0.511788,0.0217698,0.299125,0.0233125,0.528644,0.022602,0.300992,0.0235377,0.532496,0.0224889,0.166304,0.0137818,0.296056,0.013378,0.153813,0.0157203,0.280648,0.0149096,0.336816,0.0253137,0.59256,0.0249424,0.0890808,0.0198477,0.072544,0.0175189
5,dropout_scratch_total,0.325312,0.0191677,0.592668,0.015467,0.289453,0.0213684,0.514844,0.019808,0.325563,0.0191568,0.5933,0.0155828,0.277838,0.021408,0.490868,0.0202743,0.284103,0.0212905,0.504292,0.0204126,0.286998,0.0213664,0.510008,0.0224906,,,,,,,,,,,,,,,,
5,dropout_scratch_aleatoric,0.315199,0.0177385,0.57836,0.0164144,0.278735,0.0169903,0.498732,0.0175394,0.315474,0.0177665,0.578932,0.0164233,0.269608,0.0170849,0.479908,0.020177,0.273581,0.0173024,0.488044,0.0177308,0.27658,0.0168526,0.49426,0.0182285,,,,,,,,,,,,,,,,
5,dropout_scratch_epistemic,0.342176,0.0263399,0.619536,0.0231,0.302399,0.0265472,0.529896,0.0225782,0.342377,0.0263729,0.620084,0.0230213,0.290055,0.0262622,0.505248,0.021731,0.297571,0.0267399,0.51982,0.0236505,0.298957,0.0271688,0.522944,0.0259505,,,,,,,,,,,,,,,,
5,masksembles_maxprob,0.329508,0.0619402,0.39504,0.0450219,0.249098,0.0551567,0.291524,0.036269,0.329781,0.0619486,0.395404,0.045062,0.230002,0.0543996,0.271444,0.0344237,0.24507,0.0553881,0.287276,0.0366102,0.250649,0.0577959,0.281608,0.0687683,,,,,,,,,,,,,,,,
5,masksembles_total,0.306941,0.0605707,0.370764,0.0430959,0.230723,0.0515118,0.278184,0.0364879,0.307126,0.0605441,0.370972,0.0431291,0.211878,0.0483745,0.259184,0.0358239,0.225514,0.0501043,0.273052,0.0362603,0.233149,0.0546985,0.275076,0.0546638,,,,,,,,,,,,,,,,
5,masksembles_aleatoric,0.299815,0.0564227,0.367388,0.0409325,0.227057,0.0478294,0.2778,0.0342971,0.30012,0.056466,0.367748,0.0409565,0.208245,0.0452874,0.258408,0.0348312,0.22316,0.0473349,0.273704,0.033792,0.22851,0.0507543,0.268264,0.0652793,,,,,,,,,,,,,,,,
5,masksembles_epistemic,0.299639,0.0645115,0.32092,0.049369,0.220486,0.058508,0.235116,0.0463101,0.299914,0.0643782,0.321272,0.0493534,0.202258,0.0563421,0.216892,0.0447552,0.216078,0.0580918,0.23054,0.0454522,0.220099,0.0590901,0.220096,0.0707863,,,,,,,,,,,,,,,,
5,swa_maxprob,0.296787,0.0429517,0.467348,0.0836321,0.231566,0.0539817,0.35728,0.0799802,0.29713,0.0428994,0.467964,0.0836399,0.214608,0.0579892,0.333728,0.0793812,0.224972,0.0556947,0.348564,0.0796933,0.229802,0.0572773,0.356428,0.0848032,0.108384,0.045426,0.173156,0.0443517,0.10412,0.0506225,0.16862,0.0493841,0.282229,0.0437053,0.415412,0.0843813,0,0,0.000372,0.000417631
