model,task,criterion,rule,r_star,certified_mean,certified_std,sel_risk_mean,sel_risk_std,sel_cov_mean,sel_cov_std,test_risk_mean,test_risk_std,test_cov_mean,test_cov_std,bound_mean,bound_std,viol_mean,viol_std,paper_test_risk,paper_test_cov,cov_at_paper_mean,risk_at_paper_mean
vgg16,top1,sr,sgr,0.02,1,0,0.0131945,0.000339736,0.233026,0.0219227,0.0128829,0.00260906,0.232981,0.0220594,0.0199038,5.25333e-05,0,0,0.0131,0.2322,0.237216,0.012677
vgg16,top1,sr,emp,0.02,1,0,0.0199458,3.2861e-05,0.298549,0.00944567,0.0199386,0.0020826,0.298701,0.00937393,,,0.46,0.498397,0.0131,0.2322,0.237216,0.012677
vgg16,top1,sr,sgr_delta_0.01,0.02,1,0,0.0143854,0.000178354,0.248961,0.0148783,0.0142059,0.00239256,0.248903,0.0151267,0.0199064,4.07368e-05,0.02,0.14,0.0131,0.2322,0.237216,0.012677
vgg16,top1,sr,sgr_delta_0.1,0.02,1,0,0.0156896,9.52573e-05,0.261974,0.0105042,0.0155709,0.00236076,0.262044,0.0107385,0.019911,4.15255e-05,0.04,0.195959,0.0131,0.2322,0.237216,0.012677
vgg16,top1,sr,sgr,0.05,1,0,0.0421882,6.01901e-05,0.443129,0.00638496,0.0422548,0.00263339,0.443425,0.00602609,0.049953,2.35842e-05,0,0,0.0446,0.4276,0.45406,0.0388438
vgg16,top1,sr,emp,0.05,1,0,0.0499697,2.09778e-05,0.47797,0.00566355,0.0501096,0.00248504,0.478299,0.00493441,,,0.52,0.4996,0.0446,0.4276,0.45406,0.0388438
vgg16,top1,sr,sgr_delta_0.01,0.05,1,0,0.0434436,4.87092e-05,0.449155,0.00657205,0.043603,0.00263324,0.449542,0.00606379,0.0499591,2.29494e-05,0,0,0.0446,0.4276,0.45406,0.0388438
vgg16,top1,sr,sgr_delta_0.1,0.05,1,0,0.0449295,4.03424e-05,0.455304,0.00641286,0.0450071,0.00257052,0.455668,0.0059325,0.0499586,1.95093e-05,0.04,0.195959,0.0446,0.4276,0.45406,0.0388438
vgg16,top1,sr,sgr,0.1,1,0,0.0907604,4.18577e-05,0.607505,0.00548331,0.0911003,0.003475,0.607572,0.00556629,0.0999709,1.66378e-05,0,0,0.0948,0.5951,0.617312,0.0867125
vgg16,top1,sr,emp,0.1,1,0,0.0999754,1.47076e-05,0.630955,0.00472565,0.100283,0.00334295,0.6311,0.00489673,,,0.56,0.496387,0.0948,0.5951,0.617312,0.0867125
vgg16,top1,sr,sgr_delta_0.01,0.1,1,0,0.0922361,3.89791e-05,0.611728,0.00524489,0.0926167,0.00345673,0.61182,0.00515292,0.0999698,1.65233e-05,0.02,0.14,0.0948,0.5951,0.617312,0.0867125
vgg16,top1,sr,sgr_delta_0.1,0.1,1,0,0.0939994,2.76416e-05,0.6161,0.00473383,0.0944437,0.00345278,0.616263,0.00480175,0.0999685,1.55411e-05,0.06,0.237487,0.0948,0.5951,0.617312,0.0867125
vgg16,top1,sr,sgr,0.15,1,0,0.139879,3.64642e-05,0.721226,0.00496394,0.140516,0.00364516,0.721186,0.00486437,0.149976,1.2526e-05,0,0,0.1467,0.7138,0.735676,0.137163
vgg16,top1,sr,emp,0.15,1,0,0.149982,1.30545e-05,0.74479,0.00454128,0.150738,0.00361809,0.7446,0.00443011,,,0.58,0.493559,0.1467,0.7138,0.735676,0.137163
vgg16,top1,sr,sgr_delta_0.01,0.15,1,0,0.1415,3.10645e-05,0.725242,0.00504783,0.142196,0.00367095,0.725224,0.0049236,0.149976,1.31387e-05,0.03,0.170587,0.1467,0.7138,0.735676,0.137163
vgg16,top1,sr,sgr_delta_0.1,0.15,1,0,0.143439,2.47907e-05,0.729928,0.0047469,0.144178,0.00364165,0.729926,0.00470423,0.149975,1.30851e-05,0.06,0.237487,0.1467,0.7138,0.735676,0.137163
vgg16,top1,sr,sgr,0.2,1,0,0.189387,3.10947e-05,0.825569,0.00436946,0.190382,0.00386434,0.82571,0.00428503,0.199981,1.13747e-05,0,0,0.1949,0.8154,0.835146,0.184595
vgg16,top1,sr,emp,0.2,1,0,0.199987,1.05795e-05,0.847033,0.00458676,0.200839,0.00416269,0.847067,0.00471469,,,0.59,0.491833,0.1949,0.8154,0.835146,0.184595
vgg16,top1,sr,sgr_delta_0.01,0.2,1,0,0.191085,2.61164e-05,0.828987,0.00451116,0.192014,0.00389938,0.829134,0.00440819,0.199979,1.0905e-05,0.01,0.0994987,0.1949,0.8154,0.835146,0.184595
vgg16,top1,sr,sgr_delta_0.1,0.2,1,0,0.193123,2.09035e-05,0.833131,0.00446434,0.193983,0.00396466,0.833207,0.00443591,0.199981,1.0419e-05,0.09,0.286182,0.1949,0.8154,0.835146,0.184595
vgg16,top1,sr,sgr,0.25,1,0,0.239113,2.50363e-05,0.921442,0.0041601,0.240052,0.00405302,0.921934,0.00390009,0.249984,9.67427e-06,0,0,0.2445,0.912,0.930486,0.23467
vgg16,top1,sr,emp,0.25,1,0,0.249991,8.52928e-06,0.941915,0.00380057,0.250889,0.0041107,0.942253,0.00362618,,,0.59,0.491833,0.2445,0.912,0.930486,0.23467
vgg16,top1,sr,sgr_delta_0.01,0.25,1,0,0.240858,2.47628e-05,0.924842,0.00427812,0.241814,0.00404615,0.925253,0.00399786,0.249983,9.74455e-06,0.01,0.0994987,0.2445,0.912,0.930486,0.23467
vgg16,top1,sr,sgr_delta_0.1,0.25,1,0,0.242949,1.73336e-05,0.928971,0.00427218,0.243901,0.00398336,0.929316,0.00392893,0.249984,9.55703e-06,0.07,0.255147,0.2445,0.912,0.930486,0.23467
vgg16,top1,mc_variance,sgr,0.02,1,0,0.012765,0.000303527,0.205389,0.0167973,0.0125968,0.00253391,0.205399,0.0165707,0.019878,5.81371e-05,0,0,0.0131,0.2322,0.21323,0.0150922
vgg16,top1,mc_variance,emp,0.02,1,0,0.0199387,3.72666e-05,0.265091,0.00720353,0.0197385,0.00241474,0.265145,0.00708331,,,0.41,0.491833,0.0131,0.2322,0.21323,0.0150922
vgg16,top1,mc_variance,sgr_delta_0.01,0.02,1,0,0.0140336,0.000179426,0.219372,0.0127284,0.0138943,0.00239268,0.219346,0.012518,0.0199011,5.23546e-05,0.01,0.0994987,0.0131,0.2322,0.21323,0.0150922
vgg16,top1,mc_variance,sgr_delta_0.1,0.02,1,0,0.0154255,0.000124253,0.232513,0.0118491,0.0153181,0.00241889,0.232448,0.0116956,0.0199035,4.97453e-05,0.02,0.14,0.0131,0.2322,0.21323,0.0150922
vgg16,top1,mc_variance,sgr,0.05,1,0,0.0411462,6.12526e-05,0.34353,0.00427158,0.0408214,0.00292796,0.343514,0.00419518,0.0499412,3.02989e-05,0,0,0.0446,0.4276,0.351879,0.0820711
vgg16,top1,mc_variance,emp,0.05,1,0,0.0499564,2.75126e-05,0.362812,0.00401491,0.049473,0.00285293,0.362903,0.0035908,,,0.41,0.491833,0.0446,0.4276,0.351879,0.0820711
vgg16,top1,mc_variance,sgr_delta_0.01,0.05,1,0,0.0425423,5.28241e-05,0.346747,0.00395533,0.042247,0.00289582,0.346812,0.00369889,0.0499431,3.0025e-05,0,0,0.0446,0.4276,0.351879,0.0820711
vgg16,top1,mc_variance,sgr_delta_0.1,0.05,1,0,0.0442132,4.61869e-05,0.350154,0.00389612,0.0438375,0.00291219,0.350237,0.00367705,0.0499428,3.04074e-05,0.01,0.0994987,0.0446,0.4276,0.351879,0.0820711
vgg16,top1,mc_variance,sgr,0.1,1,0,0.0891548,5.80789e-05,0.440319,0.00433691,0.0886593,0.00388507,0.44047,0.00448072,0.0999542,2.39828e-05,0,0,0.0948,0.5951,0.452102,0.169021
vgg16,top1,mc_variance,emp,0.1,1,0,0.0999722,2.01895e-05,0.459296,0.00369151,0.0995864,0.0038945,0.459494,0.00396767,,,0.46,0.498397,0.0948,0.5951,0.452102,0.169021
vgg16,top1,mc_variance,sgr_delta_0.01,0.1,1,0,0.0908864,4.82208e-05,0.443571,0.00439478,0.0903605,0.0038339,0.443745,0.00445714,0.0999578,2.29985e-05,0.01,0.0994987,0.0948,0.5951,0.452102,0.169021
vgg16,top1,mc_variance,sgr_delta_0.1,0.1,1,0,0.0929578,4.18278e-05,0.447646,0.004235,0.0925024,0.0037902,0.447908,0.00454648,0.0999576,2.15651e-05,0.02,0.14,0.0948,0.5951,0.452102,0.169021
vgg16,top1,mc_variance,sgr,0.15,1,0,0.138205,5.73389e-05,0.530172,0.00487323,0.137805,0.00429726,0.530022,0.00499259,0.149969,1.82503e-05,0,0,0.1467,0.7138,0.548976,0.215843
vgg16,top1,mc_variance,emp,0.15,1,0,0.149972,1.62403e-05,0.555268,0.00464259,0.149747,0.00410503,0.555102,0.00456484,,,0.49,0.4999,0.1467,0.7138,0.548976,0.215843
vgg16,top1,mc_variance,sgr_delta_0.01,0.15,1,0,0.140095,5.12696e-05,0.534063,0.00504283,0.139663,0.00421217,0.533864,0.0049573,0.149965,1.74577e-05,0,0,0.1467,0.7138,0.548976,0.215843
vgg16,top1,mc_variance,sgr_delta_0.1,0.15,1,0,0.142364,3.92783e-05,0.539066,0.00516876,0.141986,0.00419283,0.538897,0.00516611,0.149968,1.7663e-05,0.03,0.170587,0.1467,0.7138,0.548976,0.215843
vgg16,top1,mc_variance,sgr,0.2,1,0,0.18795,5.04153e-05,0.640132,0.00523458,0.188022,0.00412058,0.639864,0.00513167,0.199974,1.44312e-05,0,0,0.1949,0.8154,0.65737,0.24721
vgg16,top1,mc_variance,emp,0.2,1,0,0.199984,1.23617e-05,0.670471,0.00585381,0.199968,0.00413056,0.670292,0.00548775,,,0.47,0.499099,0.1949,0.8154,0.65737,0.24721
vgg16,top1,mc_variance,sgr_delta_0.01,0.2,1,0,0.189891,4.53272e-05,0.644748,0.00554565,0.189978,0.00415493,0.644487,0.00546246,0.199973,1.51356e-05,0.01,0.0994987,0.1949,0.8154,0.65737,0.24721
vgg16,top1,mc_variance,sgr_delta_0.1,0.2,1,0,0.192214,3.80645e-05,0.650532,0.00584924,0.192297,0.00412714,0.650342,0.00581482,0.199975,1.39561e-05,0.03,0.170587,0.1949,0.8154,0.65737,0.24721
vgg16,top1,mc_variance,sgr,0.25,1,0,0.238187,6.00886e-05,0.782652,0.00799051,0.238324,0.0047622,0.782672,0.00782958,0.24998,1.08116e-05,0.01,0.0994987,0.2445,0.912,0.804154,0.268347
vgg16,top1,mc_variance,emp,0.25,1,0,0.24999,8.90201e-06,0.827832,0.00948179,0.250124,0.00447845,0.82755,0.00952012,,,0.53,0.499099,0.2445,0.912,0.804154,0.268347
vgg16,top1,mc_variance,sgr_delta_0.01,0.25,1,0,0.240098,5.21196e-05,0.788745,0.00821295,0.240171,0.00471767,0.788748,0.00804126,0.249978,1.06003e-05,0.02,0.14,0.2445,0.912,0.804154,0.268347
vgg16,top1,mc_variance,sgr_delta_0.1,0.25,1,0,0.242385,4.17266e-05,0.796736,0.00861283,0.242429,0.00463403,0.796574,0.00851864,0.249981,1.06326e-05,0.03,0.170587,0.2445,0.912,0.804154,0.268347
vgg16,top1,mc_maxprob,sgr,0.02,1,0,0.0130453,0.000305424,0.222733,0.0186184,0.0128104,0.00251553,0.22291,0.0187533,0.0198931,5.66047e-05,0,0,0.0131,0.2322,0.227766,0.0136107
vgg16,top1,mc_maxprob,emp,0.02,1,0,0.0199437,3.53414e-05,0.286548,0.00981147,0.0198587,0.00224917,0.286502,0.00940103,,,0.46,0.498397,0.0131,0.2322,0.227766,0.0136107
vgg16,top1,mc_maxprob,sgr_delta_0.01,0.02,1,0,0.0142559,0.000187283,0.237516,0.0153632,0.014016,0.00241407,0.2376,0.0154132,0.0199047,4.91672e-05,0.01,0.0994987,0.0131,0.2322,0.227766,0.0136107
vgg16,top1,mc_maxprob,sgr_delta_0.1,0.02,1,0,0.0156176,0.000107679,0.253357,0.0115441,0.0155157,0.00223224,0.253516,0.0117011,0.0199099,4.22436e-05,0.03,0.170587,0.0131,0.2322,0.227766,0.0136107
vgg16,top1,mc_maxprob,sgr,0.05,1,0,0.0421598,6.86568e-05,0.439819,0.00765646,0.042027,0.00240625,0.440048,0.00716068,0.0499535,2.36851e-05,0,0,0.0446,0.4276,0.452841,0.0400926
vgg16,top1,mc_maxprob,emp,0.05,1,0,0.0499704,1.86227e-05,0.474882,0.00588594,0.0497196,0.00238221,0.474986,0.00521515,,,0.47,0.499099,0.0446,0.4276,0.452841,0.0400926
vgg16,top1,mc_maxprob,sgr_delta_0.01,0.05,1,0,0.0434194,5.4112e-05,0.446291,0.00666709,0.0431967,0.00244676,0.446429,0.00614219,0.0499553,2.52111e-05,0.02,0.14,0.0446,0.4276,0.452841,0.0400926
vgg16,top1,mc_maxprob,sgr_delta_0.1,0.05,1,0,0.0449111,3.94699e-05,0.452775,0.00565571,0.0446801,0.00237372,0.45298,0.00519426,0.0499539,2.35009e-05,0.02,0.14,0.0446,0.4276,0.452841,0.0400926
vgg16,top1,mc_maxprob,sgr,0.1,1,0,0.0907379,4.1351e-05,0.604808,0.00507151,0.0911321,0.003178,0.60487,0.00492902,0.0999686,1.65009e-05,0,0,0.0948,0.5951,0.614576,0.0876811
vgg16,top1,mc_maxprob,emp,0.1,1,0,0.0999783,1.5389e-05,0.627992,0.00484016,0.100448,0.00305587,0.628207,0.00458785,,,0.57,0.495076,0.0948,0.5951,0.614576,0.0876811
vgg16,top1,mc_maxprob,sgr_delta_0.01,0.1,1,0,0.0922156,3.35983e-05,0.608915,0.00483062,0.0926788,0.00308789,0.609059,0.00466356,0.099967,1.61581e-05,0,0,0.0948,0.5951,0.614576,0.0876811
vgg16,top1,mc_maxprob,sgr_delta_0.1,0.1,1,0,0.0939869,2.67851e-05,0.613404,0.00458137,0.0943825,0.0031788,0.613533,0.00445652,0.099969,1.63522e-05,0.05,0.217945,0.0948,0.5951,0.614576,0.0876811
vgg16,top1,mc_maxprob,sgr,0.15,1,0,0.139897,3.30116e-05,0.723612,0.00471686,0.14058,0.0034882,0.723471,0.00442042,0.149978,1.29444e-05,0,0,0.1467,0.7138,0.736307,0.136511
vgg16,top1,mc_maxprob,emp,0.15,1,0,0.14998,1.18477e-05,0.744744,0.00448708,0.150777,0.00353306,0.744682,0.00412434,,,0.61,0.48775,0.1467,0.7138,0.736307,0.136511
vgg16,top1,mc_maxprob,sgr_delta_0.01,0.15,1,0,0.141514,2.95853e-05,0.727198,0.00436345,0.142187,0.00343952,0.727126,0.00406015,0.149978,1.25441e-05,0.03,0.170587,0.1467,0.7138,0.736307,0.136511
vgg16,top1,mc_maxprob,sgr_delta_0.1,0.15,1,0,0.143446,2.23286e-05,0.73129,0.00426318,0.144163,0.00342567,0.731193,0.00390954,0.149975,1.27981e-05,0.03,0.170587,0.1467,0.7138,0.736307,0.136511
vgg16,top1,mc_maxprob,sgr,0.2,1,0,0.189402,2.87071e-05,0.82831,0.00421689,0.190159,0.00362174,0.828359,0.00400375,0.199978,1.02265e-05,0,0,0.1949,0.8154,0.837582,0.184092
vgg16,top1,mc_maxprob,emp,0.2,1,0,0.199987,1.05401e-05,0.849268,0.00422659,0.200724,0.00382217,0.849394,0.0041882,,,0.62,0.485386,0.1949,0.8154,0.837582,0.184092
vgg16,top1,mc_maxprob,sgr_delta_0.01,0.2,1,0,0.191098,2.32681e-05,0.831631,0.00409514,0.191841,0.0036802,0.831642,0.00403813,0.199978,1.17429e-05,0.01,0.0994987,0.1949,0.8154,0.837582,0.184092
vgg16,top1,mc_maxprob,sgr_delta_0.1,0.2,1,0,0.193132,1.82199e-05,0.835524,0.00411925,0.193844,0.00374237,0.835516,0.00410772,0.199981,1.05855e-05,0.07,0.255147,0.1949,0.8154,0.837582,0.184092
vgg16,top1,mc_maxprob,sgr,0.25,1,0,0.239121,2.48971e-05,0.9231,0.00376863,0.24004,0.00395502,0.923579,0.00351566,0.249982,9.83802e-06,0,0,0.2445,0.912,0.931164,0.233647
vgg16,top1,mc_maxprob,emp,0.25,1,0,0.249991,8.12715e-06,0.942705,0.00391613,0.250867,0.00388665,0.943028,0.00361237,,,0.58,0.493559,0.2445,0.912,0.931164,0.233647
vgg16,top1,mc_maxprob,sgr_delta_0.01,0.25,1,0,0.240865,2.01036e-05,0.926104,0.00372016,0.241773,0.00391791,0.926501,0.00345806,0.249983,9.00036e-06,0.01,0.0994987,0.2445,0.912,0.931164,0.233647
vgg16,top1,mc_maxprob,sgr_delta_0.1,0.25,1,0,0.242952,1.7024e-05,0.929664,0.0037375,0.243813,0.00393407,0.930025,0.00345064,0.249984,8.75771e-06,0.07,0.255147,0.2445,0.912,0.931164,0.233647
vgg16,top5,sr,sgr,0.01,0.93,0.255147,0.00527191,0.00036539,0.222078,0.0695577,0.00526135,0.00142072,0.221933,0.0698366,0.00988819,5.98854e-05,0,0,0.0078,0.3341,0.351059,0.00767868
vgg16,top5,sr,emp,0.01,1,0,0.00996073,2.35643e-05,0.428567,0.015443,0.00988006,0.00131568,0.429008,0.0151741,,,0.51,0.4999,0.0078,0.3341,0.351059,0.00767868
vgg16,top5,sr,sgr_delta_0.01,0.01,1,0,0.00618135,0.000234543,0.269093,0.0311914,0.00603382,0.00144105,0.269111,0.0310582,0.00991245,4.7539e-05,0.01,0.0994987,0.0078,0.3341,0.351059,0.00767868
vgg16,top5,sr,sgr_delta_0.1,0.01,1,0,0.0071541,0.000177652,0.307188,0.0389438,0.00697778,0.00146123,0.307004,0.0384064,0.00991967,4.03386e-05,0.02,0.14,0.0078,0.3341,0.351059,0.00767868
vgg16,top5,sr,sgr,0.02,1,0,0.0154201,6.57889e-05,0.52375,0.0144862,0.0153781,0.00161507,0.524048,0.0141142,0.019958,2.0905e-05,0,0,0.0179,0.5351,0.566396,0.0160413
vgg16,top5,sr,emp,0.02,1,0,0.0199743,1.69753e-05,0.596767,0.0106633,0.0199643,0.00160741,0.596802,0.0107478,,,0.46,0.498397,0.0179,0.5351,0.566396,0.0160413
vgg16,top5,sr,sgr_delta_0.01,0.02,1,0,0.0161542,4.73487e-05,0.535827,0.0130301,0.0161205,0.00157444,0.535943,0.0126611,0.0199556,2.1341e-05,0.02,0.14,0.0179,0.5351,0.566396,0.0160413
vgg16,top5,sr,sgr_delta_0.1,0.02,1,0,0.0170306,4.26714e-05,0.549897,0.0138902,0.0170196,0.00154527,0.549879,0.0135389,0.0199586,1.89491e-05,0.03,0.170587,0.0179,0.5351,0.566396,0.0160413
vgg16,top5,sr,sgr,0.03,1,0,0.0250071,3.74888e-05,0.661848,0.00937004,0.0251535,0.00163357,0.662034,0.00886849,0.0299701,1.62152e-05,0,0,0.029,0.6735,0.697617,0.0263214
vgg16,top5,sr,emp,0.03,1,0,0.0299775,1.53669e-05,0.708439,0.00905276,0.0301706,0.0017063,0.708533,0.00873172,,,0.55,0.497494,0.029,0.6735,0.697617,0.0263214
vgg16,top5,sr,sgr_delta_0.01,0.03,1,0,0.0257985,3.04123e-05,0.669458,0.0086361,0.0259058,0.00164487,0.669467,0.00820497,0.0299689,1.74462e-05,0,0,0.029,0.6735,0.697617,0.0263214
vgg16,top5,sr,sgr_delta_0.1,0.03,1,0,0.0267471,2.65766e-05,0.678512,0.00820485,0.0268611,0.0016146,0.678467,0.00757727,0.0299684,1.67421e-05,0.02,0.14,0.029,0.6735,0.697617,0.0263214
vgg16,top5,sr,sgr,0.04,1,0,0.0346211,3.39379e-05,0.75805,0.00853354,0.034854,0.00181427,0.757982,0.00847298,0.039972,1.46264e-05,0,0,0.0379,0.7586,0.783119,0.03487
vgg16,top5,sr,emp,0.04,1,0,0.0399795,1.16893e-05,0.798729,0.00626417,0.0402362,0.00189983,0.798889,0.0065042,,,0.53,0.499099,0.0379,0.7586,0.783119,0.03487
vgg16,top5,sr,sgr_delta_0.01,0.04,1,0,0.0354782,2.31994e-05,0.765526,0.00752608,0.0357501,0.00178989,0.76543,0.00752808,0.0399725,1.32644e-05,0.01,0.0994987,0.0379,0.7586,0.783119,0.03487
vgg16,top5,sr,sgr_delta_0.1,0.04,1,0,0.0365043,2.11785e-05,0.773955,0.00776167,0.0368249,0.00179219,0.773903,0.00783675,0.0399744,1.29414e-05,0.04,0.195959,0.0379,0.7586,0.783119,0.03487
vgg16,top5,sr,sgr,0.05,1,0,0.0442596,2.81919e-05,0.826339,0.00643952,0.0444954,0.00202087,0.826463,0.00650677,0.0499751,1.35115e-05,0,0,0.0496,0.8262,0.856636,0.0444745
vgg16,top5,sr,emp,0.05,1,0,0.0499806,1.10666e-05,0.85911,0.00530183,0.0502246,0.00220004,0.859342,0.00556149,,,0.54,0.498397,0.0496,0.8262,0.856636,0.0444745
vgg16,top5,sr,sgr_delta_0.01,0.05,1,0,0.0451709,2.13808e-05,0.831896,0.00631125,0.0454187,0.00201607,0.83202,0.00639821,0.0499752,1.2632e-05,0.01,0.0994987,0.0496,0.8262,0.856636,0.0444745
vgg16,top5,sr,sgr_delta_0.1,0.05,1,0,0.0462661,1.94405e-05,0.838184,0.00633788,0.0464669,0.00204928,0.838231,0.00653279,0.0499781,1.27829e-05,0.05,0.217945,0.0496,0.8262,0.856636,0.0444745
vgg16,top5,sr,sgr,0.06,1,0,0.0539187,2.13884e-05,0.87666,0.00528352,0.0542152,0.00240278,0.877167,0.00553793,0.0599765,1.15958e-05,0.02,0.14,0.0577,0.8668,0.892154,0.0519275
vgg16,top5,sr,emp,0.06,1,0,0.0599822,1.17582e-05,0.903034,0.00545004,0.0603471,0.00246587,0.903556,0.00546625,,,0.61,0.48775,0.0577,0.8668,0.892154,0.0519275
vgg16,top5,sr,sgr_delta_0.01,0.06,1,0,0.054882,1.61272e-05,0.880762,0.00523372,0.0551965,0.00242273,0.881239,0.00549349,0.0599765,1.06012e-05,0.02,0.14,0.0577,0.8668,0.892154,0.0519275
vgg16,top5,sr,sgr_delta_0.1,0.06,1,0,0.0560421,1.55998e-05,0.885747,0.0053272,0.0564026,0.00241221,0.886278,0.00558133,0.0599793,1.129e-05,0.08,0.271293,0.0577,0.8668,0.892154,0.0519275
vgg16,top5,sr,sgr,0.07,1,0,0.0636042,1.90303e-05,0.917153,0.00463763,0.063981,0.00250987,0.917625,0.00476653,0.069976,1.12541e-05,0,0,0.0694,0.9114,0.936557,0.0622133
vgg16,top5,sr,emp,0.07,1,0,0.0699808,1.03122e-05,0.939235,0.00370802,0.0703813,0.00245891,0.939474,0.0038268,,,0.55,0.497494,0.0694,0.9114,0.936557,0.0622133
vgg16,top5,sr,sgr_delta_0.01,0.07,1,0,0.0646214,1.60128e-05,0.920833,0.00461905,0.0650313,0.00248189,0.921279,0.00472944,0.0699798,1.02818e-05,0.02,0.14,0.0694,0.9114,0.936557,0.0622133
vgg16,top5,sr,sgr_delta_0.1,0.07,1,0,0.0658384,1.53626e-05,0.925222,0.00472213,0.0662218,0.00248195,0.925566,0.00474731,0.0699791,1.16595e-05,0.06,0.237487,0.0694,0.9114,0.936557,0.0622133
vgg16,top5,top5_mass,sgr,0.01,1,0,0.00639197,0.0001107,0.414965,0.0255497,0.00630792,0.00120411,0.415115,0.0251753,0.00994259,2.9802e-05,0,0,0.0078,0.3341,0.471838,0.00435173
vgg16,top5,top5_mass,emp,0.01,1,0,0.00997097,1.76922e-05,0.529017,0.016921,0.00974167,0.00127639,0.528751,0.0164152,,,0.47,0.499099,0.0078,0.3341,0.471838,0.00435173
vgg16,top5,top5_mass,sgr_delta_0.01,0.01,1,0,0.00699586,8.98642e-05,0.437387,0.0241726,0.00692352,0.00125113,0.437565,0.0235049,0.00994547,2.78625e-05,0.01,0.0994987,0.0078,0.3341,0.471838,0.00435173
vgg16,top5,top5_mass,sgr_delta_0.1,0.01,1,0,0.00769352,5.80346e-05,0.460904,0.0223424,0.00759429,0.00122211,0.461218,0.0213227,0.00995223,2.20454e-05,0.04,0.195959,0.0078,0.3341,0.471838,0.00435173
vgg16,top5,top5_mass,sgr,0.02,1,0,0.0158368,3.4276e-05,0.636547,0.010074,0.0156589,0.00143609,0.635961,0.00977979,0.0199645,1.67701e-05,0.01,0.0994987,0.0179,0.5351,0.668653,0.00999178
vgg16,top5,top5_mass,emp,0.02,1,0,0.0199759,1.35823e-05,0.690132,0.00730854,0.0199636,0.00150616,0.6899,0.00719275,,,0.47,0.499099,0.0179,0.5351,0.668653,0.00999178
vgg16,top5,top5_mass,sgr_delta_0.01,0.02,1,0,0.0164966,3.24428e-05,0.645423,0.0110234,0.0163425,0.00142996,0.644972,0.0106704,0.0199674,1.68223e-05,0.01,0.0994987,0.0179,0.5351,0.668653,0.00999178
vgg16,top5,top5_mass,sgr_delta_0.1,0.02,1,0,0.0172908,2.78561e-05,0.658231,0.0119088,0.0172075,0.00138684,0.657882,0.011635,0.0199695,1.6363e-05,0.03,0.170587,0.0179,0.5351,0.668653,0.00999178
vgg16,top5,top5_mass,sgr,0.03,1,0,0.0252704,2.70633e-05,0.740622,0.00844722,0.025545,0.00160419,0.740924,0.0081953,0.0299671,1.48096e-05,0,0,0.029,0.6735,0.770335,0.0182557
vgg16,top5,top5_mass,emp,0.03,1,0,0.0299791,1.31445e-05,0.778195,0.00608753,0.0302386,0.00166408,0.778512,0.00598723,,,0.56,0.496387,0.029,0.6735,0.770335,0.0182557
vgg16,top5,top5_mass,sgr_delta_0.01,0.03,1,0,0.0260228,2.5555e-05,0.747767,0.00862486,0.0262347,0.00164888,0.748085,0.00841967,0.0299721,1.46305e-05,0.02,0.14,0.029,0.6735,0.770335,0.0182557
vgg16,top5,top5_mass,sgr_delta_0.1,0.03,1,0,0.0269226,1.77309e-05,0.756106,0.00728654,0.0271686,0.00164692,0.756406,0.00708578,0.0299753,1.36432e-05,0.07,0.255147,0.029,0.6735,0.770335,0.0182557
vgg16,top5,top5_mass,sgr,0.04,1,0,0.0347956,2.54359e-05,0.810351,0.00637782,0.0349681,0.00184477,0.810605,0.00653365,0.0399737,1.25612e-05,0,0,0.0379,0.7586,0.826432,0.0274321
vgg16,top5,top5_mass,emp,0.04,1,0,0.0399813,1.26542e-05,0.837202,0.00533566,0.0403173,0.00192776,0.837422,0.00544691,,,0.58,0.493559,0.0379,0.7586,0.826432,0.0274321
vgg16,top5,top5_mass,sgr_delta_0.01,0.04,1,0,0.0356182,1.75155e-05,0.815649,0.00580712,0.0358207,0.00185909,0.815851,0.00595267,0.0399737,1.20455e-05,0.01,0.0994987,0.0379,0.7586,0.826432,0.0274321
vgg16,top5,top5_mass,sgr_delta_0.1,0.04,1,0,0.0366062,1.48217e-05,0.821072,0.0052754,0.0368369,0.00190085,0.821214,0.00533826,0.0399757,1.1595e-05,0.04,0.195959,0.0379,0.7586,0.826432,0.0274321
vgg16,top5,top5_mass,sgr,0.05,1,0,0.0443591,1.68204e-05,0.856103,0.0041055,0.0447341,0.00201241,0.85638,0.00407258,0.0499757,1.13011e-05,0,0,0.0496,0.8262,0.87405,0.0378669
vgg16,top5,top5_mass,emp,0.05,1,0,0.0499803,1.09079e-05,0.876858,0.00434628,0.0503044,0.0020681,0.876911,0.00432654,,,0.56,0.496387,0.0496,0.8262,0.87405,0.0378669
vgg16,top5,top5_mass,sgr_delta_0.01,0.05,1,0,0.0452463,1.6856e-05,0.859207,0.00383941,0.0455805,0.00197881,0.859403,0.00385211,0.0499742,1.24999e-05,0,0,0.0496,0.8262,0.87405,0.0378669
vgg16,top5,top5_mass,sgr_delta_0.1,0.05,1,0,0.0463182,1.47191e-05,0.862788,0.00375966,0.0466336,0.00200181,0.862953,0.00368527,0.049977,1.31928e-05,0.04,0.195959,0.0496,0.8262,0.87405,0.0378669
vgg16,top5,top5_mass,sgr,0.06,1,0,0.0539695,1.81467e-05,0.891036,0.00439856,0.0542265,0.00218762,0.891076,0.00429748,0.059979,1.14789e-05,0,0,0.0577,0.8668,0.903881,0.0478357
vgg16,top5,top5_mass,emp,0.06,1,0,0.0599834,1.17414e-05,0.913066,0.00446609,0.0603298,0.00228296,0.913357,0.00428904,,,0.53,0.499099,0.0577,0.8668,0.903881,0.0478357
vgg16,top5,top5_mass,sgr_delta_0.01,0.06,1,0,0.0549214,1.7476e-05,0.894615,0.00434962,0.0552343,0.00219286,0.894713,0.00422328,0.0599766,1.19468e-05,0.01,0.0994987,0.0577,0.8668,0.903881,0.0478357
vgg16,top5,top5_mass,sgr_delta_0.1,0.06,1,0,0.0560674,1.43964e-05,0.898738,0.00445812,0.0563576,0.00224852,0.898876,0.00423804,0.0599761,1.21913e-05,0.04,0.195959,0.0577,0.8668,0.903881,0.0478357
vgg16,top5,top5_mass,sgr,0.07,1,0,0.063638,1.81409e-05,0.926162,0.0039529,0.0639962,0.00233109,0.926565,0.00382924,0.0699792,1.05934e-05,0,0,0.0694,0.9114,0.94278,0.0598187
vgg16,top5,top5_mass,emp,0.07,1,0,0.0699845,1.07442e-05,0.945101,0.00375858,0.0702606,0.00239931,0.945365,0.0036953,,,0.55,0.497494,0.0694,0.9114,0.94278,0.0598187
vgg16,top5,top5_mass,sgr_delta_0.01,0.07,1,0,0.0646455,1.55732e-05,0.929339,0.00377286,0.0649985,0.00231185,0.929696,0.00359676,0.0699794,1.17649e-05,0.02,0.14,0.0694,0.9114,0.94278,0.0598187
vgg16,top5,top5_mass,sgr_delta_0.1,0.07,1,0,0.0658544,1.45474e-05,0.932961,0.00358586,0.0662185,0.00227493,0.933297,0.00333921,0.0699779,1.16386e-05,0.06,0.237487,0.0694,0.9114,0.94278,0.0598187
vgg16,top5,mc_variance,sgr,0.01,0.82,0.384187,0.00472678,0.00043055,0.156393,0.0792151,0.00480346,0.00157385,0.156449,0.0793715,0.00984185,8.46095e-05,0,0,0.0078,0.3341,0.277601,0.0150054
vgg16,top5,mc_variance,emp,0.01,1,0,0.00994444,3.31856e-05,0.301114,0.00757576,0.00989232,0.00158234,0.301226,0.00757709,,,0.43,0.495076,0.0078,0.3341,0.277601,0.0150054
vgg16,top5,mc_variance,sgr_delta_0.01,0.01,0.99,0.0994987,0.0058786,0.000232651,0.227392,0.0338199,0.00596456,0.00148909,0.227419,0.0341588,0.00989451,5.32039e-05,0.010101,0.0999949,0.0078,0.3341,0.277601,0.0150054
vgg16,top5,mc_variance,sgr_delta_0.1,0.01,1,0,0.00689425,0.000138875,0.255652,0.0201477,0.00688049,0.00152439,0.25564,0.0199798,0.00990893,4.70238e-05,0.03,0.170587,0.0078,0.3341,0.277601,0.0150054
vgg16,top5,mc_variance,sgr,0.02,1,0,0.0142488,5.6138e-05,0.328038,0.00544306,0.0139158,0.00175749,0.327866,0.00563493,0.0199317,3.80687e-05,0,0,0.0179,0.5351,0.349247,0.0558596
vgg16,top5,mc_variance,emp,0.02,1,0,0.0199506,2.97281e-05,0.355199,0.00501909,0.0194788,0.00212649,0.355245,0.00504461,,,0.41,0.491833,0.0179,0.5351,0.349247,0.0558596
vgg16,top5,mc_variance,sgr_delta_0.01,0.02,1,0,0.015136,4.55787e-05,0.33273,0.00551468,0.0147412,0.00185484,0.332606,0.00595029,0.019929,3.14082e-05,0,0,0.0179,0.5351,0.349247,0.0558596
vgg16,top5,mc_variance,sgr_delta_0.1,0.02,1,0,0.016221,3.98869e-05,0.33876,0.00554904,0.0157756,0.00181381,0.338665,0.00582571,0.0199402,2.98645e-05,0,0,0.0179,0.5351,0.349247,0.0558596
vgg16,top5,mc_variance,sgr,0.03,1,0,0.0233542,5.96496e-05,0.370061,0.00586403,0.022868,0.00220604,0.370193,0.00580155,0.0299411,2.94495e-05,0,0,0.029,0.6735,0.399531,0.0742998
vgg16,top5,mc_variance,emp,0.03,1,0,0.0299615,2.33354e-05,0.401955,0.00572908,0.0296279,0.00230074,0.402111,0.00551424,,,0.48,0.4996,0.029,0.6735,0.399531,0.0742998
vgg16,top5,mc_variance,sgr_delta_0.01,0.03,1,0,0.0243976,5.85887e-05,0.374859,0.00631116,0.0238993,0.00230622,0.37497,0.0062272,0.0299412,2.95397e-05,0,0,0.029,0.6735,0.399531,0.0742998
vgg16,top5,mc_variance,sgr_delta_0.1,0.03,1,0,0.0256611,4.62689e-05,0.381517,0.00624391,0.0252623,0.00228292,0.381675,0.00608517,0.0299469,2.76946e-05,0,0,0.029,0.6735,0.399531,0.0742998
vgg16,top5,mc_variance,sgr,0.04,1,0,0.0327552,5.70783e-05,0.41435,0.00590891,0.0323847,0.00229377,0.414474,0.00582817,0.0399489,2.81096e-05,0,0,0.0379,0.7586,0.443701,0.0832749
vgg16,top5,mc_variance,emp,0.04,1,0,0.0399715,2.00062e-05,0.453783,0.00665846,0.0398333,0.00240974,0.45396,0.00670315,,,0.44,0.496387,0.0379,0.7586,0.443701,0.0832749
vgg16,top5,mc_variance,sgr_delta_0.01,0.04,1,0,0.0339152,5.09007e-05,0.420251,0.00677368,0.0336637,0.00232883,0.420448,0.00674083,0.0399561,2.36406e-05,0,0,0.0379,0.7586,0.443701,0.0832749
vgg16,top5,mc_variance,sgr_delta_0.1,0.04,1,0,0.0352945,4.64402e-05,0.427639,0.00697468,0.0350316,0.00230973,0.427883,0.00677707,0.0399545,2.40725e-05,0.02,0.14,0.0379,0.7586,0.443701,0.0832749
vgg16,top5,mc_variance,sgr,0.05,1,0,0.0423715,5.41981e-05,0.464974,0.00629306,0.0422307,0.00246688,0.465147,0.00602374,0.0499552,2.1935e-05,0,0,0.0496,0.8262,0.502692,0.0888502
vgg16,top5,mc_variance,emp,0.05,1,0,0.0499699,1.89444e-05,0.502742,0.00726394,0.0496165,0.00249315,0.502722,0.00689754,,,0.45,0.497494,0.0496,0.8262,0.502692,0.0888502
vgg16,top5,mc_variance,sgr_delta_0.01,0.05,1,0,0.0435919,5.48709e-05,0.470685,0.00719766,0.0434065,0.00250043,0.470771,0.00677522,0.0499586,2.29442e-05,0,0,0.0496,0.8262,0.502692,0.0888502
vgg16,top5,mc_variance,sgr_delta_0.1,0.05,1,0,0.0450526,4.15717e-05,0.477916,0.00708658,0.0448204,0.00257531,0.478053,0.00687423,0.0499621,2.13054e-05,0.02,0.14,0.0496,0.8262,0.502692,0.0888502
vgg16,top5,mc_variance,sgr,0.06,1,0,0.0520778,5.48643e-05,0.51361,0.0069829,0.0517359,0.00254746,0.513615,0.00664191,0.0599633,1.73455e-05,0,0,0.0577,0.8668,0.547062,0.0918962
vgg16,top5,mc_variance,emp,0.06,1,0,0.0599744,1.59756e-05,0.558959,0.009922,0.059519,0.00283453,0.558667,0.00953521,,,0.37,0.482804,0.0577,0.8668,0.547062,0.0918962
vgg16,top5,mc_variance,sgr_delta_0.01,0.06,1,0,0.0533464,5.16587e-05,0.519946,0.00718794,0.052977,0.00263656,0.519856,0.00697321,0.0599605,1.98248e-05,0,0,0.0577,0.8668,0.547062,0.0918962
vgg16,top5,mc_variance,sgr_delta_0.1,0.06,1,0,0.0548679,4.37369e-05,0.527837,0.00760122,0.0544964,0.00266634,0.527715,0.00745238,0.0599632,1.98905e-05,0.02,0.14,0.0577,0.8668,0.547062,0.0918962
vgg16,top5,mc_variance,sgr,0.07,1,0,0.0619227,8.16655e-05,0.572247,0.0115714,0.061403,0.00299978,0.571899,0.0112059,0.069968,1.72892e-05,0,0,0.0694,0.9114,0.634772,0.0940544
vgg16,top5,mc_variance,emp,0.07,1,0,0.0699737,1.54943e-05,0.636628,0.0119857,0.0695634,0.00271034,0.636366,0.0119669,,,0.44,0.496387,0.0694,0.9114,0.634772,0.0940544
vgg16,top5,mc_variance,sgr_delta_0.01,0.07,1,0,0.0632361,7.16375e-05,0.581737,0.0119636,0.0626949,0.00292887,0.581329,0.0114113,0.0699658,1.80876e-05,0,0,0.0694,0.9114,0.634772,0.0940544
vgg16,top5,mc_variance,sgr_delta_0.1,0.07,1,0,0.064802,5.11363e-05,0.593991,0.0113758,0.0643175,0.00280373,0.59362,0.0110522,0.0699668,1.57941e-05,0.02,0.14,0.0694,0.9114,0.634772,0.0940544
vgg16,top5,mc_maxprob,sgr,0.01,0.89,0.31289,0.00508514,0.000439013,0.197314,0.0805259,0.00504668,0.00158918,0.197371,0.0806637,0.00987948,6.61549e-05,0,0,0.0078,0.3341,0.359265,0.00722974
vgg16,top5,mc_maxprob,emp,0.01,1,0,0.00996348,2.31358e-05,0.430734,0.0172566,0.0098501,0.00126592,0.431005,0.0171286,,,0.46,0.498397,0.0078,0.3341,0.359265,0.00722974
vgg16,top5,mc_maxprob,sgr_delta_0.01,0.01,0.99,0.0994987,0.00615281,0.000250966,0.264136,0.0447607,0.00608633,0.00136951,0.26402,0.044446,0.00990134,4.93571e-05,0,0,0.0078,0.3341,0.359265,0.00722974
vgg16,top5,mc_maxprob,sgr_delta_0.1,0.01,1,0,0.0071931,0.000217837,0.316592,0.0447622,0.00710319,0.00149465,0.316332,0.0440431,0.00992406,4.17907e-05,0.03,0.170587,0.0078,0.3341,0.359265,0.00722974
vgg16,top5,mc_maxprob,sgr,0.02,1,0,0.0154624,5.45456e-05,0.53439,0.0123195,0.0155349,0.0015701,0.534671,0.0121799,0.0199556,1.90974e-05,0,0,0.0179,0.5351,0.575982,0.0155502
vgg16,top5,mc_maxprob,emp,0.02,1,0,0.0199739,1.61576e-05,0.611418,0.0119424,0.0201073,0.00152285,0.611497,0.0120644,,,0.5,0.5,0.0179,0.5351,0.575982,0.0155502
vgg16,top5,mc_maxprob,sgr_delta_0.01,0.02,1,0,0.0161856,4.64657e-05,0.544845,0.0125451,0.0162055,0.00154837,0.54515,0.0124943,0.0199561,1.94968e-05,0.01,0.0994987,0.0179,0.5351,0.575982,0.0155502
vgg16,top5,mc_maxprob,sgr_delta_0.1,0.02,1,0,0.0170582,4.65252e-05,0.559458,0.0151474,0.0170535,0.00157192,0.559599,0.0152243,0.0199617,2.05624e-05,0.03,0.170587,0.0179,0.5351,0.575982,0.0155502
vgg16,top5,mc_maxprob,sgr,0.03,1,0,0.0250686,3.88808e-05,0.679018,0.0103017,0.0252227,0.00163644,0.678994,0.00981472,0.0299698,1.47978e-05,0,0,0.029,0.6735,0.717589,0.0247975
vgg16,top5,mc_maxprob,emp,0.03,1,0,0.0299794,1.33274e-05,0.729087,0.0086298,0.0301897,0.00171913,0.728987,0.00848272,,,0.55,0.497494,0.029,0.6735,0.717589,0.0247975
vgg16,top5,mc_maxprob,sgr_delta_0.01,0.03,1,0,0.0258535,3.15835e-05,0.687789,0.00919415,0.0259887,0.00162922,0.687812,0.00877307,0.0299688,1.5257e-05,0,0,0.029,0.6735,0.717589,0.0247975
vgg16,top5,mc_maxprob,sgr_delta_0.1,0.03,1,0,0.0267907,2.68868e-05,0.69731,0.0091649,0.0269336,0.0016973,0.697203,0.00888319,0.0299685,1.61392e-05,0.03,0.170587,0.029,0.6735,0.717589,0.0247975
vgg16,top5,mc_maxprob,sgr,0.04,1,0,0.0346612,2.62384e-05,0.769062,0.006485,0.0349135,0.00187391,0.769131,0.00655591,0.0399744,1.41039e-05,0,0,0.0379,0.7586,0.788191,0.0333356
vgg16,top5,mc_maxprob,emp,0.04,1,0,0.0399819,1.20095e-05,0.805054,0.00704412,0.0402935,0.00189362,0.80517,0.0074634,,,0.56,0.496387,0.0379,0.7586,0.788191,0.0333356
vgg16,top5,mc_maxprob,sgr_delta_0.01,0.04,1,0,0.0355052,2.07984e-05,0.774611,0.00607601,0.0357946,0.00182812,0.774683,0.00630623,0.0399734,1.41162e-05,0.01,0.0994987,0.0379,0.7586,0.788191,0.0333356
vgg16,top5,mc_maxprob,sgr_delta_0.1,0.04,1,0,0.0365185,1.76528e-05,0.78095,0.00581695,0.0367896,0.0018225,0.781025,0.00603857,0.0399729,1.37839e-05,0.01,0.0994987,0.0379,0.7586,0.788191,0.0333356
vgg16,top5,mc_maxprob,sgr,0.05,1,0,0.0442815,2.29688e-05,0.832788,0.00619052,0.0446393,0.00203113,0.832871,0.00640351,0.0499752,1.25413e-05,0,0,0.0496,0.8262,0.859901,0.0435173
vgg16,top5,mc_maxprob,emp,0.05,1,0,0.0499814,1.26636e-05,0.862944,0.00522627,0.0503775,0.00229386,0.8633,0.00563492,,,0.57,0.495076,0.0496,0.8262,0.859901,0.0435173
vgg16,top5,mc_maxprob,sgr_delta_0.01,0.05,1,0,0.0451877,2.14258e-05,0.837961,0.00605082,0.0455097,0.00206808,0.837977,0.00644005,0.0499747,1.15987e-05,0.03,0.170587,0.0496,0.8262,0.859901,0.0435173
vgg16,top5,mc_maxprob,sgr_delta_0.1,0.05,1,0,0.0462767,1.84473e-05,0.844043,0.0059944,0.0466027,0.00204597,0.844146,0.0063994,0.0499758,1.21585e-05,0.05,0.217945,0.0496,0.8262,0.859901,0.0435173
vgg16,top5,mc_maxprob,sgr,0.06,1,0,0.0539322,2.11665e-05,0.880015,0.00545694,0.0543077,0.002313,0.880338,0.00562474,0.0599787,1.16499e-05,0.01,0.0994987,0.0577,0.8668,0.8959,0.0510951
vgg16,top5,mc_maxprob,emp,0.06,1,0,0.0599822,1.03129e-05,0.907215,0.0050219,0.0604229,0.00232981,0.907645,0.00516117,,,0.56,0.496387,0.0577,0.8668,0.8959,0.0510951
vgg16,top5,mc_maxprob,sgr_delta_0.01,0.06,1,0,0.0548933,1.76709e-05,0.884295,0.00551749,0.0552501,0.00236284,0.884702,0.00569715,0.0599778,1.08147e-05,0.02,0.14,0.0577,0.8668,0.8959,0.0510951
vgg16,top5,mc_maxprob,sgr_delta_0.1,0.06,1,0,0.0560495,1.54856e-05,0.88947,0.00544887,0.0563756,0.00233431,0.889875,0.0057036,0.0599785,1.23169e-05,0.05,0.217945,0.0577,0.8668,0.8959,0.0510951
vgg16,top5,mc_maxprob,sgr,0.07,1,0,0.0636184,1.64876e-05,0.92035,0.00369187,0.0641017,0.00239557,0.920823,0.00381432,0.0699794,1.19701e-05,0.01,0.0994987,0.0694,0.9114,0.936395,0.0612526
vgg16,top5,mc_maxprob,emp,0.07,1,0,0.0699823,9.41262e-06,0.939037,0.00386093,0.0703423,0.00248035,0.939261,0.00394408,,,0.59,0.491833,0.0694,0.9114,0.936395,0.0612526
vgg16,top5,mc_maxprob,sgr_delta_0.01,0.07,1,0,0.0646285,1.59015e-05,0.923233,0.00356003,0.065067,0.00243179,0.923656,0.00370552,0.0699799,1.20924e-05,0.01,0.0994987,0.0694,0.9114,0.936395,0.0612526
vgg16,top5,mc_maxprob,sgr_delta_0.1,0.07,1,0,0.0658432,1.37186e-05,0.926673,0.00363529,0.0662975,0.00239637,0.927111,0.00374529,0.0699808,1.14824e-05,0.07,0.255147,0.0694,0.9114,0.936395,0.0612526
resnet50,top1,sr,sgr,0.02,1,0,0.0133249,0.000268405,0.242741,0.020821,0.0135239,0.00248209,0.243286,0.0204375,0.0198979,5.00467e-05,0.01,0.0994987,0.0164,0.2585,0.291803,0.0144561
resnet50,top1,sr,emp,0.02,1,0,0.0199527,3.15238e-05,0.339922,0.0146,0.0197421,0.00219764,0.339995,0.0144995,,,0.44,0.496387,0.0164,0.2585,0.291803,0.0144561
resnet50,top1,sr,sgr_delta_0.01,0.02,1,0,0.0144805,0.00023145,0.258147,0.0222689,0.0144969,0.00237659,0.258688,0.0218819,0.0199131,4.30064e-05,0.01,0.0994987,0.0164,0.2585,0.291803,0.0144561
resnet50,top1,sr,sgr_delta_0.1,0.02,1,0,0.0158239,0.000174334,0.279242,0.0217228,0.0157262,0.00245337,0.279672,0.0215022,0.0199224,4.27142e-05,0.04,0.195959,0.0164,0.2585,0.291803,0.0144561
resnet50,top1,sr,sgr,0.05,1,0,0.0427077,5.87751e-05,0.509237,0.00810466,0.0426359,0.00261989,0.509167,0.0073804,0.0499608,2.01067e-05,0,0,0.0474,0.4878,0.534024,0.0386666
resnet50,top1,sr,emp,0.05,1,0,0.0499668,1.87898e-05,0.545586,0.00713881,0.0499365,0.00287724,0.545299,0.00647289,,,0.47,0.499099,0.0474,0.4878,0.534024,0.0386666
resnet50,top1,sr,sgr_delta_0.01,0.05,1,0,0.0438761,5.41464e-05,0.515844,0.00827994,0.043852,0.0026881,0.515835,0.00767291,0.0499613,2.03578e-05,0,0,0.0474,0.4878,0.534024,0.0386666
resnet50,top1,sr,sgr_delta_0.1,0.05,1,0,0.045266,4.08854e-05,0.523142,0.00801096,0.045222,0.00268631,0.523113,0.00720798,0.0499594,2.30895e-05,0.03,0.170587,0.0474,0.4878,0.534024,0.0386666
resnet50,top1,sr,sgr,0.1,1,0,0.0912981,4.04893e-05,0.68586,0.00589206,0.0914322,0.00330639,0.685653,0.00535542,0.0999715,1.31602e-05,0.01,0.0994987,0.0988,0.6502,0.706068,0.0794088
resnet50,top1,sr,emp,0.1,1,0,0.0999816,1.33982e-05,0.710039,0.0047261,0.100231,0.00326504,0.709825,0.00459543,,,0.52,0.4996,0.0988,0.6502,0.706068,0.0794088
resnet50,top1,sr,sgr_delta_0.01,0.1,1,0,0.09269,3.25702e-05,0.690178,0.00553907,0.0928669,0.00331797,0.689945,0.00503427,0.0999739,1.3606e-05,0.01,0.0994987,0.0988,0.6502,0.706068,0.0794088
resnet50,top1,sr,sgr_delta_0.1,0.1,1,0,0.0943539,2.58883e-05,0.694847,0.00513312,0.094487,0.00330403,0.694534,0.00465781,0.0999754,1.45932e-05,0.06,0.237487,0.0988,0.6502,0.706068,0.0794088
resnet50,top1,sr,sgr,0.15,1,0,0.140427,3.13722e-05,0.806565,0.00480016,0.140979,0.00400569,0.806626,0.00471584,0.149978,1.19418e-05,0,0,0.1475,0.7676,0.821973,0.123576
resnet50,top1,sr,emp,0.15,1,0,0.149984,1.10223e-05,0.829491,0.00528561,0.150748,0.00406762,0.829863,0.0052397,,,0.6,0.489898,0.1475,0.7676,0.821973,0.123576
resnet50,top1,sr,sgr_delta_0.01,0.15,1,0,0.141957,2.95605e-05,0.80995,0.00494474,0.14253,0.00403125,0.810086,0.00489442,0.149979,1.24484e-05,0.02,0.14,0.1475,0.7676,0.821973,0.123576
resnet50,top1,sr,sgr_delta_0.1,0.15,1,0,0.14379,2.21235e-05,0.81421,0.00517778,0.144354,0.00411544,0.814444,0.00518369,0.149978,1.12631e-05,0.1,0.3,0.1475,0.7676,0.821973,0.123576
resnet50,top1,sr,sgr,0.2,1,0,0.18991,2.56153e-05,0.913583,0.00424625,0.190774,0.00403901,0.913947,0.0038218,0.199983,1.0436e-05,0.01,0.0994987,0.1955,0.8677,0.923137,0.167968
resnet50,top1,sr,emp,0.2,1,0,0.199988,9.16069e-06,0.933098,0.00420864,0.200857,0.00403296,0.933362,0.00396354,,,0.62,0.485386,0.1955,0.8677,0.923137,0.167968
resnet50,top1,sr,sgr_delta_0.01,0.2,1,0,0.191523,2.26931e-05,0.91676,0.00437901,0.192427,0.00405976,0.917144,0.00394487,0.199981,1.00893e-05,0.01,0.0994987,0.1955,0.8677,0.923137,0.167968
resnet50,top1,sr,sgr_delta_0.1,0.2,1,0,0.193457,1.85772e-05,0.920527,0.00434703,0.194324,0.00408644,0.920875,0.00398214,0.199981,1.01776e-05,0.08,0.271293,0.1955,0.8677,0.923137,0.167968
resnet50,top1,sr,sgr,0.25,1,0,0.237842,0.00164891,0.999448,0.00122853,0.23853,0.00265757,0.999466,0.00116882,0.248256,0.00167562,0,0,0.2451,0.9614,1,0.215716
resnet50,top1,sr,emp,0.25,1,0,0.238202,0.00210858,1,0,0.238847,0.0021087,0.999959,5.42527e-05,,,0,0,0.2451,0.9614,1,0.215716
resnet50,top1,sr,sgr_delta_0.01,0.25,1,0,0.238096,0.00195868,0.999844,0.000600136,0.238747,0.0022933,0.999809,0.000574068,0.246835,0.0019834,0,0,0.2451,0.9614,1,0.215716
resnet50,top1,sr,sgr_delta_0.1,0.25,1,0,0.23816,0.00207839,0.999942,0.000175118,0.238804,0.00213879,0.9999,0.000160549,0.244893,0.00209816,0,0,0.2451,0.9614,1,0.215716
resnet50,top5,sr,sgr,0.01,0.94,0.237487,0.0057902,0.000262436,0.285199,0.0798916,0.00594671,0.00126948,0.285609,0.0796476,0.00991404,4.19551e-05,0,0,0.0085,0.3807,0.424683,0.00765917
resnet50,top5,sr,emp,0.01,1,0,0.00996866,2.02927e-05,0.473679,0.0209955,0.00997048,0.00138861,0.473874,0.0209069,,,0.54,0.498397,0.0085,0.3807,0.424683,0.00765917
resnet50,top5,sr,sgr_delta_0.01,0.01,1,0,0.00654215,0.000174505,0.3296,0.0311467,0.00650335,0.00131013,0.329622,0.03076,0.00992568,3.67429e-05,0,0,0.0085,0.3807,0.424683,0.00765917
resnet50,top5,sr,sgr_delta_0.1,0.01,1,0,0.00741026,0.000110271,0.36621,0.0323525,0.00732867,0.00129349,0.366388,0.0318625,0.00994321,2.46394e-05,0.02,0.14,0.0085,0.3807,0.424683,0.00765917
resnet50,top5,sr,sgr,0.02,1,0,0.0157178,4.86507e-05,0.600707,0.0134983,0.0156565,0.00156162,0.600482,0.0131551,0.0199637,1.90954e-05,0,0,0.0189,0.5935,0.65914,0.0152777
resnet50,top5,sr,emp,0.02,1,0,0.0199767,1.41353e-05,0.677168,0.0135055,0.0200178,0.00166516,0.67693,0.0134742,,,0.48,0.4996,0.0189,0.5935,0.65914,0.0152777
resnet50,top5,sr,sgr_delta_0.01,0.02,1,0,0.0164048,4.33378e-05,0.612688,0.0145439,0.0163507,0.00158252,0.61248,0.014382,0.0199655,1.65871e-05,0.01,0.0994987,0.0189,0.5935,0.65914,0.0152777
resnet50,top5,sr,sgr_delta_0.1,0.02,1,0,0.017224,3.90093e-05,0.627554,0.0165636,0.017158,0.00164468,0.627374,0.0162338,0.0199671,1.73429e-05,0.05,0.217945,0.0189,0.5935,0.65914,0.0152777
resnet50,top5,sr,sgr,0.03,1,0,0.0253101,3.80639e-05,0.752126,0.0119084,0.025514,0.00186421,0.752112,0.0121847,0.029972,1.45959e-05,0.01,0.0994987,0.0273,0.7096,0.773775,0.0222762
resnet50,top5,sr,emp,0.03,1,0,0.0299803,1.15471e-05,0.805741,0.0117622,0.0302216,0.00200078,0.805929,0.0121068,,,0.57,0.495076,0.0273,0.7096,0.773775,0.0222762
resnet50,top5,sr,sgr_delta_0.01,0.03,1,0,0.0260548,3.2394e-05,0.760829,0.0114182,0.0262276,0.00186609,0.760748,0.0114385,0.0299705,1.43031e-05,0.02,0.14,0.0273,0.7096,0.773775,0.0222762
resnet50,top5,sr,sgr_delta_0.1,0.03,1,0,0.0269542,2.52644e-05,0.770735,0.0111326,0.0270539,0.00187021,0.770771,0.0111337,0.0299783,1.29913e-05,0.04,0.195959,0.0273,0.7096,0.773775,0.0222762
resnet50,top5,sr,sgr,0.04,1,0,0.0349429,2.64328e-05,0.858287,0.00809861,0.0352862,0.00199788,0.858636,0.00781953,0.0399768,1.30214e-05,0.01,0.0994987,0.0358,0.8158,0.86258,0.0310302
resnet50,top5,sr,emp,0.04,1,0,0.0399822,1.07998e-05,0.894717,0.00689419,0.04036,0.00205933,0.895063,0.00679116,,,0.57,0.495076,0.0358,0.8158,0.86258,0.0310302
resnet50,top5,sr,sgr_delta_0.01,0.04,1,0,0.0357438,2.15935e-05,0.864146,0.0077874,0.0360871,0.00205512,0.864406,0.00763906,0.0399769,1.13605e-05,0.04,0.195959,0.0358,0.8158,0.86258,0.0310302
resnet50,top5,sr,sgr_delta_0.1,0.04,1,0,0.0367057,1.84791e-05,0.871263,0.00783104,0.0370046,0.00207215,0.871412,0.00778103,0.0399772,1.18477e-05,0.08,0.271293,0.0358,0.8158,0.86258,0.0310302
resnet50,top5,sr,sgr,0.05,1,0,0.0445514,1.9673e-05,0.917698,0.00559654,0.0449825,0.00217313,0.918034,0.00536176,0.0499789,1.09951e-05,0.02,0.14,0.0464,0.8846,0.925147,0.0387859
resnet50,top5,sr,emp,0.05,1,0,0.049982,1.06995e-05,0.943587,0.00423579,0.0503876,0.00216925,0.943945,0.00403763,,,0.56,0.496387,0.0464,0.8846,0.925147,0.0387859
resnet50,top5,sr,sgr_delta_0.01,0.05,1,0,0.0454119,1.78443e-05,0.922056,0.00573131,0.045884,0.00216586,0.922445,0.00556644,0.0499775,1.04585e-05,0.03,0.170587,0.0464,0.8846,0.925147,0.0387859
resnet50,top5,sr,sgr_delta_0.1,0.05,1,0,0.0464499,1.51857e-05,0.927346,0.00579042,0.0468935,0.00217745,0.92761,0.00559891,0.0499796,1.09642e-05,0.06,0.237487,0.0464,0.8846,0.925147,0.0387859
resnet50,top5,sr,sgr,0.06,1,0,0.0541799,1.56818e-05,0.957351,0.00370269,0.054474,0.00226491,0.957607,0.00350659,0.0599799,1.25281e-05,0.01,0.0994987,0.0552,0.9231,0.959812,0.0460724
resnet50,top5,sr,emp,0.06,1,0,0.059982,1.07742e-05,0.974339,0.00329421,0.0602683,0.00236188,0.974546,0.00318825,,,0.55,0.497494,0.0552,0.9231,0.959812,0.0460724
resnet50,top5,sr,sgr_delta_0.01,0.06,1,0,0.0550972,1.39272e-05,0.960193,0.00364789,0.0554338,0.00227293,0.960437,0.00348588,0.0599781,1.16962e-05,0.03,0.170587,0.0552,0.9231,0.959812,0.0460724
resnet50,top5,sr,sgr_delta_0.1,0.06,1,0,0.0562053,1.31866e-05,0.963602,0.00360993,0.0564948,0.00226402,0.963783,0.00345732,0.0599806,1.18476e-05,0.06,0.237487,0.0552,0.9231,0.959812,0.0460724
resnet50,top5,sr,sgr,0.07,1,0,0.0638287,1.29925e-05,0.984529,0.00316972,0.0640881,0.00239457,0.984636,0.00310695,0.069981,1.04609e-05,0.01,0.0994987,0.0629,0.9484,0.98154,0.0515491
resnet50,top5,sr,emp,0.07,1,0,0.0698834,0.000294125,0.997682,0.00185762,0.0699987,0.00220434,0.997734,0.00181661,,,0.53,0.499099,0.0629,0.9484,0.98154,0.0515491
resnet50,top5,sr,sgr_delta_0.01,0.07,1,0,0.0648027,1.27134e-05,0.98694,0.00295137,0.0650158,0.0023613,0.987029,0.00286809,0.0699797,1.07988e-05,0.03,0.170587,0.0629,0.9484,0.98154,0.0515491
resnet50,top5,sr,sgr_delta_0.1,0.07,1,0,0.0659769,1.11673e-05,0.989691,0.00279225,0.0661731,0.00234085,0.989796,0.00264242,0.0699809,1.00841e-05,0.05,0.217945,0.0629,0.9484,0.98154,0.0515491
resnet50,top5,top5_mass,sgr,0.01,1,0,0.00643622,0.000225453,0.429243,0.0514277,0.00637486,0.00123704,0.429729,0.0509808,0.00994448,3.39029e-05,0,0,0.0085,0.3807,0.564452,0.0056619
resnet50,top5,top5_mass,emp,0.01,1,0,0.00997296,1.55196e-05,0.610931,0.0155929,0.00990959,0.00110276,0.610926,0.0154194,,,0.46,0.498397,0.0085,0.3807,0.564452,0.0056619
resnet50,top5,top5_mass,sgr_delta_0.01,0.01,1,0,0.00709992,0.000147358,0.473072,0.0470954,0.00701661,0.00120858,0.473519,0.0469205,0.00994722,2.52764e-05,0.01,0.0994987,0.0085,0.3807,0.564452,0.0056619
resnet50,top5,top5_mass,sgr_delta_0.1,0.01,1,0,0.00782725,8.65176e-05,0.520821,0.0403494,0.00776786,0.00117601,0.520909,0.0402228,0.00995751,2.10275e-05,0.04,0.195959,0.0085,0.3807,0.564452,0.0056619
resnet50,top5,top5_mass,sgr,0.02,1,0,0.0161,3.4451e-05,0.727751,0.0119287,0.0160912,0.00150637,0.728,0.0121556,0.0199675,1.42155e-05,0,0,0.0189,0.5935,0.760298,0.00934156
resnet50,top5,top5_mass,emp,0.02,1,0,0.0199795,1.26155e-05,0.77143,0.00940133,0.019997,0.00156824,0.77167,0.00951911,,,0.53,0.499099,0.0189,0.5935,0.760298,0.00934156
resnet50,top5,top5_mass,sgr_delta_0.01,0.02,1,0,0.0167159,2.75719e-05,0.736432,0.0112306,0.0166697,0.0014946,0.736615,0.0112414,0.0199691,1.43728e-05,0.01,0.0994987,0.0189,0.5935,0.760298,0.00934156
resnet50,top5,top5_mass,sgr_delta_0.1,0.02,1,0,0.0174543,1.97619e-05,0.745529,0.00925818,0.0173717,0.00152359,0.745781,0.00911713,0.0199725,1.3874e-05,0.04,0.195959,0.0189,0.5935,0.760298,0.00934156
resnet50,top5,top5_mass,sgr,0.03,1,0,0.0255271,2.43967e-05,0.827881,0.00801315,0.0257249,0.00176788,0.828018,0.00821901,0.0299747,1.20243e-05,0,0,0.0273,0.7096,0.840047,0.014978
resnet50,top5,top5_mass,emp,0.03,1,0,0.0299782,1.23038e-05,0.858826,0.00615807,0.0301689,0.00178241,0.858962,0.00609267,,,0.58,0.493559,0.0273,0.7096,0.840047,0.014978
resnet50,top5,top5_mass,sgr_delta_0.01,0.03,1,0,0.0262313,2.01764e-05,0.833337,0.00708048,0.026397,0.00175445,0.833495,0.00720893,0.0299751,1.33435e-05,0,0,0.0273,0.7096,0.840047,0.014978
resnet50,top5,top5_mass,sgr_delta_0.1,0.03,1,0,0.0270756,1.56406e-05,0.83935,0.00633265,0.0272949,0.00176572,0.839572,0.00633288,0.0299738,1.22871e-05,0.04,0.195959,0.0273,0.7096,0.840047,0.014978
resnet50,top5,top5_mass,sgr,0.04,1,0,0.0350189,1.80526e-05,0.885692,0.00479705,0.0353236,0.00187005,0.885834,0.00448828,0.0399753,1.11963e-05,0.01,0.0994987,0.0358,0.8158,0.888204,0.0243619
resnet50,top5,top5_mass,emp,0.04,1,0,0.0399846,1.05202e-05,0.90924,0.00499409,0.0403439,0.00209909,0.909563,0.00490379,,,0.54,0.498397,0.0358,0.8158,0.888204,0.0243619
resnet50,top5,top5_mass,sgr_delta_0.01,0.04,1,0,0.0358032,1.58117e-05,0.889305,0.00465951,0.0360979,0.00187276,0.889422,0.00436443,0.0399765,1.16007e-05,0.03,0.170587,0.0358,0.8158,0.888204,0.0243619
resnet50,top5,top5_mass,sgr_delta_0.1,0.04,1,0,0.0367459,1.36492e-05,0.893726,0.00472664,0.0370855,0.00191744,0.893868,0.00444282,0.0399761,1.15226e-05,0.08,0.271293,0.0358,0.8158,0.888204,0.0243619
resnet50,top5,top5_mass,sgr,0.05,1,0,0.0445798,1.50645e-05,0.927396,0.0046734,0.0449342,0.00226426,0.927845,0.0045982,0.0499793,1.12347e-05,0.01,0.0994987,0.0464,0.8846,0.93368,0.0350558
resnet50,top5,top5_mass,emp,0.05,1,0,0.0499832,1.09318e-05,0.947334,0.00376406,0.0504292,0.00228716,0.947749,0.00373626,,,0.58,0.493559,0.0464,0.8846,0.93368,0.0350558
resnet50,top5,top5_mass,sgr_delta_0.01,0.05,1,0,0.0454331,1.55322e-05,0.930756,0.00474871,0.0457918,0.00226035,0.931223,0.00474881,0.0499774,1.15462e-05,0.03,0.170587,0.0464,0.8846,0.93368,0.0350558
resnet50,top5,top5_mass,sgr_delta_0.1,0.05,1,0,0.0464626,1.51459e-05,0.934996,0.00472947,0.0468144,0.00225569,0.935518,0.00470225,0.0499778,1.13557e-05,0.1,0.3,0.0464,0.8846,0.93368,0.0350558
resnet50,top5,top5_mass,sgr,0.06,1,0,0.0541875,1.45614e-05,0.960391,0.00376068,0.0545489,0.00231616,0.96073,0.00354579,0.0599783,1.02065e-05,0.01,0.0994987,0.0552,0.9231,0.962779,0.0437096
resnet50,top5,top5_mass,emp,0.06,1,0,0.0599831,1.0485e-05,0.976495,0.00327016,0.0602063,0.00229537,0.976728,0.00303421,,,0.57,0.495076,0.0552,0.9231,0.962779,0.0437096
resnet50,top5,top5_mass,sgr_delta_0.01,0.06,1,0,0.0551037,1.32881e-05,0.96313,0.00361227,0.0554286,0.00235067,0.963451,0.00352404,0.0599772,1.07264e-05,0.02,0.14,0.0552,0.9231,0.962779,0.0437096
resnet50,top5,top5_mass,sgr_delta_0.1,0.06,1,0,0.0562075,1.25269e-05,0.966227,0.00335739,0.0564999,0.00233305,0.966547,0.00327305,0.0599775,1.07355e-05,0.06,0.237487,0.0552,0.9231,0.962779,0.0437096
resnet50,top5,top5_mass,sgr,0.07,1,0,0.0638329,1.17859e-05,0.986143,0.00277469,0.0640377,0.00235521,0.986235,0.00268919,0.0699802,1.05875e-05,0.01,0.0994987,0.0629,0.9484,0.983512,0.0506052
resnet50,top5,top5_mass,emp,0.07,1,0,0.0698845,0.000294504,0.997838,0.00164206,0.0700265,0.00216765,0.997911,0.00157133,,,0.54,0.498397,0.0629,0.9484,0.983512,0.0506052
resnet50,top5,top5_mass,sgr_delta_0.01,0.07,1,0,0.0648076,1.31493e-05,0.988322,0.00260768,0.065018,0.00236401,0.988384,0.00260086,0.069981,1.00476e-05,0.02,0.14,0.0629,0.9484,0.983512,0.0506052
resnet50,top5,top5_mass,sgr_delta_0.1,0.07,1,0,0.0659792,1.12941e-05,0.990736,0.00244976,0.0661717,0.00237517,0.99084,0.00243981,0.0699811,1.11918e-05,0.05,0.217945,0.0629,0.9484,0.983512,0.0506052
