source,accuracy_mean,accuracy_std,T_mean,T_std,ECE raw_mean,ECE raw_std,ECE TS_mean,ECE TS_std,NLL raw_mean,NLL raw_std,NLL TS_mean,NLL TS_std,Brier raw_mean,Brier raw_std,Brier TS_mean,Brier TS_std
sr_base,0.937528,0.00303441,1.46851,0.0138662,0.0406526,0.00252798,0.0188433,0.00256372,0.256024,0.0101432,0.216134,0.00705529,0.103731,0.00435163,0.0969034,0.00378888
sr_dropout,0.93588,0.00248193,1.46009,0.0134168,0.0387787,0.00235944,0.0169907,0.0027298,0.24225,0.0102993,0.208179,0.00751042,0.103325,0.00380105,0.0966738,0.00346841
mc,0.936204,0.00249367,0.996723,0.0150148,0.00711357,0.00128664,0.00714697,0.00130382,0.19167,0.00562563,0.191703,0.00565076,0.0942575,0.00287256,0.0942559,0.00288128
ens,0.94722,0.00185785,1.23041,0.0162094,0.0137017,0.00148799,0.00676255,0.000854303,0.172434,0.00724927,0.165835,0.00599545,0.0794887,0.00317032,0.0790137,0.00292838
finetune,0.93576,0.00326998,1.42634,0.0169391,0.0382466,0.0027991,0.0182175,0.00348871,0.244823,0.011674,0.212676,0.00847188,0.103621,0.00476252,0.0974295,0.00410275
swag,0.91608,0.0107988,0.776111,0.0218739,0.0397046,0.00590553,0.0086925,0.00177958,0.270476,0.029067,0.253799,0.0293716,0.127009,0.0138813,0.123733,0.0141887
laplace,0.937408,0.00300878,1.36294,0.0133249,0.0349547,0.00249131,0.0159116,0.00244998,0.237617,0.00923813,0.212506,0.00689777,0.100559,0.00402672,0.0957199,0.00359418
ddu,0.92558,0.00222216,1.30148,0.0196737,0.0325627,0.00247908,0.0139991,0.00204066,0.248701,0.0114719,0.232225,0.00896885,0.114955,0.00393773,0.110691,0.00363634
vbll,0.925028,0.00460348,1.15821,0.0269548,0.0290791,0.00448821,0.0178254,0.00362779,0.249191,0.0215958,0.242306,0.018758,0.115072,0.00844891,0.112374,0.00778
sngp,0.924148,0.00341545,0.90541,0.0108024,0.0406121,0.0020592,0.0240547,0.00258066,0.27946,0.0107785,0.274255,0.0118258,0.116607,0.00459959,0.118044,0.00486977
dropout_scratch,0.935468,0.0027824,1.04718,0.0161095,0.00743366,0.00138523,0.0069787,0.00148336,0.192834,0.00644362,0.1927,0.00618077,0.0944539,0.00328043,0.0944763,0.00319257
swa,0.917792,0.00987651,1.01009,0.0256625,0.0117438,0.00362785,0.0114396,0.00352904,0.250343,0.0290237,0.250281,0.0288925,0.120522,0.0138987,0.1204,0.0137702
