source,msr raw_mean,msr raw_std,msr TS_mean,msr TS_std,tu_log raw_mean,tu_log raw_std,tu_log TS_mean,tu_log TS_std,tu_brier raw_mean,tu_brier raw_std,tu_brier TS_mean,tu_brier TS_std
sr_base,6.94618,1.08084,7.67765,1.2903,7.13988,1.14827,8.11474,1.38261,6.93852,1.08112,7.67491,1.29291
sr_dropout,4.74218,0.498295,4.78997,0.5141,4.74332,0.500632,4.86076,0.526935,4.73465,0.497756,4.7918,0.512464
mc,4.6117,0.371051,4.61152,0.370734,4.79521,0.39776,4.79204,0.394472,4.63543,0.378195,4.63439,0.376738
ens,4.47594,0.639709,4.61181,0.721454,4.58499,0.655775,4.85306,0.758943,4.50306,0.641523,4.65563,0.721309
finetune,5.48228,0.623811,5.65342,0.70044,5.51244,0.64732,5.81022,0.746011,5.46869,0.622815,5.65017,0.700285
swag,8.24149,1.56856,8.15161,1.544,9.07126,1.71435,8.48373,1.59244,8.4366,1.58014,8.20808,1.53711
laplace,7.08176,1.09225,7.50839,1.21798,7.2343,1.14735,7.83255,1.30217,7.07386,1.09466,7.50686,1.22301
ddu,6.35291,0.615532,6.34201,0.608425,6.31749,0.613544,6.39547,0.601645,6.33528,0.616095,6.33038,0.610876
vbll,7.42273,1.85246,7.49271,1.89167,7.48818,1.87133,7.61425,1.92657,7.40775,1.84719,7.48419,1.88477
sngp,9.35036,0.940127,9.33416,0.945192,9.37821,0.937814,9.35216,0.93969,9.33909,0.941171,9.32062,0.946802
dropout_scratch,4.79762,0.435855,4.80734,0.437597,5.01665,0.425885,5.0649,0.430826,4.83602,0.42818,4.86104,0.429198
swa,7.61971,1.43404,7.62581,1.44031,7.82678,1.44523,7.84401,1.46279,7.63877,1.42348,7.64664,1.43261
