severity,source,accuracy_mean,accuracy_std,ECE raw_mean,ECE raw_std,ECE TS_mean,ECE TS_std,NLL raw_mean,NLL raw_std,NLL TS_mean,NLL TS_std,Brier raw_mean,Brier raw_std,Brier TS_mean,Brier TS_std
0,sr_base,0.937528,0.00303441,0.0406526,0.00252798,0.0188433,0.00256372,0.256024,0.0101432,0.216134,0.00705529,0.103731,0.00435163,0.0969034,0.00378888
0,sr_dropout,0.93588,0.00248193,0.0387787,0.00235944,0.0169907,0.0027298,0.24225,0.0102993,0.208179,0.00751042,0.103325,0.00380105,0.0966738,0.00346841
0,mc,0.936204,0.00249367,0.00711357,0.00128664,0.00714697,0.00130382,0.19167,0.00562563,0.191703,0.00565076,0.0942575,0.00287256,0.0942559,0.00288128
0,ens,0.94722,0.00185785,0.0137017,0.00148799,0.00676255,0.000854303,0.172434,0.00724927,0.165835,0.00599545,0.0794887,0.00317032,0.0790137,0.00292838
0,finetune,0.93576,0.00326998,0.0382466,0.0027991,0.0182175,0.00348871,0.244823,0.011674,0.212676,0.00847188,0.103621,0.00476252,0.0974295,0.00410275
0,swag,0.91608,0.0107988,0.0397046,0.00590553,0.0086925,0.00177958,0.270476,0.029067,0.253799,0.0293716,0.127009,0.0138813,0.123733,0.0141887
0,laplace,0.937408,0.00300878,0.0349547,0.00249131,0.0159116,0.00244998,0.237617,0.00923813,0.212506,0.00689777,0.100559,0.00402672,0.0957199,0.00359418
0,ddu,0.92558,0.00222216,0.0325627,0.00247908,0.0139991,0.00204066,0.248701,0.0114719,0.232225,0.00896885,0.114955,0.00393773,0.110691,0.00363634
0,vbll,0.925028,0.00460348,0.0290791,0.00448821,0.0178254,0.00362779,0.249191,0.0215958,0.242306,0.018758,0.115072,0.00844891,0.112374,0.00778
0,sngp,0.924148,0.00341545,0.0406121,0.0020592,0.0240547,0.00258066,0.27946,0.0107785,0.274255,0.0118258,0.116607,0.00459959,0.118044,0.00486977
0,swa,0.917792,0.00987651,0.0117438,0.00362785,0.0114396,0.00352904,0.250343,0.0290237,0.250281,0.0288925,0.120522,0.0138987,0.1204,0.0137702
1,sr_base,0.932484,0.00355575,0.0445094,0.00289261,0.0201069,0.00270279,0.276738,0.0117558,0.2314,0.0082428,0.112004,0.00492617,0.104487,0.00434311
1,sr_dropout,0.930704,0.00274641,0.0425522,0.00234048,0.0176618,0.00265447,0.262169,0.0112519,0.22396,0.00822528,0.112101,0.00426571,0.104546,0.00390399
1,mc,0.932988,0.00246428,0.00840478,0.00187033,0.00841744,0.00191425,0.19721,0.00613258,0.197265,0.00617262,0.0977285,0.00281157,0.0977327,0.00282505
1,ens,0.94212,0.00258952,0.016739,0.00189108,0.00942526,0.00269043,0.185011,0.00845966,0.177197,0.00695894,0.0861701,0.00307132,0.0853997,0.00288032
1,finetune,0.930412,0.00283419,0.0413704,0.00269411,0.0182326,0.00334455,0.266472,0.0118204,0.229868,0.00850705,0.112569,0.00426788,0.105722,0.00378592
1,swag,0.902396,0.0145645,0.045173,0.00351267,0.009826,0.00236827,0.3143,0.0425408,0.295509,0.0434776,0.146422,0.0197092,0.142436,0.0198267
1,laplace,0.932192,0.00343417,0.0385815,0.00286963,0.0177417,0.00219919,0.256315,0.0105616,0.22742,0.00799428,0.10864,0.0045351,0.103229,0.0041132
1,ddu,0.918376,0.00392176,0.0364852,0.0029659,0.0157665,0.00266829,0.271706,0.0134237,0.252603,0.0107155,0.125429,0.00513808,0.120552,0.0046126
1,vbll,0.918852,0.00531531,0.0319598,0.00461208,0.0191118,0.00313759,0.269169,0.0236929,0.260938,0.020541,0.12451,0.00916122,0.121485,0.00843557
1,sngp,0.917396,0.00349685,0.041119,0.00240598,0.0252535,0.00284715,0.299495,0.0119753,0.295355,0.0131354,0.126424,0.00499078,0.128162,0.00523735
1,swa,0.904688,0.0145502,0.0135614,0.00357153,0.0131865,0.00334005,0.290802,0.0436689,0.29077,0.0435496,0.139208,0.0200817,0.13908,0.0200069
3,sr_base,0.84782,0.00569199,0.10051,0.00433437,0.0585371,0.00434671,0.641935,0.0260813,0.509963,0.0197396,0.248679,0.00831981,0.230014,0.00777203
3,sr_dropout,0.847688,0.00445837,0.0928942,0.00370982,0.0472123,0.00379794,0.587273,0.0213519,0.484871,0.0157376,0.242902,0.00731835,0.22436,0.00671012
3,mc,0.866732,0.00452665,0.0168967,0.00234643,0.0173281,0.00317397,0.393848,0.0113488,0.39408,0.0116148,0.190553,0.00486028,0.190608,0.00494446
3,ens,0.86974,0.00255664,0.0377057,0.0019382,0.0180685,0.00252586,0.431403,0.0109564,0.40396,0.00986251,0.19351,0.00455406,0.190416,0.00439507
3,finetune,0.84144,0.00749133,0.0969875,0.00494014,0.0544332,0.00493714,0.617001,0.0298405,0.509846,0.0239283,0.252799,0.0105877,0.234451,0.00960685
3,swag,0.76518,0.0452722,0.0464101,0.011169,0.029707,0.014518,0.730033,0.135032,0.730737,0.149797,0.331487,0.0585512,0.329886,0.0611241
3,laplace,0.847416,0.00581141,0.0882195,0.00415443,0.0520555,0.00410711,0.591428,0.024307,0.501879,0.0194637,0.240428,0.00812459,0.22673,0.00766908
3,ddu,0.819072,0.0149204,0.0870868,0.00969927,0.0468587,0.00784096,0.63248,0.0637901,0.567091,0.0516997,0.274929,0.0229747,0.261532,0.0208797
3,vbll,0.815132,0.0187377,0.0848705,0.0137139,0.0598035,0.0116249,0.624632,0.0745213,0.589432,0.0659888,0.278584,0.0294601,0.269895,0.0275491
3,sngp,0.820124,0.00957863,0.0580757,0.00451201,0.0712514,0.00732588,0.608985,0.0410178,0.62309,0.0444058,0.268019,0.0167463,0.273968,0.0171609
3,swa,0.766216,0.0469427,0.0486161,0.0173494,0.0473769,0.0183302,0.723751,0.160479,0.722914,0.160742,0.325899,0.0642803,0.325585,0.0644172
5,sr_base,0.236608,0.0160999,0.603508,0.0214649,0.502285,0.0208559,4.5626,0.13727,3.31169,0.103629,1.30337,0.0371947,1.17515,0.0319563
5,sr_dropout,0.248364,0.016141,0.536012,0.0506246,0.410976,0.05365,3.69182,0.252959,2.8055,0.151693,1.21336,0.0691116,1.0712,0.0606527
5,mc,0.2864,0.018968,0.370588,0.05628,0.37168,0.0575763,2.80988,0.163108,2.81789,0.181834,1.01152,0.0611014,1.01268,0.0627691
5,ens,0.24422,0.0037207,0.499369,0.00389337,0.441944,0.00685428,3.88809,0.0237568,3.30888,0.0464339,1.17819,0.00578682,1.11416,0.00836779
5,finetune,0.23518,0.0154534,0.571597,0.0287359,0.464296,0.028287,4.16222,0.164484,3.14555,0.128817,1.26528,0.0432051,1.13501,0.0368403
5,swag,0.156104,0.0176492,0.380923,0.0660224,0.482772,0.0678398,2.91693,0.0918907,3.39591,0.152022,1.06451,0.0566514,1.1703,0.0737245
5,laplace,0.236968,0.0160617,0.568213,0.0243692,0.482318,0.0247698,4.22589,0.130488,3.29036,0.106564,1.26031,0.0384679,1.15621,0.0343157
5,ddu,0.224972,0.0253084,0.52214,0.0660203,0.433806,0.0689046,3.79013,0.367185,3.12211,0.25389,1.22061,0.0961273,1.1219,0.0884891
5,vbll,0.197836,0.0263691,0.567086,0.0484287,0.516028,0.0473247,3.63821,0.209627,3.25628,0.170334,1.27264,0.070643,1.20745,0.0642079
5,sngp,0.214592,0.0298293,0.475408,0.0755643,0.515842,0.073683,2.93323,0.263337,3.13535,0.307076,1.15346,0.0953545,1.20084,0.0988875
5,swa,0.152948,0.0163695,0.464741,0.0670363,0.460125,0.0619288,3.15426,0.142747,3.1353,0.144538,1.14872,0.0737933,1.14298,0.0676363
