severity,source,accuracy_mean,accuracy_std,ECE raw_mean,ECE raw_std,ECE TS_mean,ECE TS_std,NLL raw_mean,NLL raw_std,NLL TS_mean,NLL TS_std,Brier raw_mean,Brier raw_std,Brier TS_mean,Brier TS_std
0,sr_base,0.937528,0.00303441,0.0406526,0.00252798,0.0188433,0.00256372,0.256024,0.0101432,0.216134,0.00705529,0.103731,0.00435163,0.0969034,0.00378888
0,sr_dropout,0.93588,0.00248193,0.0387787,0.00235944,0.0169907,0.0027298,0.24225,0.0102993,0.208179,0.00751042,0.103325,0.00380105,0.0966738,0.00346841
0,mc,0.936204,0.00249367,0.00711357,0.00128664,0.00714697,0.00130382,0.19167,0.00562563,0.191703,0.00565076,0.0942575,0.00287256,0.0942559,0.00288128
0,ens,0.94722,0.00185785,0.0137017,0.00148799,0.00676255,0.000854303,0.172434,0.00724927,0.165835,0.00599545,0.0794887,0.00317032,0.0790137,0.00292838
0,finetune,0.93576,0.00326998,0.0382466,0.0027991,0.0182175,0.00348871,0.244823,0.011674,0.212676,0.00847188,0.103621,0.00476252,0.0974295,0.00410275
0,swag,0.91608,0.0107988,0.0397046,0.00590553,0.0086925,0.00177958,0.270476,0.029067,0.253799,0.0293716,0.127009,0.0138813,0.123733,0.0141887
0,laplace,0.937408,0.00300878,0.0349547,0.00249131,0.0159116,0.00244998,0.237617,0.00923813,0.212506,0.00689777,0.100559,0.00402672,0.0957199,0.00359418
0,ddu,0.92558,0.00222216,0.0325627,0.00247908,0.0139991,0.00204066,0.248701,0.0114719,0.232225,0.00896885,0.114955,0.00393773,0.110691,0.00363634
0,vbll,0.925028,0.00460348,0.0290791,0.00448821,0.0178254,0.00362779,0.249191,0.0215958,0.242306,0.018758,0.115072,0.00844891,0.112374,0.00778
0,sngp,0.924148,0.00341545,0.0406121,0.0020592,0.0240547,0.00258066,0.27946,0.0107785,0.274255,0.0118258,0.116607,0.00459959,0.118044,0.00486977
0,dropout_scratch,0.935468,0.0027824,0.00743366,0.00138523,0.0069787,0.00148336,0.192834,0.00644362,0.1927,0.00618077,0.0944539,0.00328043,0.0944763,0.00319257
0,swa,0.917792,0.00987651,0.0117438,0.00362785,0.0114396,0.00352904,0.250343,0.0290237,0.250281,0.0288925,0.120522,0.0138987,0.1204,0.0137702
1,sr_base,0.7101,0.0122881,0.221982,0.0116831,0.171593,0.0119304,1.50333,0.0941632,1.1146,0.0648654,0.497928,0.0230846,0.460781,0.022368
1,sr_dropout,0.711012,0.0223785,0.214299,0.020218,0.160668,0.0193825,1.40729,0.136897,1.06351,0.095628,0.487833,0.0401662,0.448874,0.0370775
1,mc,0.691372,0.0240708,0.128461,0.0182718,0.129033,0.0181642,1.07841,0.0996993,1.08045,0.100494,0.448244,0.0356288,0.448521,0.0356417
1,ens,0.72586,0.00286224,0.143764,0.00206305,0.116288,0.00273608,1.12768,0.0143185,0.986956,0.0112142,0.417265,0.00464118,0.403844,0.00429595
1,finetune,0.709084,0.0215806,0.21477,0.0194965,0.165885,0.0188795,1.41986,0.13579,1.087,0.0987149,0.490419,0.0390001,0.454849,0.0362399
1,swag,0.678628,0.0948599,0.076795,0.0802081,0.129541,0.0824273,0.987608,0.316804,1.08183,0.390435,0.448084,0.136122,0.466511,0.148986
1,laplace,0.71006,0.0122445,0.204563,0.0113662,0.160664,0.0117605,1.37724,0.086635,1.09649,0.0641046,0.481821,0.0226951,0.452393,0.0219971
1,ddu,0.71032,0.0208004,0.183435,0.0231601,0.141082,0.0224273,1.21062,0.144179,1.01749,0.104211,0.461232,0.0404481,0.434673,0.0377181
1,vbll,0.723292,0.0132417,0.171458,0.0145173,0.145502,0.0139662,1.08769,0.0804467,0.991089,0.0662297,0.43987,0.0244871,0.424577,0.0234325
1,sngp,0.703308,0.0220917,0.150106,0.018852,0.176893,0.0197205,1.08472,0.080651,1.14491,0.0901934,0.459537,0.0343335,0.473066,0.0361204
1,dropout_scratch,0.683556,0.0279276,0.141615,0.0219499,0.133651,0.0203986,1.14143,0.133151,1.11123,0.12411,0.463155,0.0427089,0.45912,0.0415993
1,swa,0.660752,0.09383,0.168817,0.0876019,0.166669,0.0847485,1.20907,0.456516,1.19703,0.437131,0.509114,0.158182,0.507438,0.155486
3,sr_base,0.294216,0.0150901,0.588595,0.0300282,0.517184,0.0355887,4.5966,0.297861,3.27214,0.190778,1.24527,0.0468615,1.15166,0.0501658
3,sr_dropout,0.312784,0.0282586,0.543713,0.03712,0.460076,0.0414168,4.04056,0.313152,2.94146,0.208705,1.17416,0.0631409,1.07238,0.0629925
3,mc,0.307656,0.0254986,0.388772,0.0379782,0.389669,0.03655,3.06125,0.197814,3.06871,0.198942,1.00519,0.0497952,1.00591,0.0487212
3,ens,0.2951,0.00350457,0.472807,0.00303867,0.428726,0.00341775,3.77323,0.0186123,3.18958,0.0400538,1.09441,0.00362638,1.04526,0.0038779
3,finetune,0.300308,0.0295016,0.568168,0.0301249,0.496693,0.0302514,4.26812,0.257313,3.13889,0.191927,1.21477,0.0546154,1.12239,0.0505375
3,swag,0.287388,0.0797508,0.38402,0.15114,0.458001,0.142089,2.66062,0.666349,3.1725,0.858494,1.00818,0.195546,1.0855,0.206517
3,laplace,0.294816,0.0147911,0.558359,0.0333183,0.496313,0.0376323,4.21184,0.272419,3.22551,0.187386,1.20667,0.0493751,1.12887,0.0509116
3,ddu,0.303776,0.0283782,0.51857,0.0596901,0.457871,0.0641125,3.79789,0.467657,3.05489,0.329715,1.15072,0.0894647,1.07818,0.0881699
3,vbll,0.329156,0.0281103,0.510066,0.0353261,0.474918,0.0354141,3.25401,0.193665,2.88586,0.158565,1.1211,0.0592983,1.07801,0.0565481
3,sngp,0.305556,0.0398261,0.479177,0.0680225,0.511764,0.0666547,2.81443,0.266561,3.03513,0.30692,1.10154,0.101929,1.13986,0.10484
3,dropout_scratch,0.277336,0.0294073,0.484397,0.0387305,0.473798,0.0381157,3.55393,0.325267,3.42258,0.30151,1.12146,0.061481,1.10872,0.0599188
3,swa,0.267428,0.0695393,0.491628,0.130928,0.489247,0.127287,3.26506,0.817698,3.22889,0.76222,1.13826,0.196046,1.13439,0.190488
5,sr_base,0.205712,0.0114534,0.665321,0.0380527,0.589136,0.0464101,5.47508,0.353853,3.88178,0.220472,1.4037,0.0569676,1.29776,0.0621302
5,sr_dropout,0.224244,0.0175793,0.607288,0.039725,0.515565,0.0457177,4.72019,0.288844,3.43098,0.185818,1.31569,0.0588147,1.19826,0.0599023
5,mc,0.229732,0.0128582,0.429941,0.0486201,0.430851,0.0471686,3.61011,0.160948,3.61887,0.158271,1.1114,0.0477273,1.11216,0.0463614
5,ens,0.19782,0.00256351,0.550626,0.00354916,0.501733,0.00480367,4.57493,0.0132083,3.85322,0.0420291,1.24023,0.00340387,1.18122,0.00378688
5,finetune,0.20544,0.0239092,0.65599,0.0325922,0.57934,0.0331437,5.10728,0.223238,3.73634,0.169179,1.38566,0.0502841,1.27759,0.0454237
5,swag,0.201952,0.052416,0.46476,0.150557,0.541298,0.139433,3.22471,0.706438,3.89351,0.914217,1.14273,0.189822,1.23374,0.195547
5,laplace,0.205416,0.0118228,0.633312,0.0451796,0.567384,0.0515791,5.01846,0.336109,3.82802,0.224521,1.36116,0.0639812,1.2728,0.0661912
5,ddu,0.212212,0.0255967,0.593667,0.0725277,0.529439,0.0798953,4.58372,0.593904,3.66972,0.421537,1.30527,0.105453,1.22245,0.106834
5,vbll,0.23178,0.0288709,0.600575,0.051867,0.563589,0.0533355,3.93916,0.260438,3.48127,0.213302,1.29756,0.0789206,1.24747,0.0767468
5,sngp,0.212164,0.0338279,0.561752,0.0918901,0.595461,0.0890712,3.27845,0.32376,3.54402,0.375793,1.25437,0.124574,1.29896,0.127099
5,dropout_scratch,0.196396,0.0191324,0.570593,0.0463387,0.559628,0.0469815,4.30717,0.299664,4.14244,0.279362,1.27196,0.0621882,1.25744,0.0615932
5,swa,0.189476,0.0452031,0.554863,0.129477,0.552354,0.125493,3.81858,0.794897,3.77693,0.731792,1.26194,0.181033,1.25763,0.174896
