reference,criterion,r_star,own_cov_mean,own_cov_std,own_cert,rac_mean,rac_std,ach,car_mean,car_std,d_rac_mean,d_rac_std,b_rac,d_car_mean,d_car_std,b_car,n_pairs
sr_base,sr_base,0.01,0.529152,0.35024798885361214,0.7,0.0049645605698011,0.0016309698629438773,0.756262857142857,0.7674114285714286,0.04771409957192092,0.0,0.0,0.0,0.0,0.0,0.0,35
sr_base,sr_base,0.02,0.880756,0.010761136742928232,1.0,0.01184783273121618,0.0022326221656741568,0.8810479999999999,0.8824799999999999,0.010502266422063379,0.0,0.0,0.0,0.0,0.0,0.0,50
sr_base,sr_base,0.03,0.9261119999999999,0.006697481317629791,1.0,0.020091330551270346,0.0028441935712262543,0.9263199999999999,0.9268,0.006627578743402449,0.0,0.0,0.0,0.0,0.0,0.0,50
sr_base,sr_base,0.05,0.9730560000000001,0.004776113901489374,1.0,0.03681713413394705,0.0035464397219110567,0.973264,0.9732639999999999,0.004769308545271531,0.0,0.0,0.0,0.0,0.0,0.0,50
sr_base,sr_dropout,0.01,0.584348,0.28196672941324125,0.82,0.0052998910947143815,0.0015882486257954706,0.7563028571428572,0.7263714285714286,0.11668545403636851,0.0003353305249132822,0.0010537125560374754,0.42857142857142855,-0.04104,0.07921898473760657,0.4,35
sr_base,sr_dropout,0.02,0.86956,0.017261517893858585,1.0,0.013183105962825894,0.002247575629844585,0.8812159999999999,0.8684999999999998,0.01907233598697339,0.0013352732316097135,0.0014834300358641693,0.24,-0.013980000000000001,0.01139201474718148,0.1,50
sr_base,sr_dropout,0.03,0.9178800000000001,0.012163683652578276,1.0,0.021930851920154613,0.003177303385756823,0.9262039999999999,0.918248,0.012019820963724873,0.0018395213688842604,0.002153434383985191,0.18,-0.00855199999999999,0.007235751239505127,0.18,50
sr_base,sr_dropout,0.05,0.9717920000000001,0.005928636942839391,1.0,0.0383038832865733,0.003425054972456945,0.973828,0.9696839999999999,0.0069322538903303305,0.0014867491526262522,0.0019193002741598943,0.2,-0.0035800000000000055,0.0033736034147480833,0.14,50
sr_base,mc_maxprob,0.01,0.524788,0.33030905627306073,0.72,0.005356723638655327,0.001475337601761987,0.7561599999999999,0.7195485714285714,0.12551409567154162,0.0003921630688542282,0.001082706274880109,0.4,-0.04786285714285715,0.08684222503471217,0.37142857142857144,35
sr_base,mc_maxprob,0.02,0.869876,0.01745324680396172,1.0,0.013122016618923957,0.0021743965117278045,0.881016,0.868632,0.019420086920505786,0.0012741838877077766,0.0013900652062187556,0.2,-0.013847999999999997,0.011664068586903966,0.12,50
sr_base,mc_maxprob,0.03,0.917908,0.011996413464031653,1.0,0.021938603496369627,0.003103517760160764,0.926096,0.9179160000000001,0.012113007223641859,0.0018472729450992819,0.0020407319398493664,0.18,-0.008883999999999994,0.007306116889292149,0.12,50
sr_base,mc_maxprob,0.05,0.972008,0.005805646906245681,1.0,0.03839088865038645,0.0035077082929590173,0.9740000000000001,0.9696760000000002,0.006835658271154291,0.0015737545164394027,0.0019027702188268974,0.16,-0.003588000000000009,0.0032959150474488864,0.16,50
sr_base,mc_total,0.01,0.5008840000000001,0.3322449941594305,0.7,0.00547959865771175,0.0014703064254667137,0.7562971428571428,0.7125142857142855,0.12809834869652112,0.0005150380879106513,0.0010865350227475105,0.4,-0.05489714285714284,0.08980591608165525,0.34285714285714286,35
sr_base,mc_total,0.02,0.8692,0.017440045871499308,1.0,0.013282744055190789,0.0022338354991226395,0.8809079999999999,0.8681759999999998,0.01926778202077239,0.0014349113239746055,0.0015021174099045978,0.2,-0.014304000000000006,0.011485590276516052,0.12,50
sr_base,mc_total,0.03,0.917964,0.01210498674100884,1.0,0.02187186404242179,0.0030632275435140428,0.925836,0.9179120000000001,0.012188267145086713,0.001780533491151443,0.0021360314956645216,0.2,-0.008887999999999984,0.007256022050683157,0.16,50
sr_base,mc_total,0.05,0.971936,0.00670431980144146,1.0,0.03803802954769522,0.0035940876321614063,0.97396,0.9704480000000001,0.006697051291426701,0.001220895413748175,0.001841130412522617,0.22,-0.0028160000000000142,0.0029959546057976294,0.16,50
sr_base,mc_aleatoric,0.01,0.50104,0.33239949939793834,0.7,0.0054642513797291264,0.0014867191920153947,0.7563428571428571,0.7128914285714286,0.12710765149819955,0.0004996908099280268,0.0010923683423831301,0.37142857142857144,-0.054519999999999985,0.08878244614143688,0.37142857142857144,35
sr_base,mc_aleatoric,0.02,0.8693559999999999,0.01708858285522822,1.0,0.013283756170818532,0.0022170260372739977,0.880872,0.868228,0.019210455902971175,0.0014359234396023502,0.0015126943516522058,0.2,-0.014251999999999997,0.011448445134602343,0.12,50
sr_base,mc_aleatoric,0.03,0.917936,0.012134673625606914,1.0,0.02186389424636762,0.0030488041034208452,0.9258240000000001,0.917892,0.012145399787573894,0.0017725636950972723,0.0021302822972710978,0.2,-0.008907999999999994,0.007117888450938249,0.16,50
sr_base,mc_aleatoric,0.05,0.9721599999999999,0.006619486384909328,1.0,0.03814404335747182,0.0035129459571423944,0.974108,0.970392,0.006797171176305626,0.0013269092235247714,0.0018322737394116141,0.22,-0.002871999999999997,0.0030193403253028616,0.16,50
sr_base,mc_epistemic,0.01,0.428364,0.35384235515833884,0.6,0.005659867939130417,0.0015071493359293529,0.7564799999999999,0.6903885714285712,0.14531118877661647,0.000695307369329318,0.001086882542442537,0.3142857142857143,-0.07702285714285714,0.10863345205838966,0.2857142857142857,35
sr_base,mc_epistemic,0.02,0.868832,0.017762403440976113,1.0,0.013202854636588886,0.0022969613206279115,0.880968,0.8674999999999998,0.020295940480795666,0.0013550219053727033,0.0015274916281577846,0.18,-0.014980000000000007,0.012319496742968042,0.18,50
sr_base,mc_epistemic,0.03,0.917584,0.011745149807473725,1.0,0.022050468968471498,0.0032947440526518105,0.9259000000000001,0.917436,0.01225513378139953,0.001959138417201148,0.002266899298144273,0.16,-0.009363999999999997,0.0074432992684695925,0.12,50
sr_base,mc_epistemic,0.05,0.97008,0.006115292306995642,1.0,0.03866472755497365,0.0036451579562752213,0.973536,0.96902,0.00718857426754429,0.0018475934210266116,0.0020372830458755564,0.2,-0.00424400000000001,0.003256326764930068,0.1,50
sr_base,mc_variance,0.01,0.45643199999999995,0.34658821528724837,0.64,0.0056085643270562735,0.0015396426621217378,0.7559428571428571,0.7019942857142857,0.1377470185165693,0.0006440037572551734,0.0011014821877494,0.34285714285714286,-0.06541714285714285,0.10166685507287103,0.34285714285714286,35
sr_base,mc_variance,0.02,0.8690920000000001,0.019464930927182867,1.0,0.013156520113440382,0.002237283745955048,0.8807680000000001,0.8676880000000001,0.020288209778095256,0.0013086873822242002,0.001486231263125802,0.2,-0.014791999999999994,0.012447519270923024,0.14,50
sr_base,mc_variance,0.03,0.9173359999999998,0.012005294831864818,1.0,0.022079688371263537,0.003178624761933922,0.9262839999999999,0.917564,0.012133107763470985,0.001988357819993186,0.0021164689564666206,0.14,-0.009236,0.007360835822106067,0.14,50
sr_base,mc_variance,0.05,0.968996,0.005404959204286373,1.0,0.03914091666915536,0.0038588146763468504,0.9731280000000001,0.9679359999999998,0.006544180926594251,0.002323782535208316,0.002343366553414968,0.16,-0.005328000000000008,0.00299673422244949,0.04,50
sr_base,ens_maxprob,0.01,0.8300000000000001,0.0057668015398485905,1.0,0.002349713265233369,0.001055145356547836,0.75404,0.8355257142857143,0.021589261124882606,-0.002614847304567731,0.0011352430162600757,1.0,0.06811428571428571,0.03183285941877529,1.0,35
sr_base,ens_maxprob,0.02,0.9200000000000002,0.007096477999684087,1.0,0.008386344894074726,0.0013694508281541277,0.881156,0.9124519999999999,0.012041249769023144,-0.003461487837141456,0.0014768660519038233,1.0,0.02997200000000001,0.009120088596060894,1.0,50
sr_base,ens_maxprob,0.03,0.9506599999999998,0.002533061388912651,1.0,0.014212925361777502,0.0020140926530572904,0.9280880000000002,0.9471839999999999,0.006880446497139555,-0.0058784051894928465,0.002252032816726708,1.0,0.020384000000000003,0.005802460167894314,1.0,50
sr_base,ens_maxprob,0.05,0.9886199999999998,0.003159050490258108,1.0,0.029274156055652117,0.0030536766133442118,0.9739920000000001,0.9898799999999999,0.004483748431836913,-0.007542978078294935,0.0019746613666250298,1.0,0.016615999999999992,0.004251275573283852,1.0,50
sr_base,ens_total,0.01,0.8286,0.005745258914966329,1.0,0.0023584197931508723,0.0010254036795228443,0.7542914285714286,0.8355085714285714,0.021513283224604295,-0.0026061407766502275,0.0011332433386726964,1.0,0.06809714285714286,0.031892117124673276,1.0,35
sr_base,ens_total,0.02,0.91974,0.007428620329509385,1.0,0.008493159273128685,0.0014601532176653168,0.8813119999999999,0.9116199999999999,0.011547553853522406,-0.0033546734580874983,0.001401425882798941,1.0,0.029140000000000013,0.008700000000000006,1.0,50
sr_base,ens_total,0.03,0.94614,0.002824252113392133,1.0,0.014602381933197139,0.002209540833552103,0.927492,0.943664,0.0061543402570868625,-0.005488948618073209,0.002107361343236836,1.0,0.016864,0.005494206403112289,1.0,50
sr_base,ens_total,0.05,0.98676,0.003621933185468757,1.0,0.03093882914524818,0.002899555416880385,0.9749120000000001,0.9880960000000001,0.005539565325907797,-0.005878304988698865,0.0021672808153875927,1.0,0.014832000000000001,0.004971174509107473,1.0,50
sr_base,ens_aleatoric,0.01,0.8282400000000001,0.0075856707020539715,1.0,0.002358687757328906,0.0009885934266246545,0.7543714285714286,0.8363142857142858,0.02341073188405136,-0.0026058728124721937,0.001106406469251108,1.0,0.06890285714285714,0.03147582733022993,1.0,35
sr_base,ens_aleatoric,0.02,0.9097800000000001,0.0060388409483939885,1.0,0.008108699981503605,0.0017508578348040358,0.8807680000000001,0.907396,0.008988836632178818,-0.0037391327497125764,0.0012853003326514345,1.0,0.024916,0.007851123741223284,1.0,50
sr_base,ens_aleatoric,0.03,0.94048,0.003628994351056493,1.0,0.016463850290364776,0.002487195454994355,0.927004,0.9406039999999999,0.008425436724585851,-0.0036274802609055747,0.0021898777578432194,0.98,0.013804000000000006,0.007046756984599371,0.98,50
sr_base,ens_aleatoric,0.05,0.9871800000000001,0.0039379690196851445,1.0,0.030405924750948877,0.002965710802162973,0.97398,0.988432,0.005893231371666983,-0.006411209382998174,0.0021443215518346013,1.0,0.01516799999999999,0.005028297525007831,1.0,50
sr_base,ens_epistemic,0.01,0.8295199999999999,0.01314783632389755,1.0,0.0026207682559100066,0.0011521352356693285,0.7544228571428572,0.8305714285714285,0.032031810719333115,-0.002343792313891093,0.001107132405350014,1.0,0.06316000000000001,0.02857838543874924,1.0,35
sr_base,ens_epistemic,0.02,0.90352,0.004953544185732079,1.0,0.009149384714704015,0.001901035359870413,0.8813719999999998,0.8989079999999998,0.008369488395356079,-0.002698448016512166,0.0014613634765521556,1.0,0.016427999999999998,0.008351671449476444,1.0,50
sr_base,ens_epistemic,0.03,0.9326000000000001,0.004593038210161117,1.0,0.019128952942894087,0.002165197972839133,0.927004,0.9303200000000001,0.008288401534674831,-0.0009623776083762658,0.0024389746379242547,0.62,0.0035200000000000053,0.006310118857834617,0.64,50
sr_base,ens_epistemic,0.05,0.9852000000000001,0.003730951621235525,1.0,0.03248333755608105,0.0027456689737768436,0.974624,0.9856080000000002,0.005924857466640008,-0.004333796577865999,0.0024287636635490746,0.96,0.012344,0.005105454338254328,1.0,50
sr_base,ddu_maxprob,0.01,0.34575199999999995,0.3009529971540406,0.6,0.008004837873841465,0.0027450746292126153,0.7546914285714286,0.6385314285714286,0.11062764255808392,0.003040277304040364,0.0017861135813748389,0.0,-0.12888000000000002,0.08561702367436712,0.0,35
sr_base,ddu_maxprob,0.02,0.8196079999999999,0.014739278679772625,1.0,0.02063475341237854,0.003312185158390807,0.88198,0.817396,0.022330409400635718,0.008786920681162358,0.0025475421224312516,0.0,-0.065084,0.02014793647002095,0.0,50
sr_base,ddu_maxprob,0.03,0.8787079999999999,0.009222859426446878,1.0,0.031579424990589765,0.00345307771116726,0.925612,0.878912,0.013551334104065178,0.01148809443931941,0.0033539132600413375,0.0,-0.047888,0.011721103019767386,0.0,50
sr_base,ddu_maxprob,0.05,0.9421759999999999,0.006505830000853082,1.0,0.049870512233988015,0.004203204876041135,0.9735720000000001,0.941908,0.00908010660730369,0.013053378100040971,0.003861770330573723,0.0,-0.03135600000000001,0.009342487035045864,0.0,50
sr_base,ddu_density,0.01,0.22546000000000002,0.24663922234713603,0.48,0.014336423912834264,0.004225506296425794,0.7557485714285714,0.5107314285714286,0.10339048801628173,0.009371863343033162,0.0031301870167218335,0.0,-0.25667999999999996,0.08557208089424626,0.0,35
sr_base,ddu_density,0.02,0.728664,0.026319223088837565,1.0,0.029466091803271935,0.00358672409407986,0.8816520000000001,0.7263919999999999,0.03500804387565806,0.017618259072055754,0.002918649200164482,0.0,-0.15608799999999998,0.029969695627416706,0.0,50
sr_base,ddu_density,0.03,0.824424,0.01657804041495858,1.0,0.0403038881868964,0.003024016664353494,0.9255800000000001,0.823404,0.023888892481653476,0.02021255763562605,0.0028803496866534896,0.0,-0.103396,0.020730402408057597,0.0,50
sr_base,ddu_density,0.05,0.9115800000000001,0.009237597090152833,1.0,0.05398706644418873,0.0036322478853987425,0.9733160000000001,0.910432,0.014635975403094931,0.01716993231024168,0.0033188452478160827,0.0,-0.06283200000000001,0.01278338671870642,0.0,50
