family,criterion,size,passes,n_units,r_star,acc_mean,acc_std,aurc_mean,aurc_std,certified_mean,cov_mean,cov_std,risk_mean,risk_std
dropout_sr,maxprob,1,1,5,0.01,0.9356199999999999,0.0006939740629158833,0.007042586681878571,0.0004326708796006756,1.0,0.7314999999999999,0.031653328418983044,0.004324587741900856,0.0013759115748318753
dropout_sr,maxprob,1,1,5,0.02,0.9356199999999999,0.0006939740629158833,0.007042586681878571,0.0004326708796006756,1.0,0.832924,0.00891918292221882,0.011541444591236802,0.0019224588425983118
dropout_sr,maxprob,1,1,5,0.03,0.9356199999999999,0.0006939740629158833,0.007042586681878571,0.0004326708796006756,1.0,0.8836919999999999,0.007983604198606038,0.019961788595911977,0.002555283713965417
dropout_sr,maxprob,1,1,5,0.05,0.9356199999999999,0.0006939740629158833,0.007042586681878571,0.0004326708796006756,1.0,0.9404400000000002,0.007302821372592919,0.037444112066062074,0.0040138638696655534
ensemble,maxprob,1,1,5,0.01,0.9371200000000002,0.0017565876010037407,0.00909629172214313,0.0005349500991890436,0.34,0.238792,0.3337254894909887,0.005241540717948927,0.0013889982310417667
ensemble,maxprob,1,1,5,0.02,0.9371200000000002,0.0017565876010037407,0.00909629172214313,0.0005349500991890436,1.0,0.8336,0.01065855524918833,0.011807226651500262,0.0019932280229413824
ensemble,maxprob,1,1,5,0.03,0.9371200000000002,0.0017565876010037407,0.00909629172214313,0.0005349500991890436,1.0,0.882372,0.008834931578682427,0.019620039002886055,0.0027015332639045045
ensemble,maxprob,1,1,5,0.05,0.9371200000000002,0.0017565876010037407,0.00909629172214313,0.0005349500991890436,1.0,0.9433,0.005969422082580517,0.037010298776914446,0.00348679613110051
ensemble,maxprob,2,2,10,0.01,0.9423600000000001,0.0009057593499379334,0.007007868603680257,0.0001867158475312479,1.0,0.7574260000000002,0.02764323649647414,0.004278604641877484,0.001234760941265714
ensemble,maxprob,2,2,10,0.02,0.9423600000000001,0.0009057593499379334,0.007007868603680257,0.0001867158475312479,1.0,0.855998,0.007639397620231592,0.011939039021943416,0.0018672673848859796
ensemble,maxprob,2,2,10,0.03,0.9423600000000001,0.0009057593499379334,0.007007868603680257,0.0001867158475312479,1.0,0.8999140000000001,0.006920650547455781,0.020081333315291522,0.002538788647403309
ensemble,maxprob,2,2,10,0.05,0.9423600000000001,0.0009057593499379334,0.007007868603680257,0.0001867158475312479,1.0,0.956032,0.0058503825515943825,0.03716027130795846,0.00395076244159941
ensemble,epistemic,2,2,10,0.01,0.9423600000000001,0.0009057593499379334,0.007322981223153646,0.000547155837249095,0.97,0.695328,0.1282086035178607,0.004309564659794889,0.0011917729858390259
ensemble,epistemic,2,2,10,0.02,0.9423600000000001,0.0009057593499379334,0.007322981223153646,0.000547155837249095,1.0,0.8384679999999999,0.01057552722090015,0.01188106271000185,0.0020389837881469876
ensemble,epistemic,2,2,10,0.03,0.9423600000000001,0.0009057593499379334,0.007322981223153646,0.000547155837249095,1.0,0.888224,0.008227965969788646,0.020245638945528794,0.002712219911962574
ensemble,epistemic,2,2,10,0.05,0.9423600000000001,0.0009057593499379334,0.007322981223153646,0.000547155837249095,1.0,0.950688,0.00740217913860507,0.03751772124035126,0.004142603633416856
ensemble,maxprob,3,3,10,0.01,0.94506,0.0010061808982484198,0.006444891059714987,0.00017796046340876772,1.0,0.777174,0.016259044375362287,0.004179935601959647,0.0011303789267282137
ensemble,maxprob,3,3,10,0.02,0.94506,0.0010061808982484198,0.006444891059714987,0.00017796046340876772,1.0,0.8629760000000001,0.007889906463323878,0.011983187179611493,0.0018315192571895936
ensemble,maxprob,3,3,10,0.03,0.94506,0.0010061808982484198,0.006444891059714987,0.00017796046340876772,1.0,0.9059060000000002,0.005806923798363464,0.020269214787216657,0.002406027316940185
ensemble,maxprob,3,3,10,0.05,0.94506,0.0010061808982484198,0.006444891059714987,0.00017796046340876772,1.0,0.962098,0.0055264813398762085,0.036847170290791896,0.0039814401614001104
ensemble,epistemic,3,3,10,0.01,0.94506,0.0010061808982484198,0.006041478507312596,0.0002867576007526194,1.0,0.7584159999999999,0.017286889367378964,0.004144817282226984,0.0010667429821306913
ensemble,epistemic,3,3,10,0.02,0.94506,0.0010061808982484198,0.006041478507312596,0.0002867576007526194,1.0,0.8553339999999998,0.008374392157046384,0.012221909531343467,0.0019523275778915044
ensemble,epistemic,3,3,10,0.03,0.94506,0.0010061808982484198,0.006041478507312596,0.0002867576007526194,1.0,0.8990720000000002,0.006441212308253786,0.020404737115909972,0.0025497408301413077
ensemble,epistemic,3,3,10,0.05,0.94506,0.0010061808982484198,0.006041478507312596,0.0002867576007526194,1.0,0.954756,0.007340440313768647,0.03710716566650947,0.004487637278368992
ensemble,maxprob,4,4,5,0.01,0.9459199999999999,0.000597996655509064,0.006221723746539794,0.00017355902120676464,1.0,0.787776,0.015021085979382454,0.0043889222513329015,0.001108219365419322
ensemble,maxprob,4,4,5,0.02,0.9459199999999999,0.000597996655509064,0.006221723746539794,0.00017355902120676464,1.0,0.8674560000000001,0.005141679103172422,0.012014450072661258,0.00147240377163823
ensemble,maxprob,4,4,5,0.03,0.9459199999999999,0.000597996655509064,0.006221723746539794,0.00017355902120676464,1.0,0.9091879999999999,0.005451958914005121,0.020026068954629328,0.0025562996881975395
ensemble,maxprob,4,4,5,0.05,0.9459199999999999,0.000597996655509064,0.006221723746539794,0.00017355902120676464,1.0,0.9655360000000002,0.004911934852988172,0.03699409974077419,0.003883902367337242
ensemble,epistemic,4,4,5,0.01,0.9459199999999999,0.000597996655509064,0.005667975997885073,0.00022884592573035496,1.0,0.7703960000000001,0.016856784509508334,0.003986335376360729,0.0012263496148258387
ensemble,epistemic,4,4,5,0.02,0.9459199999999999,0.000597996655509064,0.005667975997885073,0.00022884592573035496,1.0,0.859732,0.006800424692620301,0.01228795946476234,0.0016213678911873406
ensemble,epistemic,4,4,5,0.03,0.9459199999999999,0.000597996655509064,0.005667975997885073,0.00022884592573035496,1.0,0.9019759999999999,0.005152652132640044,0.02047594373059533,0.002536808782560468
ensemble,epistemic,4,4,5,0.05,0.9459199999999999,0.000597996655509064,0.005667975997885073,0.00022884592573035496,1.0,0.9574520000000001,0.008762174159419564,0.03719954891477897,0.005125885258689594
ensemble,maxprob,5,5,1,0.01,0.9468,0.0,0.006090850357464102,0.0,1.0,0.7942199999999999,0.013181638744860223,0.004364629566613605,0.001081525345733449
ensemble,maxprob,5,5,1,0.02,0.9468,0.0,0.006090850357464102,0.0,1.0,0.87144,0.005425716542540715,0.012270618043356791,0.0013581288502818793
ensemble,maxprob,5,5,1,0.03,0.9468,0.0,0.006090850357464102,0.0,1.0,0.91236,0.0046953594111633235,0.01993634828978568,0.002422506600495939
ensemble,maxprob,5,5,1,0.05,0.9468,0.0,0.006090850357464102,0.0,1.0,0.9669399999999999,0.00408612285669435,0.036574861399704825,0.0037136637801478516
ensemble,epistemic,5,5,1,0.01,0.9468,0.0,0.005469367931580467,0.0,1.0,0.78284,0.015215202923392115,0.00427086818581387,0.0011368544262869403
ensemble,epistemic,5,5,1,0.02,0.9468,0.0,0.005469367931580467,0.0,1.0,0.86362,0.0063815045247966285,0.012239815735226874,0.001672224064194829
ensemble,epistemic,5,5,1,0.03,0.9468,0.0,0.005469367931580467,0.0,1.0,0.90292,0.004679487151387438,0.02003411669914503,0.0024919557497867675
ensemble,epistemic,5,5,1,0.05,0.9468,0.0,0.005469367931580467,0.0,1.0,0.96052,0.008396284892736786,0.03662287262815414,0.005200694192797337
mc_dropout,maxprob,1,1,20,0.01,0.9156850000000001,0.0018009094924509663,0.013955009339537352,0.0007075138853764064,0.065,0.025373,0.10090201123367165,0.003414006089213344,0.001962794442349762
mc_dropout,maxprob,1,1,20,0.02,0.9156850000000001,0.0018009094924509663,0.013955009339537352,0.0007075138853764064,0.995,0.6932069999999999,0.061645766691639105,0.011137941197182626,0.002236876622916336
mc_dropout,maxprob,1,1,20,0.03,0.9156850000000001,0.0018009094924509663,0.013955009339537352,0.0007075138853764064,1.0,0.805051,0.01485814251513291,0.019687805645977007,0.0028061137474008034
mc_dropout,maxprob,1,1,20,0.05,0.9156850000000001,0.0018009094924509663,0.013955009339537352,0.0007075138853764064,1.0,0.886766,0.008028203036794718,0.03721473558971015,0.0036210134735987116
mc_dropout,maxprob,2,2,20,0.01,0.924165,0.001743638437291395,0.010263425800700405,0.0004599378074291819,0.725,0.42680899999999994,0.27220816908939377,0.003972545243398031,0.0014381879397433526
mc_dropout,maxprob,2,2,20,0.02,0.924165,0.001743638437291395,0.010263425800700405,0.0004599378074291819,1.0,0.7775139999999999,0.015184933453920699,0.011533125063445768,0.0021119185131138443
mc_dropout,maxprob,2,2,20,0.03,0.924165,0.001743638437291395,0.010263425800700405,0.0004599378074291819,1.0,0.837851,0.010618060039385726,0.01964558621458067,0.0027376344618449174
mc_dropout,maxprob,2,2,20,0.05,0.924165,0.001743638437291395,0.010263425800700405,0.0004599378074291819,1.0,0.908433,0.00808825759975534,0.03703556547398853,0.0036436808361003654
mc_dropout,epistemic,2,2,20,0.01,0.924165,0.001743638437291395,0.012506767082675554,0.0005197477416532488,0.17,0.079476,0.18108367740909173,0.004789102218213512,0.0014515805073853274
mc_dropout,epistemic,2,2,20,0.02,0.924165,0.001743638437291395,0.012506767082675554,0.0005197477416532488,1.0,0.741171,0.025028379072564805,0.011612533913371931,0.0023676562607765285
mc_dropout,epistemic,2,2,20,0.03,0.924165,0.001743638437291395,0.012506767082675554,0.0005197477416532488,1.0,0.815219,0.012292771819244023,0.019641091335871573,0.0029126514787472077
mc_dropout,epistemic,2,2,20,0.05,0.924165,0.001743638437291395,0.012506767082675554,0.0005197477416532488,1.0,0.8951560000000001,0.008321229716814697,0.03720543074561146,0.003726940882615144
mc_dropout,maxprob,5,5,20,0.01,0.9309749999999999,0.0012632794623518623,0.008217001115120127,0.0003191217421344279,0.99,0.6759229999999999,0.07569273856189906,0.0039131500614328855,0.0012396064180635212
mc_dropout,maxprob,5,5,20,0.02,0.9309749999999999,0.0012632794623518623,0.008217001115120127,0.0003191217421344279,1.0,0.804912,0.01218935010572754,0.01172869012633944,0.0018500378197774633
mc_dropout,maxprob,5,5,20,0.03,0.9309749999999999,0.0012632794623518623,0.008217001115120127,0.0003191217421344279,1.0,0.861404,0.009039578751247205,0.019638804905110753,0.0025598483166227805
mc_dropout,maxprob,5,5,20,0.05,0.9309749999999999,0.0012632794623518623,0.008217001115120127,0.0003191217421344279,1.0,0.9277990000000002,0.006793688173591722,0.03654074429952832,0.003462583966770464
mc_dropout,epistemic,5,5,20,0.01,0.9309749999999999,0.0012632794623518623,0.009212268306719545,0.00034239167544979695,0.955,0.622557,0.14471462659662293,0.003794365693301432,0.0012916348483874834
mc_dropout,epistemic,5,5,20,0.02,0.9309749999999999,0.0012632794623518623,0.009212268306719545,0.00034239167544979695,1.0,0.7932390000000001,0.012304108216364159,0.011629163284596683,0.0018709478231100252
mc_dropout,epistemic,5,5,20,0.03,0.9309749999999999,0.0012632794623518623,0.009212268306719545,0.00034239167544979695,1.0,0.8472900000000001,0.007403992166392401,0.019599325089108114,0.0024955830748555367
mc_dropout,epistemic,5,5,20,0.05,0.9309749999999999,0.0012632794623518623,0.009212268306719545,0.00034239167544979695,1.0,0.911438,0.0076086106484692705,0.036824331202995976,0.0033900396325285175
mc_dropout,maxprob,10,10,20,0.01,0.93305,0.0013983919336151734,0.007563244094224719,0.0002956286247071056,1.0,0.706769,0.02846260070689254,0.004113945761252465,0.00134626125843006
mc_dropout,maxprob,10,10,20,0.02,0.93305,0.0013983919336151734,0.007563244094224719,0.0002956286247071056,1.0,0.8168489999999999,0.01259767434886297,0.011741959944058432,0.0019028648173518166
mc_dropout,maxprob,10,10,20,0.03,0.93305,0.0013983919336151734,0.007563244094224719,0.0002956286247071056,1.0,0.8694679999999999,0.008487200716372857,0.019693566237521918,0.0022828063437385104
mc_dropout,maxprob,10,10,20,0.05,0.93305,0.0013983919336151734,0.007563244094224719,0.0002956286247071056,1.0,0.9339240000000001,0.006328208593275031,0.03661311059343979,0.003280972524411287
mc_dropout,epistemic,10,10,20,0.01,0.93305,0.0013983919336151734,0.00831883678381231,0.00029782024178572183,0.99,0.6887639999999999,0.07609571015504094,0.004120784382265084,0.0013807111142882598
mc_dropout,epistemic,10,10,20,0.02,0.93305,0.0013983919336151734,0.00831883678381231,0.00029782024178572183,1.0,0.802885,0.012386661172406391,0.011604551485794135,0.001913722206297287
mc_dropout,epistemic,10,10,20,0.03,0.93305,0.0013983919336151734,0.00831883678381231,0.00029782024178572183,1.0,0.852724,0.008795397887531864,0.019870184757962598,0.002414926981687407
mc_dropout,epistemic,10,10,20,0.05,0.93305,0.0013983919336151734,0.00831883678381231,0.00029782024178572183,1.0,0.9221299999999999,0.007608751540167415,0.037223016338985754,0.0033297334404041312
mc_dropout,maxprob,20,20,20,0.01,0.9341950000000001,0.001243573479935942,0.0071062946092868475,0.0002380289686583739,1.0,0.719109,0.025873251032678516,0.004103940398578334,0.0013861946619587637
mc_dropout,maxprob,20,20,20,0.02,0.9341950000000001,0.001243573479935942,0.0071062946092868475,0.0002380289686583739,1.0,0.8261020000000001,0.009729706881504704,0.011920030395020216,0.0018668096070800927
mc_dropout,maxprob,20,20,20,0.03,0.9341950000000001,0.001243573479935942,0.0071062946092868475,0.0002380289686583739,1.0,0.8739520000000001,0.007574093741167979,0.01964383843410261,0.0024464206550435723
mc_dropout,maxprob,20,20,20,0.05,0.9341950000000001,0.001243573479935942,0.0071062946092868475,0.0002380289686583739,1.0,0.937158,0.006648446134248206,0.03641308230354608,0.0034430670474367
mc_dropout,epistemic,20,20,20,0.01,0.9341950000000001,0.001243573479935942,0.007577193536456019,0.0002498121545701751,1.0,0.7099559999999999,0.02603485479122171,0.0041419928359219095,0.001499288887821284
mc_dropout,epistemic,20,20,20,0.02,0.9341950000000001,0.001243573479935942,0.007577193536456019,0.0002498121545701751,1.0,0.8135300000000001,0.011076366732823539,0.01190300288974011,0.00191206373738925
mc_dropout,epistemic,20,20,20,0.03,0.9341950000000001,0.001243573479935942,0.007577193536456019,0.0002498121545701751,1.0,0.864974,0.007577897069768101,0.019968881999579045,0.002496620572013342
mc_dropout,epistemic,20,20,20,0.05,0.9341950000000001,0.001243573479935942,0.007577193536456019,0.0002498121545701751,1.0,0.929461,0.006625351235972321,0.03700743422854542,0.0031798124373758306
mc_dropout,maxprob,50,50,20,0.01,0.9350349999999998,0.0011037549546887627,0.0069341402350561465,0.00025184604078648185,1.0,0.72845,0.029247644349588226,0.004240582587334562,0.0012970051930999726
mc_dropout,maxprob,50,50,20,0.02,0.9350349999999998,0.0011037549546887627,0.0069341402350561465,0.00025184604078648185,1.0,0.82963,0.008442505552263498,0.011892147126396304,0.001679246160345218
mc_dropout,maxprob,50,50,20,0.03,0.9350349999999998,0.0011037549546887627,0.0069341402350561465,0.00025184604078648185,1.0,0.8768480000000001,0.006495113239967415,0.019667862605896022,0.0022339556361546894
mc_dropout,maxprob,50,50,20,0.05,0.9350349999999998,0.0011037549546887627,0.0069341402350561465,0.00025184604078648185,1.0,0.938483,0.006491079340140584,0.03635655674854113,0.003440135728281135
mc_dropout,epistemic,50,50,20,0.01,0.9350349999999998,0.0011037549546887627,0.007239437278078091,0.0002482186384361726,1.0,0.7187899999999999,0.02891707972807766,0.004239773875103225,0.00136009438103423
mc_dropout,epistemic,50,50,20,0.02,0.9350349999999998,0.0011037549546887627,0.007239437278078091,0.0002482186384361726,1.0,0.8238040000000001,0.00724063422636443,0.01189215370162714,0.001643534284986317
mc_dropout,epistemic,50,50,20,0.03,0.9350349999999998,0.0011037549546887627,0.007239437278078091,0.0002482186384361726,1.0,0.8698210000000001,0.006153808495557856,0.01989997624876617,0.0021895010733393467
mc_dropout,epistemic,50,50,20,0.05,0.9350349999999998,0.0011037549546887627,0.007239437278078091,0.0002482186384361726,1.0,0.9324640000000001,0.005793401764076094,0.03686666809583807,0.00306095981057959
mc_dropout,maxprob,100,100,5,0.01,0.9353199999999999,0.0013166624472506219,0.006836052243176198,0.0002543805751080488,1.0,0.7326439999999999,0.026504800772690216,0.004293753251928464,0.0012724071301228657
mc_dropout,maxprob,100,100,5,0.02,0.9353199999999999,0.0013166624472506219,0.006836052243176198,0.0002543805751080488,1.0,0.8323400000000001,0.007211463097042091,0.011931894190080483,0.001685387704062003
mc_dropout,maxprob,100,100,5,0.03,0.9353199999999999,0.0013166624472506219,0.006836052243176198,0.0002543805751080488,1.0,0.877036,0.006149040900823481,0.019606199011660216,0.0023181642166378285
mc_dropout,maxprob,100,100,5,0.05,0.9353199999999999,0.0013166624472506219,0.006836052243176198,0.0002543805751080488,1.0,0.9391560000000001,0.006236189862407974,0.03617509114032455,0.0033432104660416437
mc_dropout,epistemic,100,100,5,0.01,0.9353199999999999,0.0013166624472506219,0.007069489247753857,0.0002421348259936203,1.0,0.730744,0.028427002374503012,0.004419602070703133,0.0012787043611687309
mc_dropout,epistemic,100,100,5,0.02,0.9353199999999999,0.0013166624472506219,0.007069489247753857,0.0002421348259936203,1.0,0.828488,0.006857540083732655,0.012099651418014643,0.0016864008157337436
mc_dropout,epistemic,100,100,5,0.03,0.9353199999999999,0.0013166624472506219,0.007069489247753857,0.0002421348259936203,1.0,0.8719839999999999,0.0058141675242462726,0.01996164301545113,0.0020303542616775974
mc_dropout,epistemic,100,100,5,0.05,0.9353199999999999,0.0013166624472506219,0.007069489247753857,0.0002421348259936203,1.0,0.9338200000000001,0.0062287398404492714,0.03672445693982525,0.002924540781220586
