criterion,AURC x1000_mean,AURC x1000_std,AUGRC x1000_mean,AUGRC x1000_std,E-AURC x1000_mean,E-AURC x1000_std,accuracy_mean,accuracy_std
sr_base,8.94442,1.09157,6.58916,0.443344,6.94618,1.08084,0.937528,0.00303441
sr_dropout,6.84656,0.552491,5.95308,0.337217,4.74218,0.498295,0.93588,0.00248193
mc_maxprob,6.69469,0.450463,5.92191,0.324419,4.6117,0.371051,0.936204,0.00249367
mc_total,6.87824,0.466593,6.08588,0.322484,4.79524,0.397794,0.936204,0.00249367
mc_aleatoric,6.94509,0.468345,6.14455,0.319616,4.86209,0.399054,0.936204,0.00249367
mc_epistemic,6.94311,0.429234,6.16567,0.32611,4.86011,0.349803,0.936204,0.00249367
mc_variance,7.11335,0.414374,6.32563,0.325493,5.03036,0.322192,0.936204,0.00249367
ens_maxprob,5.8958,0.707051,4.53699,0.298546,4.47594,0.639709,0.94722,0.00185785
ens_total,6.00485,0.722487,4.6111,0.297803,4.58499,0.655775,0.94722,0.00185785
ens_aleatoric,6.17185,0.718239,4.73901,0.253384,4.752,0.65885,0.94722,0.00185785
ens_epistemic,5.39366,0.400634,4.727,0.296333,3.9738,0.315431,0.94722,0.00185785
finetune_maxprob,7.59704,0.688895,6.32122,0.406397,5.48228,0.623811,0.93576,0.00326998
swag_maxprob,11.9293,2.38386,10.1646,1.92312,8.24149,1.56856,0.91608,0.0107988
swag_total,12.759,2.5263,10.8586,2.01781,9.07126,1.71435,0.91608,0.0107988
swag_aleatoric,12.7359,2.44927,10.8358,1.97021,9.0481,1.63485,0.91608,0.0107988
swag_epistemic,14.9965,3.19285,12.5986,2.51283,11.3088,2.3987,0.91608,0.0107988
laplace_maxprob,9.08766,1.10672,6.57678,0.429048,7.08176,1.09225,0.937408,0.00300878
laplace_total,9.24019,1.15883,6.62504,0.445312,7.23428,1.14735,0.937408,0.00300878
laplace_aleatoric,9.23787,1.17118,6.6221,0.448929,7.23197,1.15902,0.937408,0.00300878
laplace_epistemic,9.66673,1.09397,6.81638,0.435461,7.66082,1.07786,0.937408,0.00300878
gda_density,8.45057,0.673434,6.91949,0.397018,6.45233,0.659406,0.937528,0.00303441
ddu_maxprob,9.19612,0.70111,7.95403,0.465866,6.35291,0.615532,0.92558,0.00222216
ddu_density,17.7016,2.53463,12.31,0.932424,14.8584,2.57035,0.92558,0.00222216
vbll_maxprob,10.3176,2.13019,8.33488,1.20912,7.42273,1.85246,0.925028,0.00460348
vbll_total,10.383,2.14573,8.34637,1.20311,7.48818,1.87132,0.925028,0.00460348
vbll_aleatoric,10.3831,2.14581,8.34643,1.20306,7.48829,1.87139,0.925028,0.00460348
vbll_epistemic,10.4432,2.14041,8.40701,1.22372,7.54838,1.86292,0.925028,0.00460348
sngp_maxprob,12.3091,0.985073,9.25503,0.525764,9.35036,0.940127,0.924148,0.00341545
sngp_ds,12.7902,1.04063,9.43205,0.50175,9.83152,1.0168,0.924148,0.00341545
dropout_scratch_sr,8.68221,0.906052,6.63964,0.389433,6.61519,0.813366,0.936468,0.00297069
dropout_scratch_maxprob,6.93024,0.515678,6.00452,0.349901,4.79762,0.435855,0.935468,0.0027824
dropout_scratch_total,7.14927,0.50713,6.1918,0.34569,5.01665,0.425884,0.935468,0.0027824
dropout_scratch_aleatoric,7.21116,0.515944,6.22791,0.342261,5.07854,0.438702,0.935468,0.0027824
dropout_scratch_epistemic,7.11245,0.485205,6.2475,0.3593,4.97983,0.392708,0.935468,0.0027824
masksembles_maxprob,20.2079,0.928957,17.0518,0.727161,13.0615,0.625306,0.882912,0.00356834
masksembles_total,20.712,0.956981,17.4772,0.751971,13.5656,0.640661,0.882912,0.00356834
masksembles_aleatoric,20.778,0.949697,17.532,0.751759,13.6316,0.63211,0.882912,0.00356834
masksembles_epistemic,24.2491,1.23187,20.1999,0.909674,17.1027,0.904755,0.882912,0.00356834
swa_maxprob,11.1485,2.20098,9.49464,1.78014,7.61971,1.43404,0.917792,0.00987651
