r*,criterion,emp risk_mean,emp risk_std,emp cov_mean,emp cov_std,emp viol_mean,emp viol_std,sgr risk_mean,sgr risk_std,sgr cov_mean,sgr cov_std,sgr viol_mean,sgr viol_std,cov risk_mean,cov risk_std,cov cov_mean,cov cov_std,cov viol_mean,cov viol_std,sgr bound_mean,sgr bound_std
0.01,sr_base,0.00991874,0.00185702,0.814468,0.0129926,0.48,0.4996,0.00524148,0.00138907,0.238796,0.333731,0,0,0.00993568,0.00185616,0.814692,0.0129887,0.48,0.4996,0.00983873,8.87757e-05
0.01,sr_dropout,0.00948076,0.00183101,0.81458,0.00865815,0.42,0.493559,0.00432447,0.00137588,0.73152,0.0316617,0,0,0.009498,0.00182494,0.814792,0.00864768,0.42,0.493559,0.00978099,0.000100726
0.01,mc_maxprob,0.00996818,0.0017237,0.816444,0.0103765,0.48,0.4996,0.00447618,0.00138158,0.735024,0.0224786,0,0,0.00997552,0.00172166,0.816656,0.0103487,0.48,0.4996,0.00979769,0.000100342
0.01,mc_total,0.010147,0.00180905,0.81636,0.011451,0.6,0.489898,0.00439745,0.00130125,0.733908,0.0228716,0,0,0.0101692,0.00181575,0.816532,0.0114389,0.6,0.489898,0.00980551,0.000106728
0.01,mc_aleatoric,0.00996578,0.00172729,0.814876,0.0123189,0.54,0.498397,0.00433527,0.00138545,0.734292,0.0238995,0,0,0.00999302,0.00171882,0.815052,0.0123067,0.54,0.498397,0.00979756,0.000102704
0.01,mc_epistemic,0.00993335,0.00159754,0.811036,0.00891199,0.48,0.4996,0.00454778,0.0014345,0.731204,0.0220703,0,0,0.00995088,0.00158465,0.81124,0.00882016,0.5,0.5,0.00979993,9.43441e-05
0.01,mc_variance,0.00984497,0.00168036,0.809552,0.00958812,0.44,0.496387,0.00457661,0.00145156,0.725528,0.0252796,0,0,0.00988596,0.00167617,0.80982,0.00962067,0.48,0.4996,0.0098094,9.31246e-05
0.01,ens_maxprob,0.00986703,0.00131932,0.85496,0.0036571,0.5,0.5,0.00436463,0.00108153,0.79422,0.0131816,0,0,0.00988849,0.00127865,0.85514,0.00368353,0.5,0.5,0.00980337,0.000119143
0.01,ens_total,0.00997622,0.00126816,0.85548,0.00491382,0.5,0.5,0.00448132,0.00105153,0.79566,0.0140911,0,0,0.00997295,0.00126788,0.85576,0.00494352,0.5,0.5,0.00986356,0.000104986
0.01,ens_aleatoric,0.00980654,0.00150782,0.85164,0.00609052,0.5,0.5,0.00438084,0.00100861,0.79606,0.0127531,0,0,0.00982776,0.0015405,0.85182,0.00600297,0.5,0.5,0.00985311,0.0001158
0.01,ens_epistemic,0.00985105,0.0009977,0.84636,0.00340682,0.4,0.489898,0.00427087,0.00113685,0.78284,0.0152152,0,0,0.00989584,0.000977482,0.84658,0.00334359,0.4,0.489898,0.0098274,0.000106613
0.02,sr_base,0.0191257,0.00260546,0.87976,0.00850139,0.32,0.466476,0.0118024,0.00200304,0.833592,0.0106765,0,0,0.0191668,0.00260712,0.879956,0.00853363,0.32,0.466476,0.0198314,7.80874e-05
0.02,sr_dropout,0.019335,0.00250431,0.881308,0.00816962,0.38,0.485386,0.0115414,0.00192246,0.832924,0.00891918,0,0,0.0193858,0.00251934,0.881464,0.00819223,0.38,0.485386,0.019837,8.39089e-05
0.02,mc_maxprob,0.019247,0.00220532,0.87478,0.00646347,0.32,0.466476,0.0117924,0.00187925,0.83264,0.00871945,0,0,0.0192801,0.00221042,0.874936,0.00644279,0.34,0.473709,0.0198579,7.42716e-05
0.02,mc_total,0.0193364,0.00232681,0.87262,0.00604281,0.4,0.489898,0.0118379,0.00188411,0.832876,0.00921129,0,0,0.019361,0.00231908,0.872744,0.00609065,0.4,0.489898,0.0198359,8.3972e-05
0.02,mc_aleatoric,0.0190254,0.00193802,0.870224,0.00592846,0.28,0.448999,0.0118958,0.00171609,0.831092,0.00878938,0,0,0.019116,0.00193656,0.8705,0.00589742,0.32,0.466476,0.0198431,8.35569e-05
0.02,mc_epistemic,0.0193388,0.00221636,0.870044,0.00602864,0.46,0.498397,0.0117732,0.0019336,0.827852,0.00887881,0,0,0.019362,0.0022033,0.870236,0.00601421,0.46,0.498397,0.0198586,7.55125e-05
0.02,mc_variance,0.0192892,0.00238099,0.871564,0.00640771,0.36,0.48,0.0117434,0.00177636,0.827012,0.00795853,0,0,0.0193485,0.00239524,0.871784,0.00638296,0.38,0.485386,0.0198516,7.09676e-05
0.02,ens_maxprob,0.0192205,0.00248189,0.90888,0.00465807,0.5,0.5,0.0122706,0.00135813,0.87144,0.00542572,0,0,0.0192799,0.00248297,0.90918,0.00474675,0.4,0.489898,0.0198706,7.12982e-05
0.02,ens_total,0.019075,0.00191395,0.90874,0.00323611,0.2,0.4,0.0121652,0.00137593,0.87088,0.00438014,0,0,0.0190942,0.001899,0.90888,0.00323382,0.2,0.4,0.0198324,9.09015e-05
0.02,ens_aleatoric,0.01967,0.00135976,0.9048,0.00258921,0.4,0.489898,0.0121653,0.00168959,0.86584,0.00458153,0,0,0.0197108,0.0013845,0.90496,0.00254055,0.4,0.489898,0.0197995,6.71941e-05
0.02,ens_epistemic,0.0195782,0.00243141,0.90046,0.00462779,0.3,0.458258,0.0122398,0.00167222,0.86362,0.0063815,0,0,0.0196395,0.00252084,0.90068,0.00464775,0.3,0.458258,0.0198397,7.3473e-05
0.03,sr_base,0.028701,0.00290567,0.919432,0.00628196,0.3,0.458258,0.01962,0.00270153,0.882372,0.00883493,0,0,0.028756,0.00291628,0.91962,0.00623246,0.32,0.466476,0.0298654,7.42514e-05
0.03,sr_dropout,0.0290318,0.00334826,0.91606,0.00773483,0.34,0.473709,0.0199618,0.00255528,0.883692,0.0079836,0,0,0.0291065,0.00333193,0.916332,0.00769869,0.36,0.48,0.0298692,7.0647e-05
0.03,mc_maxprob,0.0283994,0.00270285,0.915056,0.00617466,0.34,0.473709,0.0197298,0.0022896,0.877064,0.00663716,0,0,0.028477,0.00268816,0.915236,0.00617902,0.34,0.473709,0.029863,6.94243e-05
0.03,mc_total,0.0289269,0.00276879,0.909024,0.0053082,0.3,0.458258,0.0200113,0.00243059,0.875288,0.0065302,0,0,0.0289783,0.0027536,0.909216,0.00524089,0.3,0.458258,0.0298642,7.31196e-05
0.03,mc_aleatoric,0.0287479,0.0027429,0.906636,0.00571002,0.28,0.448999,0.0196448,0.00210102,0.872868,0.00615111,0,0,0.0288005,0.00275849,0.90678,0.00572003,0.3,0.458258,0.0298652,6.80862e-05
0.03,mc_epistemic,0.0288431,0.00275919,0.908532,0.00659583,0.32,0.466476,0.0197918,0.00221571,0.872188,0.00569679,0,0,0.0288999,0.00274932,0.908692,0.00655075,0.32,0.466476,0.0298652,6.19016e-05
0.03,mc_variance,0.0291597,0.00274978,0.908088,0.00565051,0.38,0.485386,0.0198528,0.00246041,0.873784,0.00651212,0,0,0.0291978,0.00276909,0.908268,0.00567022,0.38,0.485386,0.0298651,7.40426e-05
0.03,ens_maxprob,0.0289223,0.00308518,0.9428,0.00422564,0.5,0.5,0.0199363,0.00242251,0.91236,0.00469536,0,0,0.0290008,0.00312714,0.943,0.0042019,0.5,0.5,0.0298639,5.48417e-05
0.03,ens_total,0.0283395,0.00283118,0.94124,0.00264696,0.3,0.458258,0.0199609,0.00229243,0.91232,0.00450884,0,0,0.0284397,0.00285333,0.94144,0.00265601,0.3,0.458258,0.0298697,7.03007e-05
0.03,ens_aleatoric,0.0284042,0.00319002,0.93666,0.00503114,0.2,0.4,0.0201002,0.00142901,0.9073,0.00275717,0,0,0.0285067,0.00320968,0.9368,0.00502394,0.2,0.4,0.0298963,7.40801e-05
0.03,ens_epistemic,0.0292532,0.00430211,0.93408,0.00828647,0.4,0.489898,0.0200341,0.00249196,0.90292,0.00467949,0,0,0.0292716,0.00430414,0.93416,0.00838131,0.4,0.489898,0.0298526,7.83335e-05
0.04,sr_base,0.0386447,0.00356631,0.947428,0.00555827,0.38,0.485386,0.0280057,0.00285246,0.917244,0.00661904,0,0,0.0386975,0.00359851,0.947576,0.0055575,0.38,0.485386,0.0398793,6.58474e-05
0.04,sr_dropout,0.0392765,0.0040317,0.94558,0.00688735,0.36,0.48,0.0284109,0.0032995,0.913968,0.00809497,0,0,0.039379,0.00402395,0.945764,0.00684593,0.36,0.48,0.0399006,6.70875e-05
0.04,mc_maxprob,0.0379585,0.00370452,0.942876,0.00686497,0.32,0.466476,0.0277613,0.00277001,0.912556,0.00662653,0,0,0.0380246,0.00370801,0.943024,0.00688472,0.32,0.466476,0.0398664,6.6077e-05
0.04,mc_total,0.0383956,0.00296844,0.939976,0.00573434,0.32,0.466476,0.0283437,0.00268806,0.90716,0.00507054,0,0,0.0384446,0.00295883,0.940132,0.00572596,0.32,0.466476,0.039876,7.01784e-05
0.04,mc_aleatoric,0.0383556,0.00324866,0.938508,0.00560331,0.32,0.466476,0.0280393,0.00275382,0.903856,0.00575681,0,0,0.0384197,0.00324423,0.938716,0.00557639,0.32,0.466476,0.0398624,6.23806e-05
0.04,mc_epistemic,0.0387062,0.00308536,0.940584,0.00556903,0.32,0.466476,0.0280936,0.00266517,0.905748,0.00643289,0,0,0.0387771,0.00310126,0.940716,0.00560073,0.32,0.466476,0.0398812,6.33719e-05
0.04,mc_variance,0.0387058,0.00309796,0.935204,0.00580324,0.38,0.485386,0.0285805,0.00280415,0.90602,0.00586628,0,0,0.038796,0.00309202,0.935396,0.00582182,0.38,0.485386,0.0398849,6.12863e-05
0.04,ens_maxprob,0.0381814,0.00394257,0.97076,0.00403465,0.3,0.458258,0.0285154,0.00295195,0.94158,0.00389199,0,0,0.0383154,0.00392228,0.97102,0.00406099,0.3,0.458258,0.0399207,4.7931e-05
0.04,ens_total,0.0385512,0.00422482,0.9675,0.00545105,0.4,0.489898,0.0279248,0.00289325,0.94012,0.00307922,0,0,0.0385901,0.00423335,0.96756,0.00545366,0.4,0.489898,0.0398727,3.28818e-05
0.04,ens_aleatoric,0.0388284,0.00312123,0.96708,0.00337426,0.4,0.489898,0.0279495,0.00311243,0.93548,0.00484743,0,0,0.0388651,0.00312833,0.9672,0.00336214,0.4,0.489898,0.0398634,6.42792e-05
0.04,ens_epistemic,0.0384303,0.00500779,0.966,0.00739892,0.4,0.489898,0.0288112,0.00437001,0.93244,0.00815441,0,0,0.0385093,0.00499972,0.9661,0.00738228,0.4,0.489898,0.0398732,5.05231e-05
0.05,sr_base,0.0488332,0.00422022,0.971452,0.00609194,0.46,0.498397,0.0370103,0.0034868,0.9433,0.00596942,0,0,0.0489313,0.00421061,0.971636,0.00604605,0.46,0.498397,0.0498754,6.03268e-05
0.05,sr_dropout,0.0492576,0.00435709,0.970192,0.00563673,0.44,0.496387,0.0374441,0.00401386,0.94044,0.00730282,0,0,0.0493467,0.00437681,0.970384,0.0056343,0.44,0.496387,0.0498847,5.74948e-05
0.05,mc_maxprob,0.0483119,0.0040115,0.96858,0.00555601,0.28,0.448999,0.036034,0.00325627,0.9378,0.0058702,0,0,0.0483863,0.0039953,0.968752,0.00547614,0.28,0.448999,0.0498973,6.03849e-05
0.05,mc_total,0.0482499,0.00377277,0.965892,0.00493319,0.32,0.466476,0.0365535,0.0030185,0.933696,0.00617262,0,0,0.0482971,0.00377837,0.966024,0.00496558,0.32,0.466476,0.0498943,6.06475e-05
0.05,mc_aleatoric,0.0480954,0.0037251,0.964992,0.00510215,0.28,0.448999,0.0367509,0.00314708,0.933344,0.00573049,0,0,0.0481833,0.00375558,0.965216,0.00514476,0.28,0.448999,0.04988,6.61532e-05
0.05,mc_epistemic,0.0483903,0.00374056,0.96594,0.00550189,0.34,0.473709,0.0367267,0.00299004,0.934732,0.00610149,0,0,0.0484834,0.00369095,0.966156,0.00549462,0.36,0.48,0.0498892,5.78773e-05
0.05,mc_variance,0.0487178,0.00327202,0.960892,0.00503527,0.32,0.466476,0.0371129,0.00316285,0.930496,0.0056672,0,0,0.0487781,0.00329881,0.961096,0.00502732,0.32,0.466476,0.0498906,6.64297e-05
0.05,ens_maxprob,0.0483948,0.00376458,0.99284,0.00314935,0.4,0.489898,0.0365749,0.00371366,0.96694,0.00408612,0,0,0.0486206,0.0037852,0.99316,0.00320849,0.4,0.489898,0.0498875,6.2034e-05
0.05,ens_total,0.0485891,0.00407157,0.99204,0.00447821,0.3,0.458258,0.036892,0.00397824,0.96336,0.00533652,0,0,0.0487028,0.0040915,0.99218,0.00453559,0.3,0.458258,0.0498544,7.24381e-05
0.05,ens_aleatoric,0.048865,0.00375784,0.99176,0.00476134,0.4,0.489898,0.037242,0.00306307,0.96256,0.00454735,0,0,0.0488758,0.00377751,0.99196,0.00459983,0.4,0.489898,0.0498611,5.487e-05
0.05,ens_epistemic,0.0485918,0.00411032,0.99154,0.00471852,0.4,0.489898,0.0366229,0.00520069,0.96052,0.00839628,0,0,0.0486098,0.00413111,0.99158,0.00473831,0.4,0.489898,0.049886,4.56656e-05
0.06,sr_base,0.0589824,0.00456247,0.992844,0.00572228,0.5,0.5,0.0460759,0.00426749,0.965048,0.00608428,0,0,0.0590814,0.00456119,0.993072,0.0058019,0.52,0.4996,0.0598889,5.85412e-05
0.06,sr_dropout,0.0593601,0.00449086,0.991936,0.00437236,0.36,0.48,0.0465986,0.00431392,0.963912,0.00587716,0,0,0.0594531,0.0045598,0.992124,0.00442392,0.36,0.48,0.0598974,6.47629e-05
0.06,mc_maxprob,0.0579467,0.0041033,0.989672,0.00451323,0.32,0.466476,0.0456424,0.00397347,0.962536,0.00604085,0,0,0.0580717,0.00410169,0.989884,0.00450619,0.32,0.466476,0.0598934,6.07734e-05
0.06,mc_total,0.0578788,0.00427844,0.98842,0.00528655,0.28,0.448999,0.0455214,0.0034872,0.959428,0.0045831,0,0,0.0579995,0.00429821,0.98864,0.00525753,0.3,0.458258,0.0598863,5.96316e-05
0.06,mc_aleatoric,0.0578224,0.00422623,0.987784,0.00545877,0.28,0.448999,0.0453996,0.00342636,0.95782,0.00529441,0,0,0.0579173,0.00429386,0.98802,0.00553263,0.28,0.448999,0.0598845,6.05758e-05
0.06,mc_epistemic,0.0580358,0.00411029,0.989104,0.00470833,0.32,0.466476,0.0460612,0.00348092,0.959608,0.00521919,0,0,0.0581146,0.00409053,0.98928,0.00467538,0.32,0.466476,0.0598897,5.9753e-05
0.06,mc_variance,0.0584744,0.00401858,0.985792,0.00614309,0.34,0.473709,0.0458955,0.00332755,0.953772,0.0058124,0,0,0.0585601,0.00401451,0.985992,0.00609248,0.34,0.473709,0.0598805,5.66199e-05
0.06,ens_maxprob,0.0525735,0.00190627,0.99974,0.000283549,0,0,0.0463379,0.00389987,0.989,0.00310998,0,0,0.05278,0.00185785,1,0,0,0,0.0599013,4.32126e-05
0.06,ens_total,0.0525381,0.00185038,0.99966,0.000283549,0,0,0.0460026,0.00425857,0.98642,0.00535197,0,0,0.05278,0.00185785,1,0,0,0,0.0598659,3.84674e-05
0.06,ens_aleatoric,0.0525348,0.00182281,0.99972,0.000271293,0,0,0.0468846,0.00423608,0.9866,0.00562921,0,0,0.05278,0.00185785,1,0,0,0,0.059913,4.66831e-05
0.06,ens_epistemic,0.0526382,0.00183655,0.99966,0.00022,0,0,0.0457722,0.00449253,0.98474,0.00593299,0,0,0.05278,0.00185785,1,0,0,0,0.0598763,6.29197e-05
