r*,criterion,emp cov_mean,emp cov_std,emp risk_mean,emp risk_std,sgr cov_mean,sgr cov_std,sgr risk_mean,sgr risk_std,cov cov_mean,cov cov_std,cov risk_mean,cov risk_std
0.01,sr_base,0.512552,0.016809,0.212892,0.01508,0.139404,0.195023,0.147305,0.0107796,0.512854,0.0167807,0.213155,0.0150406
0.01,sr_dropout,0.505382,0.0123687,0.201433,0.0131869,0.416586,0.0265015,0.124573,0.0201969,0.505698,0.0123785,0.201738,0.0131926
0.01,mc_maxprob,0.514256,0.0141013,0.213754,0.0135323,0.423882,0.0202088,0.136088,0.0173713,0.514586,0.0141524,0.214056,0.0136336
0.01,mc_total,0.508444,0.0136495,0.205042,0.0121936,0.420938,0.0201539,0.131324,0.0167326,0.508662,0.0136896,0.20523,0.0122644
0.01,mc_aleatoric,0.502952,0.0141054,0.197661,0.0123,0.419016,0.0206863,0.126805,0.0168958,0.50316,0.0140947,0.197842,0.0122905
0.01,mc_epistemic,0.508992,0.0104831,0.211026,0.0098254,0.422872,0.0196458,0.138647,0.0164744,0.509226,0.010386,0.211207,0.00974784
0.01,mc_variance,0.511596,0.0131701,0.21628,0.0127577,0.420034,0.0222845,0.139385,0.0183804,0.511974,0.0131877,0.216632,0.0127508
0.01,ens_maxprob,0.54724,0.00509023,0.226508,0.0052416,0.46511,0.0140457,0.149554,0.01304,0.54749,0.00498788,0.226718,0.00508474
0.01,ens_total,0.54539,0.00708484,0.223459,0.00684147,0.4656,0.0149824,0.148955,0.0139169,0.54578,0.00713636,0.223756,0.00690429
0.01,ens_aleatoric,0.5413,0.00833799,0.220939,0.00812524,0.46604,0.0135179,0.149326,0.0125767,0.54157,0.00817864,0.221183,0.00800523
0.01,ens_epistemic,0.53579,0.00465262,0.217916,0.00522212,0.45393,0.0151721,0.140971,0.0133264,0.53604,0.00468,0.218112,0.00522773
0.02,sr_base,0.623538,0.0177033,0.307624,0.0152616,0.54022,0.016268,0.237142,0.0151446,0.623984,0.0177379,0.307993,0.0152669
0.02,sr_dropout,0.624652,0.0184558,0.307755,0.0156027,0.533204,0.0142327,0.227593,0.0144514,0.625016,0.018484,0.308071,0.0156135
0.02,mc_maxprob,0.611918,0.0119101,0.29878,0.0106256,0.5377,0.0132739,0.234573,0.0127933,0.61222,0.0119294,0.299024,0.0106531
0.02,mc_total,0.592582,0.0107699,0.277779,0.0101927,0.530834,0.0124753,0.224538,0.0115212,0.592872,0.0107506,0.27805,0.0101368
0.02,mc_aleatoric,0.582644,0.00986684,0.267276,0.00911479,0.523536,0.0113745,0.215502,0.0104329,0.583032,0.00992654,0.267597,0.00917915
0.02,mc_epistemic,0.599298,0.0114683,0.287963,0.0105354,0.531568,0.0123699,0.230227,0.0117619,0.599622,0.0114939,0.288206,0.0105592
0.02,mc_variance,0.62008,0.0149731,0.310458,0.0136051,0.536026,0.0121805,0.237374,0.012104,0.62058,0.0149655,0.310882,0.013601
0.02,ens_maxprob,0.65769,0.0140219,0.322052,0.0128394,0.57352,0.00999218,0.249433,0.00956735,0.65832,0.0141252,0.322516,0.0128717
0.02,ens_total,0.64648,0.0100753,0.310421,0.00989474,0.56875,0.00755238,0.243612,0.007489,0.6468,0.0100665,0.310669,0.00989319
0.02,ens_aleatoric,0.63227,0.00617965,0.298498,0.00639045,0.56189,0.00622566,0.238842,0.00610167,0.63266,0.00623445,0.298835,0.0064305
0.02,ens_epistemic,0.64046,0.0109606,0.310617,0.0103363,0.56135,0.0105774,0.239997,0.0102786,0.64099,0.0112013,0.311053,0.0105965
0.03,sr_base,0.72038,0.0178654,0.379843,0.0132703,0.629334,0.018157,0.312296,0.0154478,0.720972,0.0177988,0.380263,0.0132271
0.03,sr_dropout,0.712586,0.0193311,0.37553,0.0139116,0.629878,0.0183689,0.312089,0.015454,0.713278,0.0193477,0.375998,0.0139276
0.03,mc_maxprob,0.704134,0.0156595,0.368433,0.0116177,0.616452,0.0126673,0.302441,0.0111467,0.70465,0.0156499,0.368823,0.011581
0.03,mc_total,0.655208,0.0114021,0.326216,0.00979991,0.597154,0.0114694,0.281596,0.0104974,0.65554,0.0113163,0.326453,0.00974553
0.03,mc_aleatoric,0.646414,0.0130652,0.318665,0.011162,0.58701,0.0104766,0.270959,0.00966073,0.646736,0.0130649,0.318934,0.0111556
0.03,mc_epistemic,0.6743,0.0153119,0.345483,0.0122108,0.6032,0.0111003,0.291165,0.0102352,0.674788,0.0151758,0.345885,0.0120637
0.03,mc_variance,0.72598,0.0167103,0.392543,0.0123115,0.62562,0.0152191,0.315214,0.013574,0.726656,0.0169038,0.393006,0.012449
0.03,ens_maxprob,0.7527,0.0164638,0.391568,0.012605,0.66618,0.0144734,0.328609,0.0129718,0.75329,0.0163861,0.391967,0.0125726
0.03,ens_total,0.7214,0.00664274,0.366064,0.00637354,0.65499,0.0113072,0.317294,0.0102957,0.7219,0.00654798,0.366435,0.00630512
0.03,ens_aleatoric,0.70988,0.0132454,0.35882,0.010706,0.63805,0.00706884,0.303222,0.00710183,0.71042,0.0131565,0.359282,0.0106387
0.03,ens_epistemic,0.73006,0.0226091,0.378488,0.0168722,0.64607,0.0103585,0.315078,0.00953987,0.73062,0.0226322,0.378926,0.0167765
0.04,sr_base,0.803142,0.0151295,0.432797,0.00973844,0.71428,0.0188719,0.37555,0.0140303,0.80367,0.0151295,0.433112,0.00974687
0.04,sr_dropout,0.800628,0.0188091,0.432412,0.0117338,0.706906,0.0205821,0.371496,0.0148481,0.801298,0.0187286,0.432839,0.0116851
0.04,mc_maxprob,0.779462,0.0187203,0.417866,0.0117983,0.697802,0.0164039,0.364,0.0122215,0.779938,0.018756,0.41817,0.0118018
0.04,mc_total,0.72996,0.0172168,0.380574,0.0129091,0.651468,0.0107678,0.323347,0.00939397,0.73042,0.0172319,0.380893,0.0128975
0.04,mc_aleatoric,0.718032,0.0160281,0.371276,0.0123356,0.640988,0.0126642,0.314516,0.0109266,0.718662,0.0160022,0.371731,0.0123104
0.04,mc_epistemic,0.755448,0.0169969,0.401306,0.0118913,0.668338,0.014977,0.341166,0.012147,0.755906,0.0170594,0.401628,0.0119103
0.04,mc_variance,0.821166,0.0173633,0.452402,0.0100844,0.718874,0.0178378,0.387526,0.0133456,0.82189,0.0174496,0.452822,0.0101147
0.04,ens_maxprob,0.84717,0.0159633,0.448745,0.0104674,0.7494,0.0149272,0.389468,0.0116226,0.84806,0.0154943,0.449265,0.0101142
0.04,ens_total,0.79516,0.0210961,0.414701,0.0150336,0.71875,0.00767206,0.364198,0.00701048,0.79563,0.0212738,0.415028,0.0151376
0.04,ens_aleatoric,0.80812,0.0163085,0.424653,0.0116272,0.70651,0.0120652,0.356304,0.00980827,0.80872,0.0164077,0.425027,0.011713
0.04,ens_epistemic,0.82697,0.0234652,0.43799,0.0147572,0.72474,0.0216144,0.374778,0.0163957,0.82734,0.0234331,0.43823,0.0147244
0.05,sr_base,0.881868,0.0191239,0.47589,0.0105773,0.790378,0.0160347,0.425148,0.0104204,0.882552,0.0190253,0.476254,0.0105162
0.05,sr_dropout,0.88156,0.0183679,0.476634,0.0103132,0.784776,0.0194871,0.42297,0.0123908,0.882336,0.0182975,0.477042,0.0102584
0.05,mc_maxprob,0.85392,0.0154732,0.460114,0.00887679,0.765908,0.0168817,0.409613,0.0111401,0.854462,0.0152927,0.460406,0.00878683
0.05,mc_total,0.813364,0.0191527,0.434607,0.0122841,0.712774,0.0174322,0.368657,0.0132785,0.814012,0.0192538,0.435006,0.0123079
0.05,mc_aleatoric,0.80112,0.0195821,0.426386,0.0129243,0.704526,0.0160158,0.361682,0.0124491,0.801928,0.019708,0.42688,0.0129839
0.05,mc_epistemic,0.842246,0.0201948,0.454039,0.0121369,0.739726,0.0172663,0.391122,0.0122422,0.84321,0.0201467,0.454597,0.0120414
0.05,mc_variance,0.900038,0.0149893,0.492086,0.0073645,0.80508,0.0179259,0.443324,0.010983,0.90053,0.0149899,0.492287,0.00738966
0.05,ens_maxprob,0.94561,0.0230743,0.500132,0.0125703,0.83363,0.016893,0.441033,0.0113666,0.94725,0.0233486,0.50095,0.0126529
0.05,ens_total,0.92734,0.0305789,0.490562,0.0167688,0.77903,0.0198867,0.404145,0.0145804,0.92847,0.0310672,0.491155,0.0169847
0.05,ens_aleatoric,0.93495,0.0313963,0.494983,0.0167526,0.79161,0.0166438,0.414429,0.0117178,0.9367,0.0319792,0.495809,0.0170757
0.05,ens_epistemic,0.94013,0.029536,0.497801,0.0156558,0.80954,0.0245746,0.428028,0.0156545,0.94066,0.0298696,0.498063,0.0158167
0.06,sr_base,0.964362,0.0231755,0.515346,0.01092,0.860086,0.018449,0.464617,0.0107189,0.965624,0.0239582,0.515902,0.0112425
0.06,sr_dropout,0.957634,0.01767,0.512674,0.00917129,0.860364,0.0193888,0.46569,0.0111599,0.958514,0.0180738,0.51307,0.00936599
0.06,mc_maxprob,0.93638,0.0239883,0.501861,0.0123,0.835968,0.016363,0.450403,0.0094864,0.937452,0.0241228,0.502387,0.0123426
0.06,mc_total,0.917998,0.0301123,0.492297,0.0157979,0.791908,0.0168316,0.421575,0.0113309,0.919278,0.0304152,0.492947,0.0159233
0.06,mc_aleatoric,0.906494,0.0320213,0.486074,0.0171426,0.77638,0.019081,0.410847,0.0129849,0.907902,0.0325291,0.486783,0.0173607
0.06,mc_epistemic,0.940272,0.0233877,0.504272,0.0118944,0.818166,0.018739,0.440317,0.011678,0.94106,0.0234541,0.50464,0.0118979
0.06,mc_variance,0.96878,0.0154976,0.520878,0.00653675,0.879592,0.0164622,0.482573,0.0082142,0.969216,0.0153833,0.521042,0.00649122
0.06,ens_maxprob,0.99671,0.00273037,0.524843,0.00171693,0.91951,0.0196504,0.486897,0.0113955,1,0,0.52639,0.000928924
0.06,ens_total,0.99636,0.0022433,0.524698,0.00122846,0.89181,0.030923,0.471784,0.018064,1,0,0.52639,0.000928924
0.06,ens_aleatoric,0.99689,0.00128876,0.524922,0.000953909,0.89977,0.033872,0.476755,0.0189144,1,0,0.52639,0.000928924
0.06,ens_epistemic,0.99824,0.000905759,0.525645,0.000705334,0.90332,0.028992,0.479387,0.0159041,1,0,0.52639,0.000928924
