criterion,AUROC_mean,AUROC_std,emp accepted r*=0.01_mean,emp accepted r*=0.01_std,sgr accepted r*=0.01_mean,sgr accepted r*=0.01_std,cov accepted r*=0.01_mean,cov accepted r*=0.01_std,emp accepted r*=0.03_mean,emp accepted r*=0.03_std,sgr accepted r*=0.03_mean,sgr accepted r*=0.03_std,cov accepted r*=0.03_mean,cov accepted r*=0.03_std,emp accepted r*=0.05_mean,emp accepted r*=0.05_std,sgr accepted r*=0.05_mean,sgr accepted r*=0.05_std,cov accepted r*=0.05_mean,cov accepted r*=0.05_std
sr_base,0.87956,0.0515987,0.140757,0.0981379,0.0125776,0.0182457,0.141093,0.0983328,0.47886,0.10651,0.307813,0.123532,0.4799,0.10662,0.78495,0.0673483,0.610992,0.091029,0.786301,0.0669031
sr_dropout,0.912768,0.00797127,0.0807975,0.0222544,0.0225338,0.00615268,0.0811762,0.0223259,0.441616,0.0848821,0.278956,0.081754,0.443075,0.084965,0.7775,0.050702,0.586539,0.071117,0.778999,0.0505193
mc_maxprob,0.894203,0.00944715,0.169817,0.0356278,0.0601191,0.0197687,0.170257,0.0356753,0.506072,0.0407041,0.342839,0.0425826,0.507114,0.0404827,0.785164,0.0434188,0.621069,0.0531289,0.786205,0.0430689
mc_total,0.899186,0.0124612,0.161036,0.0382124,0.0556546,0.019475,0.161373,0.0381196,0.433979,0.0657672,0.31565,0.0562723,0.434706,0.0657461,0.743607,0.073907,0.554056,0.0824173,0.744843,0.0738884
mc_aleatoric,0.91563,0.0113131,0.124053,0.0321223,0.042102,0.0153353,0.124304,0.0321692,0.335273,0.065315,0.239486,0.0493906,0.335927,0.0654413,0.647295,0.0821757,0.451532,0.079224,0.648878,0.0823309
mc_epistemic,0.867536,0.0129449,0.223719,0.0382474,0.0887331,0.0280189,0.224224,0.0383869,0.623479,0.0670087,0.457025,0.0632467,0.624362,0.066988,0.879198,0.053278,0.739484,0.063712,0.880168,0.0527656
mc_variance,0.859445,0.00907801,0.217375,0.0378353,0.0880854,0.0249274,0.218033,0.037902,0.698992,0.0485747,0.466951,0.0530523,0.700381,0.0488628,0.929581,0.0287981,0.826564,0.0441624,0.930076,0.0286717
ens_maxprob,0.917094,0.0011467,0.156607,0.0108509,0.0404925,0.00897255,0.157207,0.0107974,0.566195,0.0337968,0.399743,0.0266999,0.567532,0.0336301,0.928261,0.0379494,0.723413,0.0308219,0.930716,0.0378997
ens_total,0.923046,0.000993507,0.145513,0.0135157,0.0394438,0.00875715,0.146112,0.0136956,0.49665,0.0130955,0.366238,0.0207489,0.497469,0.0127753,0.901767,0.0529352,0.620022,0.0416596,0.903765,0.0535168
ens_aleatoric,0.925822,0.00106256,0.128369,0.0126582,0.0390635,0.00761261,0.128719,0.0125923,0.451921,0.0280636,0.293324,0.0146049,0.453411,0.0282911,0.895102,0.0534794,0.621401,0.0333655,0.898394,0.0541085
ens_epistemic,0.914991,0.00113601,0.13881,0.00879578,0.0343039,0.0097641,0.139263,0.00862513,0.553861,0.0440926,0.382264,0.0241054,0.554598,0.043983,0.924086,0.0436763,0.700115,0.0467216,0.924693,0.0440286
finetune_maxprob,0.90801,0.0109299,0.0899147,0.0370261,0.019025,0.0116511,0.0901191,0.0370309,0.470361,0.0806353,0.288307,0.0660597,0.471285,0.0806333,0.773505,0.0605428,0.596785,0.0766977,0.775003,0.0605707
swag_maxprob,0.884732,0.0249172,0.0342286,0.0246941,0.00350031,0.00357053,0.0344153,0.0248782,0.345311,0.0794032,0.168903,0.0685545,0.346139,0.0795447,0.630539,0.0921549,0.46643,0.0952262,0.631731,0.0921889
swag_total,0.908672,0.0240258,0.0193877,0.0104834,0.00268977,0.00288937,0.0194514,0.0105269,0.161141,0.073426,0.0834588,0.045754,0.161557,0.0735133,0.448979,0.109697,0.252661,0.0902176,0.450053,0.109563
swag_aleatoric,0.925195,0.0199644,0.0134496,0.00539231,0.00236094,0.00251329,0.0134965,0.00541563,0.112488,0.0543629,0.0521981,0.0267756,0.11281,0.0544662,0.354818,0.122508,0.178837,0.0780896,0.355922,0.122834
swag_epistemic,0.802253,0.0399842,0.115049,0.0658114,0.0127766,0.0184885,0.115496,0.0659387,0.493559,0.0806241,0.314212,0.0693263,0.494397,0.0807047,0.754454,0.0709484,0.609436,0.080268,0.754969,0.0709488
laplace_maxprob,0.875274,0.0570182,0.149344,0.098784,0.0291019,0.0480725,0.149634,0.0989031,0.484736,0.104561,0.316077,0.121671,0.485693,0.104601,0.782781,0.06605,0.61075,0.0899919,0.784158,0.0656153
laplace_total,0.876539,0.0600592,0.144668,0.0966265,0.0160741,0.0196163,0.144942,0.0966665,0.471162,0.107272,0.311595,0.123446,0.472305,0.107236,0.737636,0.0861679,0.587413,0.0969926,0.738851,0.0860532
laplace_aleatoric,0.87789,0.0595071,0.143241,0.0964735,0.0153665,0.019517,0.143549,0.0964648,0.46642,0.108446,0.308125,0.123148,0.467462,0.108303,0.72838,0.0906773,0.581926,0.0976118,0.729309,0.0905231
laplace_epistemic,0.862717,0.0696488,0.155817,0.0941987,0.0215811,0.0586882,0.156158,0.0942071,0.491556,0.102614,0.330345,0.122917,0.492572,0.102543,0.782142,0.0701217,0.611836,0.0911131,0.783556,0.0695224
gda_density,0.895273,0.016973,0.0551798,0.0296802,0.00273125,0.00397999,0.055683,0.0300276,0.548619,0.0990836,0.361924,0.115504,0.549466,0.0990296,0.823017,0.0510382,0.667589,0.0784601,0.824146,0.050763
ddu_maxprob,0.890838,0.0182914,0.0895413,0.0470928,0.00814843,0.00464095,0.0898302,0.0471957,0.426016,0.0814554,0.278533,0.0827895,0.426792,0.0816609,0.678228,0.0755287,0.531707,0.0747666,0.679046,0.0756318
ddu_density,0.851749,0.0316084,0.0125845,0.00958509,0,0,0.0126636,0.00967649,0.397608,0.0972188,0.100406,0.081637,0.398233,0.0970009,0.685778,0.0563179,0.532983,0.0763741,0.686523,0.056391
vbll_maxprob,0.902984,0.0123169,0.0464736,0.0311487,0.00390058,0.00520869,0.0467325,0.031373,0.381155,0.119898,0.223436,0.100066,0.382034,0.11983,0.657895,0.097903,0.494984,0.112485,0.658836,0.0979227
vbll_total,0.911271,0.0140496,0.0440573,0.0299313,0.00372388,0.00513069,0.0442509,0.0301115,0.346552,0.122795,0.208083,0.100288,0.347218,0.122625,0.58222,0.104283,0.458669,0.114091,0.583254,0.104185
vbll_aleatoric,0.911293,0.0140525,0.0440466,0.0299312,0.00372311,0.00512806,0.0442478,0.0301041,0.346462,0.122715,0.208069,0.100332,0.347105,0.122657,0.581986,0.104329,0.458665,0.114184,0.583119,0.104295
vbll_epistemic,0.904108,0.0132351,0.0467225,0.0307873,0.00441764,0.00567283,0.0469599,0.0310438,0.377251,0.118773,0.223311,0.101223,0.378276,0.118708,0.638725,0.104578,0.487966,0.111993,0.639692,0.10457
sngp_maxprob,0.907631,0.0142284,0.0255086,0.0106743,0,0,0.0255678,0.0107062,0.325366,0.0892803,0.145268,0.044983,0.326342,0.0894543,0.623142,0.085339,0.458546,0.0958499,0.624344,0.0851576
sngp_ds,0.912683,0.0235145,0.0295844,0.0116324,0,0,0.0296719,0.0116912,0.305078,0.113991,0.151285,0.0564165,0.305814,0.114278,0.553821,0.156993,0.423955,0.159402,0.554587,0.157102
dropout_scratch_sr,0.892215,0.0130853,0.128975,0.0383636,0.0233735,0.0237909,0.129322,0.0383829,0.485346,0.0517991,0.31869,0.0478726,0.486649,0.0518336,0.792037,0.0426042,0.609604,0.0496093,0.792864,0.0424992
dropout_scratch_maxprob,0.883392,0.00824105,0.19437,0.0359559,0.0908221,0.0343624,0.194856,0.0361177,0.530159,0.0610911,0.378444,0.0544457,0.53101,0.061331,0.805781,0.0465627,0.65228,0.0536437,0.807045,0.0463827
dropout_scratch_total,0.887109,0.00896746,0.187564,0.0365679,0.0877205,0.0333441,0.187903,0.0365582,0.473571,0.0551351,0.353433,0.0567826,0.474584,0.0553821,0.783679,0.0647133,0.587283,0.0642407,0.784784,0.0646836
dropout_scratch_aleatoric,0.899963,0.00799396,0.156502,0.0292548,0.072636,0.0266354,0.156854,0.0292598,0.404671,0.0485422,0.296825,0.0447841,0.405467,0.0485683,0.70213,0.0645069,0.511232,0.0482876,0.703344,0.0647437
dropout_scratch_epistemic,0.86818,0.0107506,0.228138,0.0518875,0.107232,0.0412862,0.228728,0.0519248,0.586139,0.0761055,0.427816,0.0744329,0.58695,0.0760578,0.863861,0.0505223,0.699663,0.067901,0.864862,0.0506045
masksembles_maxprob,0.88475,0.0229048,0.00428473,0.00143236,0.000149047,0.000327008,0.00430009,0.00143483,0.0926967,0.0453614,0.0286432,0.0147893,0.0930516,0.0454506,0.287245,0.0964255,0.15835,0.0716489,0.287621,0.0965196
masksembles_total,0.900276,0.0221211,0.00399047,0.00142838,0.000118316,0.000262664,0.00400507,0.00143589,0.068939,0.0321211,0.0221143,0.00929723,0.0691234,0.0322154,0.181175,0.0767775,0.109086,0.0511735,0.18156,0.0769144
masksembles_aleatoric,0.902514,0.0221867,0.00386447,0.00139284,0.00013445,0.00028074,0.00387984,0.00140005,0.0593208,0.029596,0.0201191,0.00843084,0.0595183,0.029692,0.159707,0.0774358,0.0938883,0.0483317,0.160111,0.0777143
masksembles_epistemic,0.856435,0.0118571,0.00665181,0.00226635,0.000283497,0.000725852,0.00667486,0.00227035,0.101582,0.0182394,0.0330509,0.00990079,0.10194,0.0183317,0.268404,0.0403345,0.153961,0.0289742,0.26904,0.0404477
swa_maxprob,0.9027,0.0156709,0.0204633,0.0115611,0.00325599,0.00411004,0.0205662,0.0117682,0.289524,0.10785,0.123287,0.0678195,0.290665,0.107958,0.614421,0.103424,0.43164,0.115901,0.61535,0.10315
