criterion,AUROC_mean,AUROC_std,emp accepted r*=0.01_mean,emp accepted r*=0.01_std,sgr accepted r*=0.01_mean,sgr accepted r*=0.01_std,cov accepted r*=0.01_mean,cov accepted r*=0.01_std,emp accepted r*=0.03_mean,emp accepted r*=0.03_std,sgr accepted r*=0.03_mean,sgr accepted r*=0.03_std,cov accepted r*=0.03_mean,cov accepted r*=0.03_std,emp accepted r*=0.05_mean,emp accepted r*=0.05_std,sgr accepted r*=0.05_mean,sgr accepted r*=0.05_std,cov accepted r*=0.05_mean,cov accepted r*=0.05_std
sr_base,0.851642,0.00376589,0.210924,0.0212762,0.040428,0.0571507,0.211264,0.021254,0.522864,0.0298758,0.377156,0.0277456,0.523778,0.0298141,0.792692,0.032402,0.638958,0.0262899,0.793806,0.0322569
sr_dropout,0.879301,0.0021924,0.196998,0.0171387,0.10192,0.0215828,0.197416,0.0171108,0.510122,0.0303467,0.377726,0.0291837,0.511262,0.0304411,0.792822,0.0305563,0.62892,0.0311488,0.794202,0.0303183
mc_maxprob,0.880613,0.00244955,0.21285,0.0191053,0.11302,0.0181334,0.213276,0.0192267,0.493862,0.0244326,0.35716,0.0188455,0.494782,0.0243768,0.74015,0.0246888,0.595046,0.0266739,0.741056,0.0244057
mc_total,0.889669,0.00227998,0.201436,0.0165809,0.10826,0.017696,0.201698,0.0166162,0.402344,0.0175052,0.32025,0.0167507,0.402824,0.0174033,0.661228,0.0315849,0.492416,0.0277017,0.66239,0.03177
mc_aleatoric,0.893059,0.00225924,0.19173,0.016891,0.104212,0.0175484,0.19194,0.0168943,0.386878,0.0199796,0.302,0.0153068,0.387394,0.0199588,0.637254,0.0328302,0.476542,0.0252083,0.63865,0.0330257
mc_epistemic,0.881353,0.00235528,0.20808,0.0130706,0.114848,0.0179128,0.208352,0.0129895,0.441028,0.0235106,0.335324,0.0163778,0.441786,0.0233528,0.719394,0.0332795,0.545292,0.027603,0.721098,0.0331182
mc_variance,0.864942,0.00242135,0.21479,0.0179557,0.115076,0.0198048,0.215222,0.0179828,0.545508,0.0270958,0.37846,0.0239733,0.546746,0.0274869,0.839392,0.0237813,0.681332,0.0287093,0.84024,0.0238303
ens_maxprob,0.888553,0.0011417,0.23999,0.00675625,0.13577,0.0135164,0.24028,0.00669803,0.56447,0.0286376,0.42221,0.0237159,0.56546,0.0283562,0.89905,0.0421412,0.70226,0.0288374,0.90217,0.0425894
ens_total,0.893382,0.000960886,0.23593,0.0095641,0.13564,0.0145958,0.23635,0.0096415,0.50394,0.0103095,0.39962,0.0166236,0.50461,0.0100775,0.86204,0.056769,0.59498,0.0332837,0.86445,0.0579774
ens_aleatoric,0.891932,0.00112783,0.23053,0.0120757,0.13643,0.0134953,0.23087,0.0119061,0.48555,0.0206469,0.37096,0.0113773,0.48645,0.0205474,0.87793,0.0579432,0.62183,0.0275979,0.88159,0.0591716
ens_epistemic,0.89489,0.000955145,0.22558,0.00687834,0.12468,0.0152497,0.22591,0.00675418,0.52728,0.0383639,0.39072,0.017041,0.52814,0.0383027,0.88811,0.0552551,0.65735,0.0416252,0.88902,0.0558312
