severity,criterion,accuracy_mean,accuracy_std,r*=0.01 emp risk_mean,r*=0.01 emp risk_std,r*=0.01 emp cov_mean,r*=0.01 emp cov_std,r*=0.01 sgr risk_mean,r*=0.01 sgr risk_std,r*=0.01 sgr cov_mean,r*=0.01 sgr cov_std,r*=0.01 cov risk_mean,r*=0.01 cov risk_std,r*=0.01 cov cov_mean,r*=0.01 cov cov_std,r*=0.03 emp risk_mean,r*=0.03 emp risk_std,r*=0.03 emp cov_mean,r*=0.03 emp cov_std,r*=0.03 sgr risk_mean,r*=0.03 sgr risk_std,r*=0.03 sgr cov_mean,r*=0.03 sgr cov_std,r*=0.03 cov risk_mean,r*=0.03 cov risk_std,r*=0.03 cov cov_mean,r*=0.03 cov cov_std,r*=0.05 emp risk_mean,r*=0.05 emp risk_std,r*=0.05 emp cov_mean,r*=0.05 emp cov_std,r*=0.05 sgr risk_mean,r*=0.05 sgr risk_std,r*=0.05 sgr cov_mean,r*=0.05 sgr cov_std,r*=0.05 cov risk_mean,r*=0.05 cov risk_std,r*=0.05 cov cov_mean,r*=0.05 cov cov_std
1,sr_base,0.932484,0.00355575,0.00966889,0.0019802,0.804524,0.0127033,0.00542866,0.00171081,0.237776,0.332181,0.00967129,0.00197782,0.80474,0.012665,0.0319927,0.00328201,0.914988,0.00611142,0.0212717,0.002973,0.876172,0.00821199,0.0320686,0.00329819,0.915188,0.00610395,0.0528173,0.00472647,0.969256,0.00703193,0.0403336,0.00360213,0.94012,0.00640824,0.0529827,0.00473935,0.969556,0.00696716
1,sr_dropout,0.930704,0.00274641,0.0100507,0.00155588,0.801432,0.00895396,0.00405151,0.00135782,0.71528,0.0317064,0.0100676,0.00155664,0.801672,0.00895917,0.0315377,0.00355429,0.910872,0.00792361,0.0222179,0.00267455,0.875508,0.0085188,0.0316205,0.00356021,0.911152,0.00791399,0.0541807,0.00419823,0.97002,0.00561715,0.0407929,0.00427293,0.937296,0.0073774,0.0542922,0.0042107,0.970236,0.00563967
1,mc_maxprob,0.932988,0.00246428,0.0105446,0.00192948,0.812372,0.0112177,0.00385078,0.00139428,0.731,0.0230827,0.0105517,0.00193609,0.812564,0.0112264,0.0306305,0.00290957,0.915156,0.00682903,0.0206922,0.00248112,0.874792,0.00591093,0.0306862,0.00289672,0.915324,0.00681644,0.0509512,0.00414714,0.969192,0.0052918,0.0382727,0.00338468,0.93906,0.00590935,0.0510225,0.00412745,0.969332,0.00525427
1,mc_total,0.932988,0.00246428,0.0107086,0.00197628,0.812544,0.0114507,0.00369903,0.00140742,0.729856,0.0230105,0.0107267,0.00195841,0.812684,0.0114219,0.0308286,0.00278505,0.90852,0.00543338,0.0205478,0.00249333,0.873188,0.00724855,0.030864,0.00278048,0.908648,0.00537007,0.0513364,0.00371393,0.966988,0.00478287,0.0385905,0.00314506,0.933204,0.00583966,0.0513972,0.00375159,0.967164,0.00478693
1,mc_aleatoric,0.932988,0.00246428,0.0105194,0.0019396,0.810028,0.0121495,0.00362853,0.00130128,0.729,0.024243,0.0105377,0.00192035,0.810164,0.0121247,0.0296134,0.0028174,0.905068,0.00670195,0.0209241,0.00241466,0.871132,0.00618173,0.0296654,0.00280771,0.90524,0.00668575,0.0505655,0.00397676,0.964912,0.00512705,0.0384365,0.00287557,0.9317,0.0057894,0.0506818,0.00399344,0.96514,0.00514513
1,mc_epistemic,0.932988,0.00246428,0.0103979,0.00171129,0.809056,0.00872037,0.00412917,0.00139851,0.72852,0.0222325,0.0104158,0.0017005,0.809224,0.00868724,0.0309598,0.00297971,0.908208,0.00722196,0.0210931,0.00222824,0.871052,0.00661209,0.0310152,0.00296191,0.908404,0.0071205,0.0528482,0.00404016,0.969072,0.00550211,0.0401505,0.00321263,0.936408,0.00581157,0.0529305,0.00399962,0.969236,0.00543834
1,mc_variance,0.932988,0.00246428,0.0104424,0.00182752,0.807592,0.00985941,0.00403827,0.00136322,0.72326,0.0256113,0.0104538,0.0018418,0.807852,0.00983104,0.0316721,0.00287713,0.908412,0.00537095,0.021165,0.00227051,0.871912,0.00644486,0.0317646,0.00289216,0.90866,0.00537375,0.0527591,0.0029812,0.962844,0.00464126,0.0408057,0.00326905,0.933412,0.0058988,0.0528206,0.00299265,0.963008,0.00470165
1,ens_maxprob,0.94212,0.00258952,0.011238,0.00132239,0.84684,0.00414227,0.00494816,0.00123823,0.78482,0.0143898,0.0112364,0.00132211,0.84696,0.00414227,0.0312343,0.00336815,0.93944,0.00520753,0.0211922,0.00265763,0.90718,0.00592517,0.0312663,0.00334483,0.93976,0.00524351,0.0525003,0.00474411,0.99164,0.00413647,0.0398613,0.00392905,0.9644,0.00465274,0.0526478,0.00478666,0.9919,0.00416197
1,ens_total,0.94212,0.00258952,0.0110664,0.0016304,0.84704,0.00533427,0.00509388,0.00120795,0.78598,0.0149742,0.0110626,0.0016271,0.8473,0.00553263,0.0317254,0.00264958,0.93968,0.0033265,0.0218316,0.00271577,0.9091,0.00532259,0.0317425,0.00265322,0.9398,0.00338112,0.0527761,0.00485557,0.99094,0.00491776,0.0393423,0.00428086,0.96018,0.00588044,0.0529263,0.00494173,0.99114,0.00494372
1,ens_aleatoric,0.94212,0.00258952,0.0112885,0.00179763,0.84594,0.00661395,0.00503864,0.00123686,0.78682,0.0140044,0.0112852,0.00179695,0.84618,0.00658814,0.0297044,0.00268883,0.93152,0.00424754,0.0219774,0.00190576,0.90254,0.00330339,0.0298645,0.00279222,0.93186,0.00434055,0.0530179,0.0047904,0.9909,0.00550727,0.0394993,0.00363953,0.95852,0.00559657,0.0532808,0.00492277,0.99124,0.00563262
1,ens_epistemic,0.94212,0.00258952,0.011234,0.00120766,0.8384,0.00373631,0.00449479,0.00148808,0.77366,0.0162793,0.0112548,0.00114694,0.83864,0.00369843,0.0308519,0.00414299,0.92988,0.00785682,0.021458,0.00208416,0.8981,0.004595,0.0309126,0.00417565,0.92998,0.00789808,0.0531154,0.00484709,0.99094,0.0058083,0.0395877,0.00465033,0.957,0.00768375,0.0531524,0.00485563,0.991,0.0058337
1,finetune_maxprob,0.930412,0.00283419,0.0104803,0.00216747,0.79594,0.0134423,0.00415892,0.00172885,0.611584,0.20696,0.0104884,0.00216405,0.796104,0.0134123,0.0318725,0.00357749,0.912388,0.00789485,0.0219082,0.00279139,0.87208,0.00938134,0.0319244,0.00357237,0.91254,0.00788337,0.0535723,0.00422585,0.96772,0.00619199,0.0406275,0.00426038,0.936728,0.00844329,0.0536897,0.00426916,0.96798,0.0062367
1,swag_maxprob,0.902396,0.0145645,0.0103355,0.00217382,0.66818,0.0556124,0.00386362,0.00197265,0.428008,0.225179,0.010355,0.00216707,0.668468,0.0555985,0.0335484,0.00357118,0.830856,0.0362903,0.0213947,0.0033083,0.772152,0.0471339,0.0335847,0.00359388,0.831048,0.0363439,0.0554277,0.00475278,0.907184,0.0297474,0.0416528,0.00393517,0.8635,0.0353206,0.0555774,0.00476791,0.907548,0.0296798
1,swag_total,0.902396,0.0145645,0.0100976,0.00197374,0.656864,0.0538889,0.00380102,0.00197944,0.401404,0.228932,0.0101022,0.00197845,0.657004,0.0538795,0.0308501,0.00462528,0.801968,0.0395359,0.0207476,0.00371051,0.752068,0.0416129,0.0308951,0.00461361,0.802136,0.039449,0.0543869,0.00475091,0.889596,0.0380565,0.0399328,0.00545161,0.837648,0.0406056,0.0544411,0.0047546,0.88982,0.0380366
1,swag_aleatoric,0.902396,0.0145645,0.00991852,0.00219236,0.658324,0.0475177,0.00378729,0.00189263,0.404784,0.231567,0.0099329,0.00219657,0.658532,0.04758,0.0311823,0.00470774,0.805976,0.0420028,0.0203852,0.00400675,0.751524,0.041477,0.0312299,0.00468372,0.806176,0.0419636,0.0543039,0.00464727,0.89278,0.0362451,0.0395625,0.00563814,0.839384,0.0399102,0.0543822,0.00466895,0.89302,0.036285
1,swag_epistemic,0.902396,0.0145645,0.0105727,0.00223036,0.601816,0.0638666,0.00348953,0.00223067,0.356488,0.191762,0.0106245,0.00226153,0.602108,0.0638626,0.0325164,0.00488654,0.762144,0.0517548,0.0221772,0.00389408,0.699,0.0593551,0.0325873,0.00486727,0.762444,0.0517917,0.0567793,0.00684522,0.863532,0.048914,0.0419141,0.00618742,0.804224,0.0546241,0.0568696,0.00683938,0.863772,0.0489483
1,laplace_maxprob,0.932192,0.00343417,0.0101146,0.00172198,0.8064,0.012297,0.00501276,0.0013355,0.342616,0.344927,0.0101169,0.00172823,0.806616,0.0122604,0.0320073,0.00331967,0.914792,0.0060976,0.0213125,0.00294862,0.875872,0.007683,0.0320875,0.00333562,0.914992,0.00612888,0.0527566,0.00427652,0.969368,0.00634569,0.0402171,0.00375442,0.939512,0.00654512,0.0528798,0.00426264,0.969616,0.00622586
1,laplace_total,0.932192,0.00343417,0.0100239,0.00183774,0.804588,0.0138273,0.00520418,0.00134868,0.283596,0.335965,0.0100507,0.00185302,0.804804,0.0138161,0.0319128,0.00331083,0.915252,0.00638759,0.02146,0.00291276,0.8766,0.00741393,0.0319884,0.00329301,0.915468,0.00634723,0.0526451,0.00406095,0.970452,0.00631466,0.0399333,0.00390561,0.939576,0.00624662,0.0527221,0.0040733,0.9707,0.00631623
1,laplace_aleatoric,0.932192,0.00343417,0.00994326,0.00191426,0.804556,0.0139262,0.00524542,0.00137348,0.271676,0.334963,0.00996501,0.0018946,0.804808,0.0139297,0.0318972,0.00331206,0.91546,0.00618298,0.0214276,0.00298161,0.876416,0.00746982,0.0319978,0.00329921,0.915708,0.00618142,0.0526603,0.00424119,0.970768,0.00616835,0.0400628,0.00376779,0.94008,0.00588775,0.0527161,0.00423424,0.97088,0.00615415
1,laplace_epistemic,0.932192,0.00343417,0.0101372,0.00172149,0.799884,0.0179165,0.00534616,0.000829679,0.136116,0.272969,0.0101736,0.00172802,0.80016,0.0179298,0.031461,0.00319591,0.91294,0.00590258,0.0211768,0.00276036,0.87516,0.0071402,0.0315194,0.0031867,0.913148,0.00594371,0.0522395,0.00389018,0.96814,0.00610052,0.039501,0.0038976,0.937,0.00617803,0.0523082,0.00390205,0.968324,0.00605625
1,gda_density,0.932484,0.00355575,0.0104545,0.00243602,0.756556,0.0366382,0.00438733,0.00175257,0.330636,0.29558,0.0104994,0.00241249,0.756836,0.0366391,0.0307601,0.00321465,0.903112,0.00860922,0.0218448,0.00239257,0.864416,0.00702212,0.0308116,0.00322349,0.903288,0.00859127,0.053668,0.00407838,0.968184,0.00746757,0.0393938,0.00346481,0.93152,0.00757902,0.0537557,0.00405104,0.968396,0.00744306
1,ddu_maxprob,0.918376,0.00392176,0.0102405,0.00176972,0.751196,0.0189444,0.0037187,0.00140636,0.611532,0.0967369,0.0102784,0.00181301,0.751444,0.0189918,0.0320466,0.0030719,0.878692,0.00931049,0.0218584,0.00279224,0.834948,0.0106313,0.0321071,0.00304948,0.878912,0.00929139,0.0539308,0.00395148,0.940844,0.00529623,0.0402161,0.00349418,0.90594,0.00774217,0.0540115,0.00393393,0.940996,0.00528401
1,ddu_density,0.918376,0.00392176,0.0109289,0.00382852,0.401496,0.197946,,,0,0,0.010962,0.00379381,0.401672,0.197953,0.0312578,0.00330371,0.844996,0.0141345,0.0187188,0.00552883,0.604508,0.290067,0.0312775,0.00330087,0.845104,0.0141276,0.053183,0.00387212,0.922224,0.00805259,0.040344,0.00410826,0.88316,0.0115653,0.0532389,0.00386748,0.922384,0.0080536
1,vbll_maxprob,0.918852,0.00531531,0.00960452,0.00232387,0.739712,0.0357405,0.00486075,0.00159075,0.285004,0.322175,0.00961708,0.0023316,0.739952,0.035718,0.0328485,0.0040833,0.880792,0.0163736,0.0221731,0.00305927,0.837408,0.0164198,0.032885,0.00411079,0.881012,0.0163551,0.0541654,0.0046169,0.9426,0.0121281,0.0411273,0.00418333,0.90846,0.0135852,0.0542663,0.00461131,0.942832,0.0121772
1,vbll_total,0.918852,0.00531531,0.00969124,0.00251661,0.739228,0.0380624,0.00486848,0.00172831,0.271556,0.319948,0.00971081,0.0025147,0.739396,0.0380949,0.0321017,0.00368788,0.879492,0.016328,0.0221785,0.00288113,0.837876,0.0165105,0.03215,0.0036832,0.879672,0.0162782,0.0534796,0.00463587,0.942864,0.01095,0.0413489,0.00479094,0.910488,0.013638,0.0535677,0.00461135,0.943116,0.0108859
1,vbll_aleatoric,0.918852,0.00531531,0.00969161,0.00251666,0.7392,0.0380778,0.00486853,0.00172861,0.271556,0.319948,0.00971067,0.00251526,0.739416,0.0380939,0.0320844,0.00365887,0.87948,0.016307,0.0221736,0.00287594,0.837876,0.0165189,0.0321587,0.00367644,0.879692,0.0162752,0.0534589,0.00458207,0.942868,0.0109032,0.0413722,0.00480613,0.910544,0.0136875,0.0536037,0.00459695,0.94316,0.0108517
1,vbll_epistemic,0.918852,0.00531531,0.0097929,0.00251393,0.738732,0.0363324,0.0050011,0.00185244,0.283612,0.321208,0.00982843,0.00249608,0.73896,0.0363634,0.0326026,0.00403088,0.880252,0.0157839,0.0223337,0.00327669,0.837068,0.0166503,0.0326807,0.00404818,0.880492,0.0156457,0.054545,0.00460928,0.942644,0.0124877,0.04114,0.00439596,0.908552,0.0127619,0.0546302,0.0046294,0.94286,0.0125129
1,sngp_maxprob,0.917396,0.00349685,0.0101071,0.00206017,0.717684,0.0346374,,,0,0,0.0101213,0.0020661,0.717824,0.0346906,0.032072,0.00340876,0.874524,0.00847263,0.0213655,0.00319388,0.82566,0.01305,0.032137,0.00341141,0.874744,0.00846594,0.0534981,0.00408709,0.938476,0.0061872,0.0406319,0.00379747,0.903728,0.00712626,0.0536177,0.00410842,0.938764,0.00623765
1,sngp_ds,0.917396,0.00349685,0.0100491,0.00215311,0.720424,0.0304589,,,0,0,0.0100668,0.00214938,0.720712,0.0303987,0.031146,0.00313678,0.870792,0.00802884,0.0210935,0.0030685,0.82562,0.0128032,0.0311987,0.00318457,0.870972,0.00806434,0.0524365,0.00429235,0.936548,0.00548698,0.0404836,0.00402847,0.900308,0.00797358,0.0525184,0.00425847,0.936772,0.00541332
1,dropout_scratch_sr,0.930424,0.00312119,0.01112,0.00175621,0.803,0.0101054,0.00453264,0.00129162,0.378556,0.312602,0.0111477,0.00176426,0.803148,0.010121,0.031344,0.00278234,0.91124,0.00616986,0.0215153,0.00245699,0.874292,0.00856768,0.0313923,0.00279828,0.911492,0.00618517,0.053751,0.00447329,0.968784,0.00653628,0.0396388,0.00378984,0.936076,0.00683109,0.0538173,0.00449495,0.968928,0.00651813
1,dropout_scratch_maxprob,0.93374,0.00276904,0.0101759,0.00140888,0.80922,0.00908416,0.00494701,0.001519,0.734812,0.023782,0.0101827,0.00141763,0.809444,0.00909226,0.029755,0.00262758,0.913032,0.00755125,0.0206292,0.0020898,0.876508,0.00790931,0.0298183,0.00264439,0.91324,0.00758377,0.049144,0.00384252,0.966928,0.00589071,0.0387628,0.00299072,0.939236,0.00634397,0.049243,0.00389135,0.967092,0.00588152
1,dropout_scratch_total,0.93374,0.00276904,0.0102722,0.00149187,0.810104,0.00929243,0.00491687,0.00160802,0.735808,0.0248064,0.01028,0.00148885,0.810264,0.009228,0.0296025,0.00276592,0.907416,0.005688,0.0204498,0.00229798,0.873508,0.00749498,0.0296994,0.00272586,0.907692,0.00568861,0.0501365,0.00342604,0.966352,0.00616046,0.0382001,0.0034197,0.933044,0.00594458,0.0502181,0.00343961,0.966532,0.00619634
1,dropout_scratch_aleatoric,0.93374,0.00276904,0.0100081,0.00143168,0.807232,0.00831946,0.00470014,0.00149947,0.73444,0.0225602,0.0100299,0.00143374,0.80746,0.00836041,0.0301767,0.00297932,0.907704,0.00589905,0.0207372,0.00206458,0.872264,0.00629863,0.0302704,0.00298922,0.907928,0.00591875,0.0496578,0.00377533,0.964332,0.00638142,0.0381676,0.0030946,0.93216,0.00484347,0.0497167,0.00380303,0.964468,0.00644542
1,dropout_scratch_epistemic,0.93374,0.00276904,0.0108361,0.00149864,0.809932,0.00945707,0.00479088,0.00149592,0.731904,0.0243291,0.0108475,0.0015051,0.810176,0.00943988,0.0297223,0.00269635,0.90588,0.00670665,0.0201281,0.0021211,0.870692,0.00727629,0.0298039,0.00269942,0.906088,0.00670333,0.0504586,0.00372008,0.96686,0.00635613,0.0380873,0.00328497,0.93202,0.00625885,0.0505821,0.00378947,0.967096,0.0064312
1,masksembles_maxprob,0.875964,0.00256583,0.0088044,0.00184379,0.56212,0.0189706,0.00208095,0.00124831,0.113148,0.16671,0.00880773,0.00184997,0.562336,0.0190529,0.0311706,0.00420336,0.743264,0.0167433,0.0191864,0.00332496,0.672836,0.0189188,0.0312121,0.00423293,0.743548,0.0167138,0.0525695,0.00466903,0.83258,0.0119327,0.038323,0.00446928,0.780624,0.0142567,0.0525905,0.0046678,0.832704,0.0119212
1,masksembles_total,0.875964,0.00256583,0.00878472,0.00186305,0.557504,0.0209301,0.00195704,0.00132381,0.108512,0.160996,0.00878832,0.00185437,0.55774,0.0209413,0.0307548,0.0040636,0.739704,0.0156958,0.0189732,0.0035654,0.670736,0.01985,0.0307793,0.00408072,0.739888,0.0157001,0.0513971,0.00447289,0.819924,0.0111488,0.0377242,0.00427481,0.772568,0.014424,0.0514653,0.00447921,0.820156,0.0111584
1,masksembles_aleatoric,0.875964,0.00256583,0.00879944,0.00180933,0.557052,0.0218879,0.00195987,0.00128017,0.116596,0.165307,0.00883631,0.00182926,0.557364,0.0219489,0.0301408,0.0043408,0.736188,0.0147539,0.0188204,0.00348138,0.670104,0.0194714,0.0302262,0.00434273,0.736352,0.0147472,0.0502519,0.00420832,0.814452,0.0124747,0.0376929,0.0043362,0.769012,0.0133059,0.0503322,0.0042101,0.81466,0.0125071
1,masksembles_epistemic,0.875964,0.00256583,0.00898597,0.00220286,0.531312,0.0185877,0.00206577,0.00149823,0.097348,0.157008,0.00901213,0.00221596,0.531488,0.0186162,0.0327999,0.00399201,0.70688,0.0175464,0.0199116,0.00419009,0.631192,0.0227016,0.0328592,0.00401074,0.707184,0.0175454,0.0548176,0.00471182,0.791964,0.0133331,0.0406052,0.00454708,0.739184,0.0159133,0.0548847,0.00471283,0.792228,0.0133998
1,swa_maxprob,0.904688,0.0145502,0.0102362,0.00229175,0.694044,0.0456778,0.00375623,0.001841,0.446832,0.239913,0.0102668,0.00230898,0.694248,0.0456523,0.0330762,0.0036129,0.846132,0.0358401,0.0222765,0.00353643,0.792416,0.0422064,0.0331304,0.00362369,0.846424,0.035814,0.056683,0.0050064,0.91596,0.0273806,0.0426335,0.00453122,0.878004,0.0321306,0.056727,0.00501387,0.916096,0.0273438
3,sr_base,0.84782,0.00569199,0.0242183,0.00389883,0.63484,0.0170121,0.0139732,0.00232544,0.180592,0.251894,0.0242752,0.00391498,0.635136,0.0170663,0.0720002,0.00654731,0.816636,0.0123053,0.0483652,0.00531037,0.74388,0.0135425,0.0721263,0.00650625,0.816984,0.0123046,0.117006,0.00819749,0.926892,0.0136048,0.0915306,0.00588589,0.866968,0.0114002,0.117207,0.00818462,0.927392,0.0135501
3,sr_dropout,0.847688,0.00445837,0.0214783,0.00326211,0.627284,0.0119226,0.00947963,0.00298313,0.518396,0.0343877,0.0215678,0.00318928,0.627672,0.0119052,0.0685302,0.00617594,0.808276,0.0123412,0.0476984,0.00578916,0.744116,0.011693,0.0686767,0.00614036,0.808776,0.0122963,0.116762,0.0073689,0.92688,0.0115412,0.0883432,0.00720795,0.860216,0.0128176,0.117004,0.00736006,0.92736,0.0114454
3,mc_maxprob,0.866732,0.00452665,0.022255,0.00362735,0.673464,0.0138364,0.00949947,0.00243926,0.56404,0.0270801,0.0223051,0.0036251,0.673736,0.0138411,0.0612381,0.00527122,0.83502,0.0107642,0.0416188,0.00369545,0.769152,0.00979555,0.0613414,0.00527785,0.835372,0.0107152,0.0987795,0.00659216,0.931256,0.00941709,0.0758452,0.00597157,0.876192,0.0100706,0.0989104,0.00652663,0.931576,0.00929418
3,mc_total,0.866732,0.00452665,0.0214735,0.00363314,0.669628,0.0149258,0.00928825,0.00241791,0.560764,0.027268,0.0215151,0.00362974,0.66982,0.0149667,0.0547226,0.00458187,0.810012,0.010003,0.0393317,0.00392895,0.760096,0.00996636,0.0548654,0.00455199,0.81032,0.0099787,0.093898,0.00655184,0.918428,0.0104777,0.0712006,0.00505643,0.85614,0.0123207,0.0940623,0.00660308,0.918768,0.0105625
3,mc_aleatoric,0.866732,0.00452665,0.0195924,0.00301091,0.660652,0.0151885,0.00869706,0.00259456,0.556616,0.0290124,0.0196563,0.00303441,0.660932,0.0152284,0.0522151,0.00429354,0.79874,0.0102259,0.036777,0.00334661,0.746884,0.00865315,0.0523265,0.00425904,0.799104,0.0102319,0.0892956,0.00626571,0.9062,0.0111619,0.067346,0.00463459,0.845232,0.0112549,0.0895304,0.00627131,0.90668,0.0111817
3,mc_epistemic,0.866732,0.00452665,0.02294,0.00318562,0.671904,0.0120538,0.0101131,0.0024515,0.56414,0.0266174,0.0229863,0.0031833,0.672132,0.0119629,0.0623631,0.00558816,0.828008,0.0128594,0.0430764,0.00347895,0.766536,0.0100769,0.0624799,0.00553579,0.828336,0.0127335,0.10502,0.00718902,0.940088,0.0114427,0.0793243,0.00610196,0.876352,0.0127093,0.105161,0.00717254,0.940504,0.0114
3,mc_variance,0.866732,0.00452665,0.0233291,0.00317513,0.671688,0.0129845,0.0104193,0.00275176,0.55928,0.0305062,0.0233689,0.00319948,0.672068,0.0130324,0.0758043,0.00697475,0.845416,0.0112636,0.0474782,0.00558797,0.77466,0.0127167,0.0759723,0.00702722,0.845896,0.0113824,0.115955,0.00604438,0.944052,0.00859924,0.0958657,0.00672778,0.893188,0.0100753,0.116084,0.00604307,0.94438,0.00858876
3,ens_maxprob,0.86974,0.00255664,0.0241111,0.0022876,0.6876,0.00602926,0.012136,0.00231021,0.58752,0.0182389,0.024157,0.00228438,0.68796,0.00587319,0.0689868,0.00522747,0.85986,0.0103011,0.0498745,0.004329,0.79538,0.00937292,0.0692048,0.00513236,0.86036,0.0100915,0.118043,0.00716796,0.97546,0.0112321,0.0889154,0.00511736,0.91058,0.00841449,0.118431,0.0073403,0.97612,0.0114379
3,ens_total,0.86974,0.00255664,0.0241184,0.00234625,0.68716,0.00890699,0.0119736,0.00222527,0.5886,0.0191397,0.0242472,0.00236087,0.68766,0.00882861,0.0617462,0.00345919,0.8404,0.00434879,0.0482548,0.00406423,0.79028,0.00917396,0.0619036,0.00331174,0.84086,0.0042933,0.114894,0.00875759,0.96874,0.0144408,0.0785115,0.00698565,0.88288,0.0135485,0.115133,0.00884174,0.9693,0.0147196
3,ens_aleatoric,0.86974,0.00255664,0.0227898,0.00256196,0.67956,0.0109908,0.0121192,0.00218351,0.5901,0.0178745,0.0229481,0.00259833,0.6801,0.0107897,0.0628213,0.00419206,0.83298,0.0108445,0.0408936,0.00327378,0.76808,0.00692081,0.0629511,0.00421452,0.83348,0.0110346,0.115467,0.00849783,0.9699,0.0159153,0.0797929,0.00498545,0.88652,0.0108186,0.115921,0.00852287,0.97092,0.015977
3,ens_epistemic,0.86974,0.00255664,0.0230498,0.00275215,0.67046,0.0049808,0.0110655,0.00201778,0.56858,0.0216535,0.0230381,0.00275482,0.67082,0.00501633,0.0714713,0.00818132,0.84084,0.0137692,0.0487965,0.00400891,0.77918,0.00784931,0.0714886,0.00814686,0.8412,0.0137988,0.119589,0.00727252,0.97372,0.0145421,0.0912605,0.0078874,0.89342,0.0169294,0.119711,0.00736435,0.97388,0.0146948
3,finetune_maxprob,0.84144,0.00749133,0.0230146,0.00308028,0.616836,0.0216707,0.00899927,0.00206385,0.433652,0.148173,0.023047,0.00306211,0.617036,0.0216175,0.0742274,0.00658755,0.810092,0.0158409,0.0493555,0.00481396,0.73528,0.0209939,0.0743776,0.00658399,0.810508,0.0157295,0.122828,0.00980529,0.924928,0.0126024,0.0940678,0.00822964,0.85914,0.0162973,0.123035,0.00982722,0.925464,0.0127352
3,swag_maxprob,0.76518,0.0452722,0.0224075,0.0105756,0.368492,0.0864715,0.00965518,0.0059625,0.187536,0.115468,0.0224041,0.0105655,0.368828,0.086551,0.0721479,0.0201233,0.603472,0.0830587,0.0471486,0.0149099,0.508868,0.0893942,0.0722335,0.0200899,0.603892,0.0831417,0.124447,0.0259977,0.746692,0.0788824,0.0929738,0.0215003,0.663448,0.0841,0.124662,0.0260534,0.7473,0.078803
3,swag_total,0.76518,0.0452722,0.0203927,0.0103801,0.344328,0.0808352,0.00900521,0.00578388,0.168508,0.113354,0.0204302,0.0103717,0.344536,0.0808656,0.0562099,0.0186611,0.523136,0.0799718,0.0389412,0.0138804,0.456956,0.0786816,0.0562755,0.0186888,0.523336,0.0798732,0.103327,0.0251333,0.673756,0.0982087,0.0725999,0.0235051,0.579576,0.0876675,0.103489,0.0251436,0.674232,0.0982007
3,swag_aleatoric,0.76518,0.0452722,0.0183233,0.0100071,0.348108,0.0755204,0.00855188,0.00548611,0.173436,0.117632,0.0183849,0.0100748,0.348336,0.0756448,0.0548305,0.0169998,0.531568,0.0869179,0.0356179,0.0131881,0.459044,0.0802681,0.0549054,0.0170105,0.531932,0.0869164,0.100539,0.0221567,0.677588,0.100553,0.0694491,0.0211443,0.58354,0.0908995,0.100661,0.0221903,0.677984,0.100609
3,swag_epistemic,0.76518,0.0452722,0.0325607,0.0151466,0.288576,0.0766321,0.0125728,0.00892613,0.1298,0.0869042,0.0325658,0.0151103,0.288876,0.0766142,0.0925225,0.0322418,0.496904,0.075793,0.0625896,0.0250725,0.402664,0.0800943,0.092723,0.032357,0.497328,0.07575,0.150318,0.0385162,0.673156,0.0859711,0.116463,0.0368566,0.567948,0.082665,0.15045,0.0385009,0.673584,0.0860377
3,laplace_maxprob,0.847416,0.00581141,0.0248415,0.00430412,0.635092,0.0173211,0.0132587,0.00274987,0.259208,0.26028,0.024887,0.00430132,0.635368,0.0173021,0.0713418,0.00709667,0.815184,0.0131587,0.0481405,0.00521651,0.742272,0.0139682,0.0715157,0.0071506,0.815648,0.0131846,0.115758,0.00727586,0.925664,0.0122321,0.0906782,0.00632108,0.864924,0.0122031,0.115938,0.00725513,0.926068,0.0120587
3,laplace_total,0.847416,0.00581141,0.024268,0.00422874,0.632436,0.0189304,0.0134861,0.00237493,0.215872,0.254831,0.0243122,0.00424821,0.632756,0.0189535,0.0699452,0.00644145,0.812996,0.0125283,0.0478495,0.00473148,0.742328,0.0130734,0.0701312,0.00642623,0.813412,0.0124873,0.111131,0.00704568,0.918092,0.0123653,0.0872829,0.00584127,0.859496,0.0104254,0.111329,0.00705767,0.918508,0.0123991
3,laplace_aleatoric,0.847416,0.00581141,0.0243052,0.0042537,0.632728,0.0192905,0.0137281,0.00256054,0.20682,0.254256,0.0243784,0.0042728,0.633132,0.0192325,0.06998,0.00634963,0.813456,0.0118822,0.0478397,0.00487625,0.742616,0.0130166,0.0700848,0.0063538,0.813824,0.0120026,0.110951,0.00720308,0.91772,0.0123189,0.087475,0.00559683,0.860528,0.0096988,0.111082,0.00720894,0.917972,0.0123639
3,laplace_epistemic,0.847416,0.00581141,0.024408,0.0043295,0.624052,0.0237182,0.0138049,0.00274866,0.100996,0.20266,0.0244528,0.00432446,0.624384,0.0237497,0.0696493,0.00745669,0.809356,0.0136489,0.0478982,0.00461404,0.73982,0.0130096,0.0698007,0.00742076,0.80978,0.0136589,0.113019,0.00732541,0.917792,0.0134788,0.0869281,0.00664649,0.855612,0.0124616,0.113235,0.0072355,0.918208,0.0134224
3,gda_density,0.84782,0.00569199,0.0238757,0.00569948,0.569476,0.0324636,0.00839566,0.00253414,0.222108,0.199594,0.0239111,0.00570825,0.569808,0.032387,0.0692292,0.00675125,0.774516,0.016989,0.048382,0.00553772,0.703404,0.0155763,0.0693655,0.00671481,0.774896,0.0170251,0.12001,0.00883186,0.916232,0.0171176,0.0891171,0.00684043,0.834468,0.0172891,0.120214,0.00889791,0.9167,0.0172272
3,ddu_maxprob,0.819072,0.0149204,0.0244734,0.00482216,0.549872,0.042028,0.0079227,0.00339013,0.385928,0.0755538,0.0244812,0.00482523,0.550156,0.0420735,0.0755302,0.00848014,0.753292,0.0247811,0.0523921,0.00612752,0.679652,0.0282495,0.0757069,0.00850871,0.753792,0.0247807,0.120122,0.0103618,0.868456,0.0168876,0.0930726,0.0101192,0.803092,0.0209716,0.120253,0.010339,0.868808,0.0168845
3,ddu_density,0.819072,0.0149204,0.0213294,0.00903372,0.273708,0.131342,,,0,0,0.0213687,0.00895305,0.273892,0.131377,0.0687306,0.00898618,0.678624,0.0351363,0.0379696,0.011098,0.449988,0.2169,0.0687805,0.00900157,0.678884,0.035112,0.114444,0.0129843,0.814904,0.0207761,0.0878297,0.010249,0.738848,0.0346287,0.114588,0.0130117,0.815336,0.0208021
3,vbll_maxprob,0.815132,0.0187377,0.0227029,0.00725268,0.5331,0.0428973,0.0106781,0.00442261,0.18116,0.205921,0.0227607,0.00723964,0.533512,0.042971,0.0760237,0.0122932,0.751116,0.036009,0.0517601,0.0096599,0.675464,0.0323543,0.0761579,0.0122461,0.751556,0.0359399,0.122182,0.0154477,0.8683,0.0258767,0.0945819,0.0140102,0.801576,0.0305444,0.122385,0.0154366,0.86872,0.0259209
3,vbll_total,0.815132,0.0187377,0.0223548,0.00705176,0.531296,0.0445463,0.0108465,0.00406898,0.172468,0.204467,0.0223938,0.00709579,0.53154,0.0445972,0.0717942,0.01118,0.742636,0.0359374,0.05056,0.00895223,0.673564,0.0337101,0.0719566,0.0111718,0.742964,0.0359126,0.112219,0.0134287,0.850372,0.0221568,0.0897516,0.0124228,0.794492,0.028054,0.112426,0.0135189,0.850896,0.0220689
3,vbll_aleatoric,0.815132,0.0187377,0.0223564,0.00705136,0.531248,0.0445901,0.0108468,0.00406935,0.172464,0.204462,0.022386,0.00709604,0.531544,0.0446202,0.0717935,0.0111924,0.742592,0.0359133,0.0505683,0.00893249,0.673532,0.0337411,0.0719349,0.0111789,0.742916,0.0358987,0.112209,0.0134332,0.850376,0.0221407,0.0897376,0.0124395,0.794516,0.0280219,0.112448,0.0135399,0.850904,0.0220716
3,vbll_epistemic,0.815132,0.0187377,0.023081,0.0072838,0.532192,0.0420912,0.0112035,0.00435404,0.184024,0.209402,0.0231347,0.00726375,0.532512,0.0421175,0.0755954,0.0120651,0.749792,0.0335033,0.0516479,0.00940327,0.67484,0.0334438,0.0757061,0.0120513,0.750236,0.0335249,0.119888,0.0146543,0.86406,0.0253747,0.0938516,0.0135114,0.799272,0.0294975,0.12011,0.0147112,0.86446,0.0253855
3,sngp_maxprob,0.820124,0.00957863,0.0243042,0.00585177,0.527972,0.0354894,,,0,0,0.0243152,0.00584233,0.528188,0.0355629,0.0719779,0.0111184,0.745432,0.0137807,0.0478583,0.00964267,0.662696,0.0221392,0.0720833,0.0111137,0.745832,0.0137386,0.116475,0.010849,0.86158,0.0118887,0.0903015,0.0115153,0.797316,0.0125538,0.116636,0.0108196,0.862044,0.0118685
3,sngp_ds,0.820124,0.00957863,0.0234273,0.00614422,0.528208,0.0318989,,,0,0,0.0234407,0.00614832,0.528436,0.0319582,0.0672918,0.0114481,0.730976,0.0128242,0.0471226,0.00981158,0.659828,0.0211381,0.0674133,0.0114143,0.731328,0.0128757,0.106956,0.0121174,0.840612,0.0112955,0.0824132,0.0126943,0.776004,0.0117898,0.107135,0.0120886,0.84098,0.0111766
3,dropout_scratch_sr,0.84368,0.0066983,0.0238359,0.00405448,0.627724,0.0168249,0.0105191,0.00317053,0.284644,0.234538,0.0238709,0.00405536,0.627972,0.0168219,0.0720087,0.00769863,0.808736,0.0149191,0.0489962,0.006828,0.739356,0.0167017,0.0721963,0.00770654,0.809228,0.0149508,0.118792,0.00829913,0.922688,0.0154349,0.0903432,0.0085579,0.857264,0.0158341,0.118982,0.00829496,0.923032,0.0154127
3,dropout_scratch_maxprob,0.866956,0.00551061,0.0217895,0.00260325,0.668464,0.0149892,0.0112909,0.00320288,0.568888,0.0339258,0.0218206,0.00259674,0.668772,0.0150406,0.0612123,0.00502935,0.832284,0.013512,0.0419273,0.00403272,0.768724,0.0135324,0.0613236,0.00505236,0.832592,0.013565,0.0995428,0.00626398,0.931208,0.0106262,0.0780429,0.00544932,0.877604,0.0109957,0.0997127,0.00623486,0.931632,0.0105911
3,dropout_scratch_total,0.866956,0.00551061,0.0214511,0.00294318,0.666336,0.01525,0.0110932,0.00326298,0.568612,0.0349918,0.0214901,0.00295284,0.666604,0.0152283,0.0547064,0.00438088,0.811032,0.00941882,0.0395078,0.00431626,0.760316,0.0131478,0.0548095,0.00435108,0.81148,0.00947451,0.095337,0.00720724,0.92058,0.013987,0.0693414,0.00554928,0.854732,0.0121375,0.0954859,0.00718729,0.920948,0.0139944
3,dropout_scratch_aleatoric,0.866956,0.00551061,0.0198031,0.00287606,0.658388,0.0144237,0.0103187,0.00295961,0.56548,0.0318003,0.0198659,0.00291938,0.658748,0.0143617,0.053213,0.00474524,0.804488,0.00928191,0.0377996,0.00335607,0.752376,0.0112762,0.0533217,0.00472293,0.804796,0.00934113,0.0899966,0.00685667,0.907972,0.0144412,0.0660141,0.00473512,0.845312,0.00900312,0.090134,0.0069081,0.908348,0.0145196
3,dropout_scratch_epistemic,0.866956,0.00551061,0.0232257,0.00323515,0.671836,0.0162911,0.0116217,0.00311368,0.566648,0.0351722,0.0232775,0.00324921,0.672216,0.0162327,0.0595232,0.0054879,0.8208,0.0134687,0.0421257,0.00446576,0.763884,0.0135223,0.0596388,0.00547841,0.821092,0.0134437,0.102406,0.00769653,0.933812,0.0144984,0.0757879,0.00525655,0.866072,0.012776,0.102607,0.0077424,0.934272,0.0145732
3,masksembles_maxprob,0.769052,0.0045937,0.0143198,0.00369401,0.341828,0.0213503,0.00166144,0.00161232,0.045388,0.0744716,0.0144323,0.00371558,0.342124,0.0214434,0.0560234,0.00819007,0.56292,0.0227582,0.0350545,0.00597857,0.471356,0.0239714,0.0560966,0.00813619,0.563292,0.0226731,0.0975891,0.00815916,0.696024,0.0146853,0.0711849,0.00806289,0.617112,0.0179593,0.0976673,0.00816021,0.696244,0.0146967
3,masksembles_total,0.769052,0.0045937,0.0130935,0.00343622,0.332832,0.0228002,0.00141634,0.00165384,0.041308,0.0696948,0.0131058,0.00344619,0.333096,0.0228906,0.0515062,0.00701589,0.548972,0.0210238,0.0336463,0.00600368,0.462832,0.0247577,0.0515611,0.00704257,0.549224,0.0210609,0.0848414,0.00718886,0.65242,0.0134189,0.064164,0.00771175,0.592396,0.0171922,0.0849174,0.00718719,0.652684,0.0134103
3,masksembles_aleatoric,0.769052,0.0045937,0.0127488,0.00367666,0.331712,0.0240762,0.00141011,0.00162607,0.044736,0.0716388,0.0127972,0.00367182,0.33198,0.0241307,0.0498796,0.00668174,0.540876,0.0194645,0.0328613,0.00549188,0.45968,0.0233803,0.049945,0.00668626,0.541124,0.0194517,0.081848,0.00744607,0.64326,0.015155,0.0616327,0.00755332,0.583528,0.0163099,0.0819871,0.00747936,0.643564,0.015304
3,masksembles_epistemic,0.769052,0.0045937,0.0168317,0.00380176,0.315784,0.0215284,0.00421922,0.00484387,0.042316,0.0746657,0.016869,0.00377891,0.316056,0.0215528,0.0640665,0.00887975,0.525612,0.0265207,0.0373994,0.00761821,0.428836,0.0300446,0.0641762,0.00886179,0.525968,0.0265217,0.106688,0.008876,0.647904,0.0192188,0.0785211,0.00900787,0.571692,0.0235348,0.106859,0.00892036,0.648312,0.0192954
3,swa_maxprob,0.766216,0.0469427,0.0202962,0.00961358,0.422428,0.0711129,0.00745262,0.00507971,0.227236,0.139678,0.0203413,0.00962574,0.422668,0.0711128,0.075313,0.0176058,0.645192,0.0825619,0.0480484,0.0143842,0.558212,0.0829209,0.0754437,0.0176089,0.645672,0.0825884,0.129435,0.0256994,0.777288,0.0721191,0.0980903,0.0209786,0.70446,0.0797794,0.129615,0.0256924,0.777668,0.0719995
5,sr_base,0.236608,0.0160999,0.468365,0.0556638,0.079256,0.0236295,0.312958,0.0185612,0.008676,0.0126062,0.468973,0.0553334,0.0795,0.023622,0.679897,0.0394589,0.438348,0.0448682,0.616161,0.040583,0.243112,0.0405394,0.680079,0.0393087,0.439412,0.0447565,0.736682,0.0225477,0.768224,0.0365424,0.708871,0.0288681,0.586248,0.0357329,0.736851,0.0225095,0.76952,0.0365069
5,sr_dropout,0.248364,0.016141,0.315575,0.0905853,0.04526,0.0145182,0.137268,0.0499568,0.01592,0.00632949,0.316192,0.090484,0.045472,0.0146399,0.635703,0.0692639,0.351632,0.101542,0.556714,0.0887635,0.194448,0.0696434,0.636337,0.0689491,0.35304,0.101793,0.715681,0.0311262,0.70738,0.0671122,0.678008,0.0476714,0.49854,0.0924075,0.715982,0.0309792,0.70894,0.0669698
5,mc_maxprob,0.2864,0.018968,0.456913,0.107579,0.15042,0.0574295,0.282976,0.110588,0.052604,0.0232601,0.457233,0.10784,0.150936,0.0576683,0.611162,0.0571945,0.453444,0.0883854,0.560158,0.0740235,0.307336,0.0829408,0.611426,0.0570858,0.454248,0.0884807,0.665646,0.0352477,0.70542,0.0688036,0.63789,0.0449774,0.556036,0.081127,0.665774,0.0352123,0.706336,0.068609
5,mc_total,0.2864,0.018968,0.419044,0.10776,0.121484,0.0441424,0.249851,0.10853,0.044244,0.0188487,0.419441,0.107811,0.1218,0.0442989,0.542762,0.078306,0.301856,0.0836646,0.51122,0.0908161,0.233496,0.0704245,0.542816,0.0783167,0.302248,0.0836947,0.620966,0.0526192,0.551452,0.101566,0.573018,0.0683535,0.379192,0.092958,0.621227,0.0526214,0.552696,0.101758
5,mc_aleatoric,0.2864,0.018968,0.334287,0.0994966,0.081472,0.0278382,0.176492,0.0876226,0.031628,0.0128573,0.334823,0.0996221,0.081656,0.0279245,0.482106,0.0950506,0.207208,0.062376,0.444408,0.0973909,0.155072,0.0462849,0.482251,0.095077,0.207464,0.0624297,0.566651,0.0701477,0.386576,0.0966161,0.514768,0.0882212,0.267664,0.0790868,0.566959,0.0698299,0.387728,0.0968732
5,mc_epistemic,0.2864,0.018968,0.529462,0.0929386,0.222852,0.0747566,0.389625,0.12332,0.08674,0.0429677,0.529673,0.0928376,0.223296,0.07474,0.658739,0.0395216,0.621548,0.0849559,0.61831,0.0522827,0.445728,0.0926743,0.658939,0.0393744,0.62256,0.0846085,0.705633,0.0209094,0.920212,0.0283003,0.682922,0.030146,0.758092,0.0668971,0.705765,0.0208808,0.921208,0.0278228
5,mc_variance,0.2864,0.018968,0.539226,0.0923428,0.226748,0.0779439,0.407428,0.125506,0.090864,0.0469955,0.539667,0.0918968,0.227372,0.0780475,0.71846,0.0176752,0.871924,0.0372781,0.68318,0.0298881,0.587348,0.093117,0.718496,0.0176407,0.873,0.0372289,0.716892,0.0185247,0.985852,0.00582241,0.719506,0.0174589,0.948848,0.0179219,0.71686,0.0185373,0.985992,0.00578715
5,ens_maxprob,0.24422,0.0037207,0.55408,0.0187649,0.17088,0.0116688,0.304258,0.0444627,0.04138,0.00913781,0.554671,0.0184193,0.17158,0.0116191,0.694205,0.00961056,0.59642,0.0338073,0.660932,0.00977031,0.42996,0.0275488,0.694366,0.00966824,0.59772,0.0336928,0.747077,0.00795281,0.92186,0.0375635,0.718664,0.008007,0.7437,0.0284771,0.747479,0.00785902,0.9245,0.0372793
5,ens_total,0.24422,0.0037207,0.534634,0.0227594,0.15416,0.0146841,0.295353,0.0438727,0.03952,0.00899209,0.535214,0.0221407,0.15472,0.0146542,0.66104,0.00628506,0.46918,0.0114673,0.640199,0.00873512,0.3676,0.0208691,0.661069,0.00640632,0.4697,0.0114071,0.74013,0.0113469,0.88016,0.0524885,0.679958,0.0115769,0.56444,0.0440819,0.740638,0.0113368,0.88238,0.0532019
5,ens_aleatoric,0.24422,0.0037207,0.493986,0.0248736,0.1229,0.0109011,0.281777,0.0360848,0.03768,0.00753084,0.494437,0.0252004,0.12316,0.0107795,0.630612,0.00991797,0.36768,0.0228804,0.593718,0.00851687,0.2541,0.0142569,0.63133,0.0102797,0.36862,0.0228584,0.731912,0.0149983,0.83398,0.0743955,0.668025,0.00995677,0.5056,0.0324294,0.732643,0.015006,0.83858,0.0758216
5,ens_epistemic,0.24422,0.0037207,0.553753,0.0163679,0.16434,0.00974312,0.308333,0.0569143,0.03988,0.0109172,0.554327,0.0163657,0.16486,0.00970816,0.709206,0.0134244,0.6323,0.0541245,0.668805,0.0115415,0.4317,0.0265975,0.709412,0.013222,0.63326,0.0539548,0.75255,0.00592795,0.9516,0.0309636,0.734835,0.00931498,0.7863,0.044119,0.752501,0.00589362,0.95198,0.031233
5,finetune_maxprob,0.23518,0.0154534,0.398741,0.0632512,0.051652,0.0168262,0.171092,0.0690598,0.01162,0.00493887,0.398873,0.063571,0.051788,0.0168695,0.675664,0.0446844,0.406696,0.0526391,0.601932,0.0556285,0.211176,0.0498954,0.675919,0.0447755,0.407876,0.0524771,0.736438,0.0248811,0.748352,0.0401656,0.707981,0.0365566,0.55296,0.0507145,0.736619,0.0247762,0.75,0.0404236
5,swag_maxprob,0.156104,0.0176492,0.251255,0.130969,0.00474,0.00342538,0.0206469,0.0531016,0.000548,0.000569646,0.251225,0.132107,0.004756,0.00342772,0.683685,0.103546,0.18814,0.136925,0.548357,0.163175,0.058208,0.0480237,0.684322,0.10336,0.188784,0.137116,0.795612,0.0328971,0.470616,0.173583,0.741385,0.0681897,0.297404,0.181498,0.795903,0.032606,0.472012,0.173214
5,swag_total,0.156104,0.0176492,0.15246,0.139323,0.00232,0.00128934,0.00884354,0.0360352,0.000416,0.000450493,0.15246,0.139323,0.00232,0.00128934,0.488205,0.142945,0.028968,0.0165135,0.384923,0.137478,0.011724,0.0065701,0.488325,0.143434,0.02906,0.0166078,0.657353,0.132351,0.165368,0.108697,0.563084,0.150987,0.058844,0.0367304,0.657517,0.132587,0.166116,0.109203
5,swag_aleatoric,0.156104,0.0176492,0.119879,0.116742,0.001956,0.000974302,0.00252525,0.0149396,0.000476,0.000479817,0.119879,0.116742,0.001956,0.000974302,0.391004,0.140911,0.016536,0.00908647,0.278645,0.113048,0.007088,0.00286137,0.391074,0.141093,0.016604,0.00910802,0.578321,0.159658,0.097332,0.0641851,0.463801,0.136315,0.03082,0.0170837,0.579272,0.15939,0.097792,0.0644651
5,swag_epistemic,0.156104,0.0176492,0.698146,0.0895166,0.039196,0.0236618,0.154295,0.230843,0.00128,0.0033476,0.698105,0.0894413,0.039488,0.0237318,0.831328,0.0134447,0.469984,0.0705487,0.806061,0.0205865,0.248748,0.0614096,0.831477,0.0134471,0.470992,0.0703359,0.846309,0.0156671,0.768944,0.0619312,0.840749,0.0128559,0.607528,0.0620776,0.846312,0.0156744,0.769604,0.0619982
5,laplace_maxprob,0.236968,0.0160617,0.482844,0.0550156,0.083992,0.0279807,0.320012,0.0471486,0.013452,0.0149941,0.483352,0.0551597,0.084252,0.0280721,0.680912,0.0400455,0.441164,0.050768,0.619278,0.0408321,0.247148,0.044503,0.681137,0.0400335,0.442296,0.0509733,0.735049,0.0231282,0.76306,0.0364303,0.708223,0.0304597,0.583072,0.0428712,0.735201,0.0231458,0.7643,0.03645
5,laplace_total,0.236968,0.0160617,0.470433,0.0570605,0.078092,0.0270123,0.308502,0.0447928,0.010772,0.0139145,0.470812,0.0569668,0.07836,0.0270767,0.673239,0.0401057,0.411092,0.0476024,0.612521,0.0404966,0.235352,0.0443468,0.67356,0.0400959,0.412396,0.0476589,0.718071,0.0265755,0.666648,0.0452143,0.696247,0.0334352,0.532684,0.0451817,0.718301,0.0264767,0.667856,0.0453363
5,laplace_aleatoric,0.236968,0.0160617,0.46857,0.0569779,0.077004,0.0258301,0.30813,0.0435236,0.010372,0.0138726,0.469147,0.0567347,0.077228,0.0258626,0.671571,0.0397114,0.404484,0.0446056,0.610374,0.0401821,0.231864,0.0424143,0.671862,0.0397425,0.40564,0.0450023,0.715286,0.0264985,0.652568,0.0388486,0.694754,0.0334563,0.524488,0.0405945,0.715409,0.0264563,0.653384,0.0389673
5,laplace_epistemic,0.236968,0.0160617,0.494543,0.0615668,0.08526,0.0363631,0.40287,0.0582205,0.00722,0.0157534,0.494798,0.0617847,0.085608,0.0365262,0.68021,0.0398365,0.436608,0.065325,0.622921,0.0407046,0.251376,0.0522125,0.6805,0.0397543,0.437684,0.065357,0.733294,0.0267691,0.75084,0.0718809,0.704246,0.034426,0.567288,0.0684912,0.733411,0.0266828,0.752488,0.0721951
5,gda_density,0.236608,0.0160999,0.31779,0.127262,0.03642,0.0271356,0.099967,0.075286,0.003296,0.00339629,0.318528,0.128253,0.036664,0.0273454,0.688163,0.0472282,0.362252,0.10733,0.614598,0.0475702,0.185724,0.0713631,0.688465,0.0472573,0.363356,0.107772,0.746409,0.0328909,0.756836,0.108145,0.725244,0.0404193,0.516584,0.101142,0.746493,0.0328932,0.758444,0.108442
5,ddu_maxprob,0.224972,0.0253084,0.469632,0.223484,0.054376,0.0384776,0.170185,0.182245,0.005328,0.00404134,0.469696,0.223784,0.054568,0.038612,0.68601,0.0948166,0.33846,0.129878,0.631792,0.131681,0.202444,0.115396,0.686155,0.0948586,0.339128,0.129964,0.735415,0.0577965,0.609704,0.0959322,0.713105,0.0764403,0.449616,0.118202,0.735471,0.0577472,0.610644,0.0957629
5,ddu_density,0.224972,0.0253084,0.209574,0.113252,0.006504,0.00372177,,,0,0,0.209559,0.113277,0.006508,0.00372262,0.66325,0.116876,0.172796,0.113416,0.431442,0.190378,0.026352,0.0205545,0.663453,0.116702,0.173232,0.113475,0.747489,0.0782469,0.447276,0.130948,0.710375,0.0915186,0.278288,0.130991,0.747668,0.0781589,0.448128,0.131148
5,vbll_maxprob,0.197836,0.0263691,0.435579,0.155699,0.044392,0.0307818,0.17239,0.128623,0.003664,0.0071501,0.436554,0.15512,0.044632,0.0310333,0.729647,0.0619224,0.392352,0.0769756,0.653437,0.0889316,0.209236,0.0912219,0.730061,0.0615714,0.3934,0.0767573,0.777681,0.040289,0.682292,0.0556764,0.757468,0.0508653,0.52026,0.0648202,0.777757,0.0402006,0.683256,0.0555577
5,vbll_total,0.197836,0.0263691,0.41856,0.153865,0.039416,0.0260664,0.15908,0.127494,0.003288,0.00636492,0.419246,0.153615,0.039604,0.0261945,0.705463,0.0685979,0.324584,0.0775946,0.628403,0.095403,0.180944,0.0870015,0.705665,0.0686273,0.325292,0.0775404,0.755759,0.0509339,0.550152,0.0531178,0.737311,0.0587886,0.440504,0.0654352,0.75596,0.0508266,0.551064,0.0530403
5,vbll_aleatoric,0.197836,0.0263691,0.41847,0.153848,0.039404,0.0260672,0.15908,0.127494,0.003288,0.00636492,0.419152,0.153745,0.039592,0.026176,0.705481,0.0686274,0.324392,0.0775555,0.628328,0.0955159,0.180908,0.0869963,0.70561,0.0685787,0.32502,0.0775657,0.755717,0.0509116,0.54978,0.0531999,0.737207,0.0588356,0.440276,0.065477,0.755855,0.0508368,0.550724,0.0530233
5,vbll_epistemic,0.197836,0.0263691,0.440013,0.154328,0.04362,0.0295562,0.163979,0.132559,0.003892,0.00690753,0.440585,0.154093,0.043804,0.029716,0.72602,0.0636734,0.381784,0.0748842,0.652117,0.0899235,0.20616,0.0885789,0.72636,0.0635613,0.383024,0.0745676,0.772242,0.0426125,0.646652,0.0590615,0.753253,0.0531085,0.503048,0.0627242,0.772329,0.0425902,0.64752,0.0590738
5,sngp_maxprob,0.214592,0.0298293,0.330837,0.153445,0.045048,0.0488987,,,0,0,0.330519,0.153449,0.045084,0.0489235,0.654948,0.0798185,0.273472,0.125629,0.519734,0.108178,0.124968,0.102424,0.655493,0.0797731,0.274424,0.125694,0.738185,0.0500956,0.577596,0.100817,0.705039,0.0643799,0.404524,0.126672,0.73836,0.0500031,0.5789,0.100537
5,sngp_ds,0.214592,0.0298293,0.320327,0.161736,0.044864,0.051117,,,0,0,0.32061,0.161578,0.044916,0.0511609,0.600702,0.101818,0.20146,0.12346,0.492529,0.124443,0.11272,0.104248,0.601121,0.101718,0.201884,0.123457,0.69466,0.0696693,0.391756,0.137663,0.646968,0.0889292,0.2774,0.136163,0.694824,0.0696088,0.392496,0.137836
5,dropout_scratch_sr,0.226228,0.0118757,0.51963,0.143326,0.082772,0.0601249,0.322917,0.166876,0.013492,0.0175655,0.520182,0.142869,0.083028,0.0602507,0.701812,0.0662071,0.403832,0.125607,0.654065,0.0945076,0.247264,0.106163,0.702045,0.066018,0.405032,0.125707,0.747614,0.0278744,0.724616,0.0873534,0.721437,0.0496233,0.527888,0.117746,0.747717,0.0278234,0.725564,0.0871141
5,dropout_scratch_maxprob,0.265348,0.015401,0.578119,0.109813,0.187232,0.0681063,0.476031,0.143734,0.083152,0.0495666,0.578296,0.109595,0.187772,0.0683132,0.664086,0.0523993,0.4961,0.0941995,0.636728,0.0730427,0.362648,0.0935848,0.664317,0.0522756,0.497068,0.094312,0.699781,0.0312334,0.736388,0.0748184,0.681209,0.0418641,0.600336,0.0872311,0.699848,0.0311898,0.737456,0.074681
5,dropout_scratch_total,0.265348,0.015401,0.561693,0.118923,0.165972,0.066527,0.45691,0.145689,0.075488,0.0463823,0.561753,0.118909,0.166288,0.0666907,0.629036,0.0735886,0.379452,0.100605,0.609957,0.088413,0.302444,0.0956688,0.629086,0.0734679,0.379976,0.100649,0.674794,0.0439674,0.624248,0.107623,0.642697,0.0633242,0.4549,0.10828,0.675027,0.0438478,0.62544,0.107625
5,dropout_scratch_aleatoric,0.265348,0.015401,0.520839,0.130319,0.121388,0.0558974,0.388985,0.143531,0.054204,0.0351062,0.520872,0.130735,0.121724,0.0559763,0.594154,0.0927103,0.283404,0.0928906,0.572251,0.11047,0.221956,0.0827228,0.594151,0.0926827,0.283848,0.0929023,0.640547,0.063156,0.466328,0.111585,0.612955,0.0833447,0.341056,0.0983268,0.640807,0.0630648,0.46728,0.111692
5,dropout_scratch_epistemic,0.265348,0.015401,0.609842,0.0918443,0.252156,0.082784,0.537005,0.135455,0.114912,0.0617657,0.610132,0.0916215,0.252948,0.0828447,0.687549,0.0340561,0.617684,0.0871317,0.660879,0.0505177,0.461448,0.106029,0.6877,0.0339493,0.618596,0.0868307,0.726112,0.0191102,0.903644,0.0390613,0.704938,0.0272988,0.735512,0.0691545,0.726251,0.0190169,0.90472,0.0389252
5,masksembles_maxprob,0.231464,0.0215401,0.29385,0.0899661,0.01328,0.0111834,0,0,7.2e-05,0.00020692,0.293992,0.0902868,0.013336,0.0112318,0.534598,0.0457654,0.13346,0.0543308,0.449445,0.0568248,0.06338,0.0387835,0.534755,0.0456607,0.13378,0.0543564,0.635447,0.0487808,0.322672,0.0806657,0.578558,0.0452589,0.198136,0.0623938,0.635499,0.0487783,0.322984,0.0807412
5,masksembles_total,0.231464,0.0215401,0.251848,0.0982338,0.00956,0.00745686,0,0,4.4e-05,0.000161443,0.256208,0.0911011,0.009648,0.00752942,0.497928,0.0453149,0.099672,0.0462306,0.4206,0.0656186,0.050872,0.0336438,0.498064,0.0454105,0.099816,0.0462415,0.566657,0.0479042,0.187292,0.0640945,0.530865,0.042111,0.132204,0.0517189,0.566766,0.0481862,0.187556,0.0641291
5,masksembles_aleatoric,0.231464,0.0215401,0.248651,0.09922,0.009348,0.00728898,0,0,4.8e-05,0.000162776,0.249271,0.0998001,0.009404,0.00731612,0.489801,0.0464392,0.092756,0.0424864,0.409428,0.0665861,0.048472,0.0312667,0.490036,0.0462718,0.09292,0.0425004,0.56337,0.0426116,0.180244,0.0543,0.521753,0.042506,0.124256,0.044754,0.563547,0.0427947,0.18056,0.054309
5,masksembles_epistemic,0.231464,0.0215401,0.292132,0.114675,0.011116,0.0131859,0,0,5.6e-05,0.000155126,0.289895,0.113302,0.011136,0.0131876,0.538713,0.0193179,0.089236,0.0459287,0.484026,0.0559713,0.039564,0.0309588,0.53873,0.0189505,0.08948,0.0460303,0.606735,0.0192,0.201872,0.0686334,0.562125,0.0200922,0.124368,0.0555516,0.606905,0.0192215,0.202256,0.0686727
5,swa_maxprob,0.152948,0.0163695,0.201978,0.131158,0.004612,0.0024058,0.0504925,0.0664252,0.00118,0.0011691,0.201331,0.131295,0.004624,0.00242013,0.654019,0.139989,0.166564,0.118767,0.486501,0.154532,0.03988,0.0277904,0.654657,0.139481,0.167404,0.119364,0.794226,0.0424793,0.4684,0.193503,0.729441,0.0942176,0.289088,0.18101,0.794556,0.0421665,0.4695,0.192947
