severity,criterion,accuracy_mean,accuracy_std,r*=0.01 emp risk_mean,r*=0.01 emp risk_std,r*=0.01 emp cov_mean,r*=0.01 emp cov_std,r*=0.01 sgr risk_mean,r*=0.01 sgr risk_std,r*=0.01 sgr cov_mean,r*=0.01 sgr cov_std,r*=0.01 cov risk_mean,r*=0.01 cov risk_std,r*=0.01 cov cov_mean,r*=0.01 cov cov_std,r*=0.03 emp risk_mean,r*=0.03 emp risk_std,r*=0.03 emp cov_mean,r*=0.03 emp cov_std,r*=0.03 sgr risk_mean,r*=0.03 sgr risk_std,r*=0.03 sgr cov_mean,r*=0.03 sgr cov_std,r*=0.03 cov risk_mean,r*=0.03 cov risk_std,r*=0.03 cov cov_mean,r*=0.03 cov cov_std,r*=0.05 emp risk_mean,r*=0.05 emp risk_std,r*=0.05 emp cov_mean,r*=0.05 emp cov_std,r*=0.05 sgr risk_mean,r*=0.05 sgr risk_std,r*=0.05 sgr cov_mean,r*=0.05 sgr cov_std,r*=0.05 cov risk_mean,r*=0.05 cov risk_std,r*=0.05 cov cov_mean,r*=0.05 cov cov_std
1,sr_base,0.7101,0.0122881,0.101578,0.0148214,0.531236,0.0248633,0.0793979,0.0118865,0.13498,0.188814,0.101615,0.0148338,0.5316,0.0248743,0.190491,0.0167656,0.760504,0.0171385,0.152241,0.0173969,0.668368,0.0168692,0.190703,0.0167237,0.761004,0.017044,0.250766,0.0140639,0.903436,0.0162374,0.218318,0.0148481,0.825076,0.0141378,0.250991,0.0140111,0.904016,0.0162487
1,sr_dropout,0.711012,0.0223785,0.101316,0.0185101,0.54552,0.0202259,0.0633504,0.0157383,0.428064,0.0370387,0.101574,0.0184479,0.545944,0.0202164,0.188183,0.0248519,0.760392,0.0169533,0.153538,0.0211358,0.68002,0.018305,0.188436,0.0248912,0.761048,0.0169002,0.249892,0.023607,0.907212,0.0151293,0.21506,0.0241489,0.823984,0.0156174,0.250115,0.0235798,0.907852,0.0150492
1,mc_maxprob,0.691372,0.0240708,0.107607,0.0183781,0.516968,0.0234439,0.0620977,0.0146992,0.400316,0.0352816,0.107785,0.0183946,0.517392,0.0234061,0.196047,0.022061,0.731496,0.0183369,0.155862,0.0211219,0.63708,0.0192427,0.196277,0.022092,0.732064,0.0182671,0.256994,0.0244143,0.87832,0.0136101,0.222165,0.0259212,0.794068,0.013928,0.257196,0.0243569,0.878804,0.0135006
1,mc_total,0.691372,0.0240708,0.102762,0.0183967,0.510448,0.0238006,0.059789,0.0146055,0.39558,0.0351992,0.102856,0.0183803,0.510764,0.0238113,0.173365,0.0219154,0.684756,0.0169691,0.145409,0.0202759,0.618536,0.0190385,0.173523,0.0219581,0.685116,0.0169371,0.248734,0.0276675,0.856736,0.0161338,0.203201,0.0249097,0.751384,0.0193014,0.249044,0.0277144,0.857408,0.0160903
1,mc_aleatoric,0.691372,0.0240708,0.0991053,0.0174195,0.505892,0.0233068,0.0584624,0.0149628,0.394016,0.0359736,0.0992139,0.017497,0.506172,0.0232775,0.173375,0.0229041,0.6856,0.0162732,0.142319,0.0191762,0.614164,0.0198484,0.173587,0.0229032,0.686036,0.0163038,0.245127,0.0276321,0.850976,0.0151468,0.201425,0.0256278,0.750288,0.0147353,0.245465,0.0277253,0.851836,0.0152543
1,mc_epistemic,0.691372,0.0240708,0.103977,0.017051,0.506292,0.0252687,0.0622743,0.0153303,0.395824,0.0341289,0.104055,0.0170193,0.506548,0.0251995,0.181526,0.0225856,0.6918,0.0216333,0.148256,0.0223347,0.6154,0.016635,0.181781,0.0225934,0.692364,0.021525,0.259615,0.0274065,0.873656,0.0198588,0.213002,0.0247738,0.76404,0.020545,0.259969,0.0273678,0.874512,0.019789
1,mc_variance,0.691372,0.0240708,0.107161,0.0183784,0.508204,0.0242205,0.0628735,0.0158328,0.392572,0.0368198,0.107312,0.0182947,0.50858,0.0240928,0.205818,0.0225693,0.721944,0.019037,0.159846,0.0223052,0.63232,0.0196657,0.206106,0.0225217,0.72258,0.0193053,0.2771,0.0260754,0.88076,0.0187873,0.241174,0.0244708,0.792764,0.0194559,0.277293,0.0260987,0.88126,0.0188015
1,ens_maxprob,0.72586,0.00286224,0.101696,0.00561809,0.58034,0.0082632,0.065008,0.00663784,0.47558,0.0187364,0.102007,0.00559683,0.58074,0.00823556,0.185446,0.00535791,0.79318,0.0177767,0.151275,0.00564742,0.7109,0.017184,0.185596,0.00529323,0.79384,0.0176773,0.25752,0.00670314,0.96378,0.0173994,0.21636,0.00502828,0.86796,0.0155519,0.258013,0.00691157,0.96478,0.0176607
1,ens_total,0.72586,0.00286224,0.101394,0.00546759,0.57926,0.0103518,0.0653098,0.00738351,0.47606,0.0200832,0.10153,0.00557514,0.57986,0.0104679,0.174103,0.00261984,0.77166,0.00923777,0.147058,0.0056074,0.7042,0.0113222,0.1742,0.00266608,0.77192,0.00911754,0.253105,0.00982717,0.9567,0.0223255,0.199279,0.00751168,0.83134,0.0212074,0.253534,0.0100809,0.95764,0.0228073
1,ens_aleatoric,0.72586,0.00286224,0.101014,0.00715791,0.5753,0.011838,0.0657656,0.00695836,0.47666,0.0184254,0.101094,0.00716201,0.57564,0.0116834,0.178038,0.00577673,0.77208,0.0132946,0.14477,0.00388367,0.69146,0.00803794,0.178283,0.00580664,0.77292,0.0133636,0.256545,0.00934777,0.96234,0.0217016,0.207336,0.00559359,0.8481,0.0135192,0.256933,0.00935153,0.96338,0.0216465
1,ens_epistemic,0.72586,0.00286224,0.0974512,0.0057195,0.56458,0.00593056,0.0609793,0.00817649,0.46066,0.0207299,0.0975406,0.00570489,0.5649,0.00572451,0.180038,0.00770103,0.76332,0.0197661,0.143526,0.00488926,0.68528,0.0101221,0.180228,0.00778659,0.76362,0.0197671,0.256151,0.00923052,0.9578,0.0243435,0.212208,0.00901983,0.83564,0.025589,0.256273,0.00928896,0.95804,0.0244259
1,finetune_maxprob,0.709084,0.0215806,0.0989802,0.0153156,0.533076,0.0264512,0.0591146,0.0152697,0.337228,0.11921,0.0990316,0.0153052,0.533304,0.026388,0.193132,0.02234,0.766544,0.0163282,0.15386,0.0170771,0.676852,0.0226774,0.193376,0.022368,0.767044,0.0162768,0.251027,0.0249624,0.904824,0.0168522,0.218814,0.0239475,0.825004,0.0181758,0.251343,0.0249164,0.905552,0.016883
1,swag_maxprob,0.678628,0.0948599,0.10266,0.0904401,0.414248,0.0635751,0.0370239,0.0395609,0.23988,0.132218,0.10273,0.0904125,0.414544,0.0636617,0.185716,0.106078,0.637528,0.0471633,0.149848,0.102066,0.543484,0.0594722,0.185823,0.106045,0.637856,0.0472284,0.240313,0.102328,0.779216,0.0423791,0.208536,0.105964,0.697264,0.0476104,0.240524,0.102388,0.779888,0.0423818
1,swag_total,0.678628,0.0948599,0.0995568,0.0921983,0.399468,0.0549024,0.033347,0.0353758,0.222448,0.132209,0.0995922,0.0921939,0.399628,0.0549058,0.163487,0.104413,0.58084,0.0399406,0.13775,0.103747,0.508624,0.04406,0.163601,0.104444,0.581128,0.0398683,0.225596,0.099294,0.739964,0.0434099,0.187581,0.103015,0.639972,0.0405069,0.225875,0.0992221,0.740552,0.0434977
1,swag_aleatoric,0.678628,0.0948599,0.100215,0.094864,0.410764,0.0458124,0.0344106,0.037757,0.228164,0.1368,0.100283,0.0948514,0.411016,0.0458945,0.168335,0.106531,0.606156,0.0325407,0.139031,0.10574,0.52482,0.0348726,0.168413,0.106488,0.606448,0.0325498,0.227645,0.100417,0.758488,0.0383813,0.190341,0.105099,0.661888,0.0301853,0.227824,0.100341,0.759004,0.0384396
1,swag_epistemic,0.678628,0.0948599,0.0947595,0.0823602,0.342136,0.0570611,0.0383769,0.0344301,0.186116,0.105013,0.0948344,0.0824019,0.342316,0.0570885,0.172291,0.100243,0.512168,0.065592,0.136282,0.0948387,0.433096,0.0657581,0.172515,0.100238,0.512592,0.0656485,0.238892,0.0957308,0.671764,0.0811047,0.201148,0.0971642,0.57548,0.0776772,0.239044,0.0957028,0.672144,0.0811152
1,laplace_maxprob,0.71006,0.0122445,0.101209,0.0154087,0.52884,0.0262293,0.0777343,0.00970554,0.184432,0.188301,0.101288,0.0154444,0.529164,0.0262683,0.188047,0.0167494,0.755256,0.0188109,0.149973,0.0170298,0.663268,0.0181352,0.188284,0.0167855,0.75572,0.0188031,0.248862,0.0143635,0.90034,0.0147575,0.215826,0.0145917,0.819812,0.0160249,0.249093,0.0142916,0.90096,0.0146113
1,laplace_total,0.71006,0.0122445,0.100487,0.0146222,0.523948,0.0285802,0.0809012,0.0102037,0.151812,0.182144,0.100595,0.0146177,0.524336,0.0286274,0.185651,0.0165483,0.751144,0.0177953,0.149498,0.0165279,0.66258,0.0169241,0.185924,0.0165106,0.75178,0.0177812,0.240774,0.0155718,0.88528,0.0154543,0.211234,0.0146651,0.811504,0.0135878,0.241022,0.0156234,0.88596,0.0154833
1,laplace_aleatoric,0.71006,0.0122445,0.100521,0.0145245,0.52438,0.0286337,0.0816682,0.00983831,0.146756,0.182662,0.100625,0.0144857,0.524852,0.0286788,0.186104,0.0165736,0.752756,0.0173963,0.149577,0.016593,0.663176,0.0167861,0.18635,0.0165565,0.753308,0.0174365,0.241937,0.0156916,0.888576,0.0152771,0.211938,0.0144528,0.8142,0.0131091,0.242098,0.0156744,0.888996,0.0152427
1,laplace_epistemic,0.71006,0.0122445,0.0979153,0.0160208,0.510152,0.0374161,0.0743934,0.00945558,0.070804,0.143018,0.0979985,0.0159901,0.51062,0.03746,0.183069,0.0173711,0.742232,0.0196717,0.147478,0.0173317,0.655368,0.017382,0.183308,0.0173939,0.742772,0.0196308,0.239587,0.0157733,0.878088,0.0166715,0.207535,0.0152522,0.799684,0.0153761,0.239866,0.0157088,0.87876,0.0166741
1,gda_density,0.7101,0.0122881,0.0798362,0.014922,0.468636,0.0291009,0.0545108,0.00989653,0.182192,0.163287,0.0799759,0.0148785,0.46904,0.0290542,0.151164,0.0202771,0.68088,0.0214114,0.113859,0.0134132,0.59494,0.0172265,0.151422,0.0202689,0.68142,0.0213056,0.242637,0.0181027,0.874304,0.0282786,0.188446,0.0208859,0.758416,0.0249101,0.242997,0.0180835,0.87508,0.0283162
1,ddu_maxprob,0.71032,0.0208004,0.0852947,0.0223249,0.51092,0.0306566,0.0465303,0.0230441,0.362312,0.0647659,0.0853988,0.0223892,0.5112,0.0307402,0.169748,0.0249127,0.72004,0.0183538,0.135041,0.025211,0.640212,0.0213501,0.16995,0.0249108,0.720412,0.0183613,0.225031,0.0242172,0.848028,0.0109884,0.193516,0.0251178,0.774904,0.0168735,0.225186,0.0242228,0.848396,0.0109286
1,ddu_density,0.71032,0.0208004,0.0504348,0.0193995,0.247212,0.123734,,,0,0,0.0506281,0.0193375,0.247392,0.123725,0.119959,0.0178987,0.580532,0.0261593,0.0819473,0.0284535,0.391636,0.189227,0.120004,0.0179563,0.580764,0.0261501,0.186077,0.0254642,0.735244,0.0212022,0.145456,0.0184896,0.647656,0.0213006,0.186313,0.0255591,0.7357,0.0213719
1,vbll_maxprob,0.723292,0.0132417,0.0797085,0.018439,0.512652,0.0404759,0.0473433,0.0105754,0.177776,0.201547,0.0798656,0.0185271,0.513068,0.0405545,0.166071,0.0165027,0.737412,0.0208104,0.132581,0.0152217,0.656408,0.0203093,0.166201,0.0165267,0.737796,0.0207996,0.216828,0.0165076,0.861908,0.0188474,0.186564,0.0172714,0.789092,0.0187864,0.217023,0.0165146,0.862328,0.0189256
1,vbll_total,0.723292,0.0132417,0.0787434,0.0184438,0.510064,0.0420969,0.0463022,0.0116339,0.167904,0.198537,0.0788719,0.0184623,0.510356,0.0422156,0.160486,0.0154335,0.72758,0.0181757,0.130522,0.0144395,0.653132,0.0185417,0.160611,0.0154443,0.727884,0.018138,0.204443,0.0168409,0.8382,0.0119687,0.181213,0.016767,0.78036,0.0162777,0.204609,0.0168193,0.83864,0.0119637
1,vbll_aleatoric,0.723292,0.0132417,0.0787331,0.0184362,0.51002,0.0421142,0.0463025,0.0116357,0.167904,0.198534,0.0788572,0.018439,0.510368,0.0421946,0.160461,0.0153982,0.727552,0.0181191,0.13053,0.0144592,0.653148,0.0185383,0.160623,0.0154597,0.72788,0.0181275,0.204415,0.0167906,0.838184,0.0120684,0.181198,0.0167419,0.780384,0.0162633,0.20459,0.0167999,0.83868,0.0120433
1,vbll_epistemic,0.723292,0.0132417,0.0795054,0.0202369,0.511788,0.0417058,0.0463386,0.0105373,0.175836,0.200089,0.0795917,0.0202225,0.512092,0.0417922,0.165031,0.0163556,0.735444,0.0185566,0.132037,0.0151682,0.655404,0.0195269,0.165226,0.016436,0.736016,0.0185754,0.21377,0.0165895,0.854868,0.0159108,0.185687,0.0176124,0.78566,0.0168374,0.213957,0.0166209,0.855296,0.0159507
1,sngp_maxprob,0.703308,0.0220917,0.0920741,0.0196275,0.492808,0.0337093,,,0,0,0.0920797,0.0196192,0.493004,0.0337871,0.172619,0.0233735,0.709716,0.0224163,0.136726,0.0223464,0.623912,0.0219744,0.172812,0.0234405,0.710164,0.0224122,0.229377,0.0224384,0.841508,0.0156092,0.198364,0.0251395,0.769456,0.0184295,0.229642,0.0224637,0.842012,0.0155527
1,sngp_ds,0.703308,0.0220917,0.0891422,0.0198405,0.483708,0.0342468,,,0,0,0.0892096,0.0198369,0.483932,0.0342649,0.160287,0.0208434,0.682612,0.0191339,0.131631,0.0198313,0.61206,0.0218864,0.160419,0.0209287,0.682836,0.019137,0.210558,0.0230162,0.802924,0.0180077,0.178738,0.0216286,0.727656,0.0232167,0.210784,0.0229539,0.803456,0.0180531
1,swa_maxprob,0.660752,0.09383,0.119851,0.0947918,0.447364,0.0526499,0.0415077,0.0395648,0.25906,0.146341,0.119919,0.0948029,0.447556,0.0526113,0.212014,0.100981,0.670968,0.0487281,0.174947,0.0998263,0.580632,0.0550225,0.212164,0.100959,0.671444,0.0486948,0.266818,0.0985481,0.805192,0.0419109,0.236528,0.100892,0.730224,0.0467215,0.26697,0.0985303,0.805612,0.0417747
3,sr_base,0.294216,0.0150901,0.511439,0.0688607,0.272736,0.0465387,0.466851,0.0535838,0.06328,0.0898884,0.511717,0.0688499,0.273108,0.0466049,0.633486,0.0394944,0.58822,0.0533504,0.587268,0.0527077,0.441612,0.0547827,0.633611,0.0394886,0.589008,0.0533518,0.683762,0.0228502,0.831312,0.0390236,0.659602,0.030361,0.69496,0.0439645,0.683969,0.0227508,0.83234,0.0388326
3,sr_dropout,0.312784,0.0282586,0.443409,0.0795751,0.2532,0.0290101,0.359065,0.0940299,0.154032,0.0306752,0.443702,0.0796731,0.253584,0.029091,0.588601,0.0552211,0.547728,0.051557,0.540409,0.0634647,0.424456,0.0440363,0.58886,0.0552719,0.54872,0.0515923,0.654836,0.0351963,0.81166,0.0395646,0.621892,0.0434437,0.65956,0.0450608,0.655032,0.035112,0.813024,0.0391949
3,mc_maxprob,0.307656,0.0254986,0.420105,0.0714066,0.22454,0.0351288,0.294147,0.0848473,0.1215,0.0295555,0.42067,0.0713997,0.22498,0.0351697,0.584548,0.0419322,0.51198,0.0523728,0.522695,0.0557596,0.371512,0.0507219,0.584837,0.0418119,0.512816,0.0521548,0.649474,0.0306317,0.758416,0.0426648,0.615254,0.0374195,0.610976,0.0510021,0.649634,0.0305746,0.759328,0.0424675
3,mc_total,0.307656,0.0254986,0.400806,0.0731999,0.212572,0.0348514,0.281081,0.08621,0.11628,0.028089,0.401126,0.0730251,0.21284,0.0347913,0.532818,0.0519215,0.410344,0.0515547,0.491084,0.0620159,0.331992,0.0498498,0.532974,0.0518695,0.410824,0.0516,0.634114,0.0347137,0.707328,0.0540926,0.57251,0.0439256,0.506656,0.0598961,0.634484,0.0347137,0.708876,0.0538319
3,mc_aleatoric,0.307656,0.0254986,0.380225,0.0750028,0.197464,0.0327623,0.264331,0.0907582,0.110992,0.0283495,0.380629,0.0747737,0.197712,0.0327708,0.507821,0.0597465,0.378916,0.0636026,0.463959,0.070243,0.301472,0.0545101,0.50813,0.0596911,0.379376,0.0636671,0.612836,0.0395721,0.643364,0.0665439,0.549986,0.0502589,0.468084,0.0652381,0.613276,0.0396182,0.644888,0.066366
3,mc_epistemic,0.307656,0.0254986,0.424716,0.0686147,0.226336,0.0375159,0.305964,0.083494,0.124484,0.029965,0.425046,0.0688105,0.226676,0.0375474,0.58305,0.038837,0.489156,0.0400792,0.522743,0.0541942,0.365044,0.0398651,0.583471,0.0386896,0.490008,0.0399232,0.671091,0.0285343,0.841872,0.0375301,0.624625,0.0315571,0.621764,0.0341729,0.671423,0.0284055,0.84368,0.0369545
3,mc_variance,0.307656,0.0254986,0.434583,0.069202,0.231388,0.0388142,0.314251,0.0829033,0.124708,0.0304533,0.434985,0.0691212,0.231848,0.0388602,0.642113,0.0319022,0.605372,0.0376845,0.555628,0.0478761,0.403456,0.0435769,0.642549,0.0317883,0.606952,0.038068,0.692676,0.0242717,0.896652,0.0368142,0.67579,0.0260234,0.75838,0.0419154,0.692714,0.0243041,0.897248,0.036733
3,ens_maxprob,0.2951,0.00350457,0.481202,0.0104352,0.27514,0.00781079,0.359455,0.0268768,0.16374,0.016456,0.481728,0.0106075,0.27554,0.00785267,0.648623,0.00762861,0.6303,0.0310795,0.594408,0.0134834,0.47194,0.0301216,0.648974,0.00754457,0.6312,0.0310453,0.694872,0.00316857,0.92932,0.0340114,0.673363,0.00323145,0.76428,0.0269007,0.69498,0.00321959,0.93162,0.0343302
3,ens_total,0.2951,0.00350457,0.475298,0.0128418,0.27084,0.00999232,0.357947,0.0271242,0.16402,0.0172903,0.475702,0.0129768,0.27132,0.0101146,0.62173,0.00506028,0.55964,0.013176,0.5846,0.0109796,0.45504,0.0189913,0.621874,0.00498756,0.56022,0.0130536,0.690421,0.00712112,0.91578,0.0489968,0.640922,0.00635765,0.65144,0.0362528,0.690707,0.00707301,0.9176,0.049478
3,ens_aleatoric,0.2951,0.00350457,0.493177,0.0166875,0.28444,0.014322,0.371611,0.0276832,0.16886,0.0169562,0.493518,0.0165415,0.28482,0.0141722,0.626295,0.005942,0.57378,0.0250415,0.588366,0.00882361,0.45078,0.0135957,0.626555,0.00604221,0.57472,0.0251665,0.694108,0.00490341,0.93318,0.0402971,0.654997,0.00569923,0.70896,0.0296304,0.694508,0.00491235,0.93578,0.0405691
3,ens_epistemic,0.2951,0.00350457,0.458359,0.0100231,0.25252,0.00751276,0.327234,0.0287453,0.14526,0.0175606,0.458829,0.00945448,0.25302,0.00717465,0.616031,0.0107264,0.53716,0.0341773,0.57087,0.00862506,0.41504,0.0184832,0.616218,0.0105254,0.53782,0.0341234,0.691062,0.00569163,0.90074,0.0529786,0.646278,0.00863636,0.65988,0.0459547,0.691132,0.00572366,0.90154,0.0535621
3,finetune_maxprob,0.300308,0.0295016,0.4894,0.0484885,0.270672,0.025768,0.375229,0.0614486,0.128748,0.0476109,0.489549,0.0485234,0.27094,0.0257182,0.630185,0.0412697,0.595728,0.0395719,0.582582,0.0399463,0.450068,0.0391728,0.63046,0.0412726,0.59658,0.0394604,0.677395,0.0369373,0.831356,0.0354561,0.65295,0.037806,0.695076,0.0421287,0.677562,0.0369203,0.832428,0.0354647
3,swag_maxprob,0.287388,0.0797508,0.427793,0.197799,0.228048,0.0924042,0.204579,0.150184,0.074668,0.0496443,0.428196,0.197808,0.228392,0.0924736,0.603769,0.144338,0.507556,0.135624,0.546511,0.166584,0.386472,0.128711,0.604088,0.14415,0.508124,0.135401,0.663524,0.109152,0.7019,0.0976375,0.632818,0.127844,0.588412,0.126943,0.663735,0.109022,0.702784,0.0974482
3,swag_total,0.287388,0.0797508,0.394292,0.212851,0.207828,0.0962096,0.181676,0.141041,0.064624,0.0462961,0.394446,0.21291,0.207972,0.0962805,0.545843,0.172312,0.407424,0.14929,0.497513,0.190899,0.32998,0.14404,0.545955,0.172318,0.407732,0.149371,0.631969,0.120433,0.619876,0.119965,0.57858,0.152655,0.477276,0.14165,0.632263,0.120258,0.620732,0.119799
3,swag_aleatoric,0.287388,0.0797508,0.382961,0.216865,0.205356,0.0982357,0.178478,0.146539,0.065356,0.044103,0.38316,0.216903,0.2056,0.0982091,0.534704,0.17179,0.409552,0.13925,0.483416,0.191955,0.322524,0.133373,0.534912,0.171723,0.40994,0.139277,0.619693,0.124467,0.612372,0.11475,0.565847,0.155735,0.477284,0.132941,0.620113,0.124198,0.613388,0.114314
3,swag_epistemic,0.287388,0.0797508,0.420355,0.196947,0.196624,0.0975388,0.210059,0.149596,0.055696,0.0381163,0.420528,0.19701,0.196912,0.0976628,0.623343,0.13055,0.456976,0.145099,0.548417,0.157309,0.32774,0.129476,0.623547,0.130527,0.457612,0.145152,0.696812,0.0919842,0.687268,0.0878489,0.662811,0.110004,0.554008,0.125774,0.696929,0.0919124,0.687752,0.0876668
3,laplace_maxprob,0.294816,0.0147911,0.510611,0.0714551,0.268504,0.0503778,0.478117,0.0257981,0.08676,0.0887177,0.510849,0.0712932,0.268916,0.0503957,0.630346,0.0413845,0.578452,0.0592648,0.584476,0.0526973,0.433488,0.056293,0.630537,0.0414053,0.579292,0.0592577,0.681896,0.0225664,0.823364,0.0360193,0.656289,0.0319185,0.683936,0.0483139,0.682051,0.0225994,0.824424,0.0358591
3,laplace_total,0.294816,0.0147911,0.508811,0.0725549,0.264476,0.0507262,0.472944,0.02199,0.07426,0.0888562,0.508899,0.0725019,0.264852,0.0508113,0.627027,0.0422102,0.569624,0.0577735,0.582534,0.0543889,0.431432,0.056113,0.627272,0.0421867,0.57056,0.0577054,0.672666,0.0285362,0.785844,0.048499,0.650706,0.0350543,0.665376,0.0507671,0.672771,0.0284326,0.786848,0.0485029
3,laplace_aleatoric,0.294816,0.0147911,0.5089,0.0719458,0.26538,0.0502461,0.473041,0.023473,0.072128,0.0896672,0.509146,0.0718599,0.265856,0.0504098,0.627024,0.0423242,0.571624,0.0575645,0.582279,0.0544146,0.432212,0.0557001,0.627242,0.042272,0.572552,0.0575641,0.672894,0.0288064,0.791324,0.0504723,0.650911,0.0350495,0.66954,0.0508742,0.673015,0.0287521,0.792036,0.0503274
3,laplace_epistemic,0.294816,0.0147911,0.504047,0.0758727,0.249332,0.0551857,0.476888,0.0212116,0.031596,0.0645654,0.504261,0.0758707,0.249824,0.0553046,0.624687,0.045695,0.555016,0.0662307,0.580278,0.0583213,0.421132,0.0608336,0.625013,0.045536,0.555844,0.0661878,0.672553,0.0286599,0.772432,0.0518239,0.647829,0.0360487,0.646364,0.0563165,0.672746,0.0285015,0.7736,0.051542
3,gda_density,0.294216,0.0150901,0.435514,0.0805466,0.174876,0.0445934,0.345065,0.0749565,0.052688,0.0485339,0.435814,0.0801973,0.17516,0.0445239,0.563433,0.0459008,0.406768,0.0385981,0.502424,0.0634719,0.283904,0.037578,0.563797,0.0459742,0.407536,0.0387031,0.686517,0.0350223,0.81122,0.0592117,0.622329,0.0421039,0.55878,0.0565604,0.686756,0.0347719,0.81262,0.0586387
3,ddu_maxprob,0.303776,0.0283782,0.432715,0.088433,0.24042,0.0465045,0.289755,0.0824463,0.116068,0.040631,0.433066,0.0883185,0.240688,0.0465507,0.591047,0.067992,0.525452,0.0794246,0.537707,0.0790039,0.401976,0.069593,0.591259,0.0679442,0.526076,0.0793232,0.653145,0.0466213,0.73934,0.064039,0.620693,0.0581677,0.613292,0.0801066,0.653306,0.0465397,0.739956,0.0638655
3,ddu_density,0.303776,0.0283782,0.281288,0.163073,0.082136,0.0569986,,,0,0,0.281315,0.163326,0.082216,0.056982,0.507595,0.0987466,0.30408,0.0805158,0.391488,0.16803,0.16808,0.089843,0.507766,0.0987474,0.30436,0.0805456,0.612264,0.071778,0.516264,0.122338,0.554456,0.0923641,0.386724,0.11006,0.612526,0.0717107,0.517016,0.122527
3,vbll_maxprob,0.329156,0.0281103,0.444199,0.035314,0.276108,0.0434818,0.305724,0.0361698,0.07348,0.0857228,0.444444,0.0355355,0.276508,0.043585,0.59602,0.0449133,0.591984,0.0457309,0.554016,0.0409272,0.470624,0.0340424,0.596151,0.0448759,0.592652,0.0457236,0.637956,0.0391026,0.781632,0.0394153,0.616377,0.0426435,0.672836,0.0435764,0.638045,0.039066,0.782232,0.0394465
3,vbll_total,0.329156,0.0281103,0.439146,0.0378603,0.272096,0.0443504,0.299219,0.0436298,0.068544,0.0837109,0.439445,0.0378266,0.27246,0.0444547,0.587699,0.0430479,0.570424,0.0390839,0.548618,0.040643,0.461548,0.0325482,0.587856,0.0430373,0.570896,0.0390517,0.625135,0.0390529,0.731924,0.0314825,0.608499,0.0408369,0.648732,0.036116,0.625293,0.0390078,0.7326,0.0313893
3,vbll_aleatoric,0.329156,0.0281103,0.439205,0.0378711,0.272072,0.0443636,0.299219,0.0436286,0.068544,0.0837109,0.439442,0.0378335,0.272432,0.0444527,0.587668,0.0430707,0.570392,0.0390155,0.548583,0.0406597,0.46154,0.0325126,0.58784,0.0430253,0.570848,0.0389847,0.625127,0.0391185,0.731824,0.0316049,0.608532,0.0408258,0.648684,0.0360982,0.625256,0.0390516,0.732552,0.0315177
3,vbll_epistemic,0.329156,0.0281103,0.442907,0.0382592,0.274364,0.046687,0.301846,0.0367455,0.06934,0.0820664,0.443213,0.0380622,0.274732,0.0466731,0.594965,0.0438451,0.587524,0.0403197,0.55322,0.0420154,0.469064,0.0337516,0.595166,0.0438284,0.588308,0.0402507,0.633747,0.039246,0.765508,0.0326564,0.614228,0.0425929,0.665892,0.0386658,0.633896,0.0392551,0.76622,0.0327172
3,sngp_maxprob,0.305556,0.0398261,0.432064,0.127486,0.243672,0.0741884,,,0,0,0.432248,0.127438,0.243796,0.0741518,0.585532,0.0981998,0.519612,0.0972472,0.528826,0.116084,0.396064,0.0960061,0.585762,0.0981985,0.520288,0.0972429,0.649415,0.0676099,0.732224,0.0713429,0.61643,0.0861869,0.613444,0.0944769,0.649665,0.0675258,0.733036,0.0712392
3,sngp_ds,0.305556,0.0398261,0.429295,0.125917,0.235484,0.0763876,,,0,0,0.429368,0.125866,0.235664,0.0763203,0.568494,0.101949,0.471516,0.0912739,0.520352,0.115834,0.376344,0.0907078,0.568692,0.101925,0.471948,0.091324,0.624917,0.0804728,0.64532,0.0866496,0.590991,0.096157,0.53552,0.0930835,0.625174,0.0802481,0.646244,0.086247
3,swa_maxprob,0.267428,0.0695393,0.461285,0.175001,0.235824,0.0799621,0.215817,0.147754,0.073392,0.0433204,0.461679,0.174816,0.236116,0.0800332,0.63479,0.11912,0.534276,0.120562,0.580634,0.137945,0.405,0.105413,0.634991,0.11905,0.534936,0.120598,0.686851,0.0936157,0.720856,0.0918151,0.660627,0.106698,0.61702,0.112764,0.686972,0.0935837,0.721388,0.0915875
5,sr_base,0.205712,0.0114534,0.64121,0.0797623,0.2116,0.0627821,0.576794,0.0608307,0.045968,0.0664947,0.641286,0.079726,0.211916,0.0628595,0.744144,0.0377165,0.541284,0.0880161,0.709052,0.0515901,0.38574,0.0843232,0.7443,0.0377174,0.542124,0.0879536,0.780285,0.0200477,0.815172,0.0538705,0.763511,0.0275544,0.661228,0.074186,0.780351,0.0200164,0.816288,0.0535248
5,sr_dropout,0.224244,0.0175793,0.56848,0.0832024,0.17766,0.0380167,0.491691,0.111738,0.093868,0.0307012,0.568666,0.083212,0.178036,0.038063,0.695814,0.047972,0.474328,0.073104,0.65314,0.0586786,0.342136,0.0641174,0.69607,0.0479627,0.475488,0.0731171,0.750788,0.0246915,0.773712,0.0587983,0.724615,0.0337314,0.598472,0.0682573,0.751012,0.0246152,0.775164,0.0582544
5,mc_maxprob,0.229732,0.0128582,0.531072,0.0816429,0.15102,0.047582,0.397021,0.120903,0.063664,0.0277005,0.531339,0.081702,0.151392,0.047735,0.681097,0.0390444,0.441316,0.081509,0.626371,0.055767,0.2952,0.0723375,0.681471,0.0388206,0.442284,0.0813493,0.736044,0.022019,0.710136,0.0734337,0.708501,0.031846,0.548856,0.0802009,0.736172,0.0219619,0.711176,0.0732045
5,mc_total,0.229732,0.0128582,0.50636,0.0869621,0.1381,0.0443928,0.38149,0.124233,0.059272,0.02582,0.506809,0.0865888,0.138348,0.0443928,0.630697,0.0532955,0.325968,0.0783202,0.592452,0.0661512,0.250696,0.0714153,0.63093,0.053195,0.326432,0.0783924,0.721016,0.0258097,0.648576,0.0875294,0.667692,0.0421478,0.426796,0.0930176,0.72128,0.0258402,0.65014,0.0872568
5,mc_aleatoric,0.229732,0.0128582,0.477107,0.0964777,0.119896,0.0389856,0.350918,0.135097,0.053808,0.0245539,0.477413,0.0964039,0.120112,0.0390463,0.601341,0.0639627,0.284016,0.0827258,0.562115,0.0745086,0.21378,0.0713886,0.601621,0.063887,0.284452,0.082824,0.697496,0.0337193,0.5543,0.101276,0.643007,0.0492412,0.369932,0.0909396,0.698038,0.0335643,0.555988,0.101021
5,mc_epistemic,0.229732,0.0128582,0.540513,0.0776453,0.157832,0.0521976,0.415954,0.117093,0.068012,0.0296118,0.540935,0.0777297,0.158128,0.0522691,0.685383,0.0345439,0.44222,0.0812762,0.633609,0.0519724,0.299448,0.0673642,0.685537,0.034431,0.443084,0.0811253,0.757396,0.0132945,0.853292,0.0465291,0.720524,0.0225924,0.593688,0.0694211,0.757559,0.0132347,0.855276,0.0458588
5,mc_variance,0.229732,0.0128582,0.554676,0.076232,0.163196,0.0526653,0.425565,0.118192,0.068944,0.0293898,0.554864,0.0761704,0.16368,0.0527082,0.739936,0.0165888,0.601596,0.0638182,0.666075,0.0411634,0.347516,0.0619069,0.740418,0.0163869,0.603384,0.0643235,0.773269,0.0116661,0.92328,0.0448426,0.765841,0.0104168,0.784852,0.0655476,0.773308,0.0117104,0.92378,0.0446258
5,ens_maxprob,0.19782,0.00256351,0.625358,0.00803399,0.20736,0.00962239,0.507399,0.0336552,0.09912,0.0126403,0.625685,0.00823057,0.2077,0.00972677,0.758163,0.00601637,0.6039,0.0330039,0.715099,0.00767725,0.42422,0.032284,0.758552,0.00590466,0.6051,0.032729,0.796873,0.00300192,0.92368,0.0380731,0.780541,0.00416151,0.74744,0.0254601,0.797043,0.00298798,0.92662,0.0377843
5,ens_total,0.19782,0.00256351,0.616027,0.0101541,0.20092,0.0123988,0.501965,0.036157,0.09932,0.0133105,0.616379,0.00990327,0.20142,0.0126185,0.734788,0.00421162,0.50936,0.0113069,0.703346,0.0081462,0.39782,0.0205008,0.73489,0.00414218,0.50978,0.0111418,0.791981,0.00670784,0.90676,0.0581399,0.747234,0.00628649,0.60094,0.0421478,0.792183,0.00662206,0.90888,0.0583486
5,ens_aleatoric,0.19782,0.00256351,0.631355,0.0142734,0.21092,0.0163534,0.51248,0.0367017,0.10264,0.0132815,0.631491,0.014343,0.21138,0.0160141,0.737331,0.00686135,0.5242,0.0247818,0.706451,0.00589872,0.39072,0.0151241,0.737565,0.00687345,0.5255,0.024705,0.795403,0.00486912,0.93014,0.0441495,0.76491,0.0050298,0.67722,0.031143,0.795778,0.00472383,0.93252,0.0443624
5,ens_epistemic,0.19782,0.00256351,0.603716,0.00844708,0.18066,0.00647954,0.476209,0.0391853,0.0805,0.0139239,0.604443,0.00805495,0.18118,0.00617119,0.733622,0.00554257,0.49154,0.0362818,0.6987,0.0072042,0.36106,0.0181432,0.733739,0.00548876,0.49212,0.0361289,0.790446,0.00645678,0.88032,0.0648679,0.753509,0.00579284,0.61566,0.0451453,0.790551,0.00654557,0.88148,0.0656307
5,finetune_maxprob,0.20544,0.0239092,0.626299,0.0499512,0.210404,0.0272629,0.515728,0.0705579,0.084816,0.0325796,0.626423,0.0500177,0.210656,0.0272638,0.745496,0.0344258,0.567964,0.0531126,0.706191,0.0370294,0.40808,0.0507742,0.745755,0.0344429,0.568908,0.0529959,0.780585,0.0298137,0.826068,0.0457964,0.76376,0.0325573,0.678064,0.0567057,0.780695,0.0297662,0.827128,0.0457471
5,swag_maxprob,0.201952,0.052416,0.53199,0.182036,0.205748,0.145951,0.27475,0.175732,0.04346,0.0403148,0.532235,0.181939,0.20608,0.14607,0.711856,0.107094,0.50628,0.201121,0.658531,0.133473,0.378692,0.202023,0.712111,0.10686,0.506804,0.200889,0.762587,0.0752374,0.703876,0.134889,0.736657,0.0925387,0.58728,0.180382,0.76274,0.0751338,0.70478,0.134555
5,swag_total,0.201952,0.052416,0.491065,0.202957,0.18422,0.150746,0.235952,0.165881,0.034904,0.0353686,0.491273,0.203042,0.184448,0.150938,0.650838,0.141597,0.392388,0.223608,0.599852,0.166684,0.314376,0.218418,0.650949,0.141535,0.392676,0.223682,0.735287,0.0858938,0.61382,0.165383,0.686884,0.118568,0.465348,0.208597,0.73555,0.0856947,0.614648,0.165038
5,swag_aleatoric,0.201952,0.052416,0.477673,0.209122,0.177176,0.148127,0.233644,0.170242,0.03482,0.0295101,0.47795,0.208942,0.17738,0.148154,0.639601,0.145055,0.383896,0.21179,0.585148,0.172517,0.29738,0.202918,0.639772,0.144924,0.384288,0.211791,0.72314,0.0925425,0.590736,0.170273,0.675641,0.122706,0.452576,0.20264,0.72343,0.092333,0.591672,0.169814
5,swag_epistemic,0.201952,0.052416,0.527788,0.173136,0.183336,0.150037,0.279981,0.174794,0.031776,0.0282107,0.528014,0.173227,0.183692,0.15032,0.726242,0.096628,0.493068,0.210027,0.657149,0.127481,0.342872,0.200557,0.726548,0.096465,0.493864,0.209945,0.78552,0.0613881,0.739016,0.125087,0.757634,0.07873,0.599152,0.183671,0.785637,0.0613222,0.739596,0.124793
5,laplace_maxprob,0.205416,0.0118228,0.640803,0.0836317,0.209264,0.0659141,0.602637,0.0489632,0.064476,0.0665031,0.640975,0.0835151,0.209568,0.0659659,0.742675,0.0405083,0.533328,0.0950276,0.707562,0.0532642,0.37942,0.0871634,0.742879,0.0403796,0.534228,0.0949494,0.779176,0.0207665,0.807536,0.0534795,0.761709,0.0293337,0.650132,0.0806503,0.779253,0.020736,0.80876,0.053152
5,laplace_total,0.205416,0.0118228,0.637504,0.0854173,0.20692,0.066326,0.585887,0.0289218,0.055908,0.0669911,0.637778,0.0853281,0.207244,0.0664656,0.73923,0.0422842,0.523844,0.0936864,0.70597,0.0544968,0.378012,0.0874951,0.739398,0.0422206,0.524904,0.0935808,0.771575,0.0242491,0.76546,0.0766972,0.756739,0.0332063,0.629848,0.0853287,0.771701,0.0241841,0.766512,0.076706
5,laplace_aleatoric,0.205416,0.0118228,0.637104,0.085383,0.207156,0.0658465,0.586751,0.0298411,0.054092,0.0674859,0.637245,0.0851723,0.207668,0.0660694,0.738872,0.0424179,0.525796,0.0932533,0.705527,0.0550754,0.3784,0.0864612,0.739065,0.0423621,0.52666,0.0932789,0.771524,0.0243605,0.770776,0.0778758,0.756606,0.0329494,0.63356,0.0846775,0.771653,0.0242958,0.771584,0.0776753
5,laplace_epistemic,0.205416,0.0118228,0.63501,0.0873147,0.19466,0.0693695,0.622406,0.0658648,0.023708,0.0492419,0.635222,0.0872191,0.195012,0.0695151,0.738896,0.0455127,0.510324,0.104264,0.705257,0.055969,0.37002,0.0940739,0.739073,0.0453083,0.511132,0.104136,0.772291,0.0259199,0.753664,0.0811056,0.755659,0.0349596,0.610768,0.093954,0.772446,0.0258104,0.754928,0.0807792
5,gda_density,0.205712,0.0114534,0.579389,0.0926684,0.111604,0.0493547,0.448352,0.111653,0.027316,0.0262667,0.57991,0.0921067,0.111788,0.0492909,0.687816,0.0427487,0.330644,0.0503251,0.640003,0.0614128,0.204032,0.0523054,0.688198,0.042648,0.331624,0.0505591,0.782506,0.0298687,0.816648,0.0856593,0.737107,0.0381523,0.506492,0.0802852,0.782743,0.0296405,0.818456,0.084867
5,ddu_maxprob,0.212212,0.0255967,0.555008,0.11465,0.173352,0.0551774,0.414364,0.124089,0.064236,0.02855,0.555304,0.114422,0.173704,0.0552305,0.703396,0.0645485,0.474848,0.124136,0.654977,0.0828218,0.339756,0.104237,0.70361,0.0644663,0.475556,0.124003,0.758679,0.0406957,0.712812,0.0983457,0.730408,0.054839,0.572984,0.12537,0.758787,0.0406209,0.71358,0.0981017
5,ddu_density,0.212212,0.0255967,0.394295,0.21829,0.053576,0.0429521,,,0,0,0.396792,0.215256,0.05364,0.0429688,0.625915,0.109109,0.259696,0.141072,0.492709,0.206747,0.125376,0.0879099,0.626192,0.109063,0.260024,0.14122,0.728108,0.0628165,0.486648,0.198727,0.669013,0.0950981,0.346572,0.188998,0.72841,0.0626559,0.487492,0.198673
5,vbll_maxprob,0.23178,0.0288709,0.602958,0.0461442,0.226344,0.0381479,0.423741,0.0549712,0.047596,0.0577931,0.603359,0.0460714,0.22682,0.0382503,0.718981,0.0492308,0.572944,0.0854363,0.689577,0.0531134,0.44308,0.0730541,0.719181,0.0492196,0.573648,0.0854106,0.74889,0.0401432,0.7724,0.0642229,0.734597,0.044407,0.659128,0.0760682,0.748966,0.0401346,0.77296,0.0641808
5,vbll_total,0.23178,0.0288709,0.597986,0.0457184,0.221364,0.0370763,0.41612,0.0552162,0.04376,0.0556427,0.598263,0.0456523,0.221764,0.0372865,0.712747,0.0494068,0.54864,0.0818156,0.684637,0.0536159,0.432104,0.0721023,0.712924,0.0493245,0.549164,0.0817895,0.73935,0.042978,0.717352,0.064505,0.728121,0.0448042,0.63168,0.0711845,0.739462,0.042962,0.718144,0.0643014
5,vbll_aleatoric,0.23178,0.0288709,0.597995,0.0457475,0.221336,0.0370732,0.416004,0.0552067,0.043748,0.0556229,0.598261,0.0456554,0.221748,0.0372779,0.712718,0.0494283,0.54858,0.0817214,0.684638,0.0535896,0.432068,0.0720739,0.712885,0.049353,0.549048,0.0817636,0.739335,0.0429834,0.717276,0.0646823,0.728114,0.044813,0.631572,0.0711673,0.739471,0.0429789,0.718116,0.0644707
5,vbll_epistemic,0.23178,0.0288709,0.600997,0.0463896,0.223848,0.036715,0.430693,0.0526238,0.044656,0.0546068,0.601409,0.046385,0.224316,0.0368422,0.718262,0.0489224,0.568168,0.0803263,0.688611,0.0539522,0.440572,0.073165,0.718452,0.0488439,0.56892,0.0802253,0.745804,0.0412887,0.756224,0.0605592,0.732611,0.0445064,0.651168,0.0723696,0.745874,0.0412658,0.756848,0.0605343
5,sngp_maxprob,0.212164,0.0338279,0.548633,0.156197,0.188372,0.0919352,,,0,0,0.548879,0.155953,0.188508,0.0918965,0.698614,0.100665,0.488616,0.164134,0.638641,0.129712,0.349264,0.142401,0.698824,0.100664,0.489432,0.164376,0.755652,0.0607594,0.717512,0.12502,0.728073,0.0817961,0.589572,0.162634,0.755735,0.0606765,0.718428,0.12495
5,sngp_ds,0.212164,0.0338279,0.54909,0.150915,0.1827,0.0933081,,,0,0,0.549156,0.150937,0.18282,0.0933128,0.679286,0.110204,0.434744,0.15404,0.630355,0.131957,0.329088,0.13489,0.679398,0.110217,0.4351,0.154164,0.73428,0.0785163,0.623152,0.154583,0.705,0.0971001,0.506196,0.162882,0.73446,0.078446,0.623916,0.154337
5,swa_maxprob,0.189476,0.0452031,0.567122,0.151602,0.185024,0.112015,0.288753,0.168039,0.03684,0.0235279,0.56784,0.15111,0.185416,0.112236,0.733241,0.0858635,0.50566,0.181783,0.686577,0.103326,0.369068,0.164852,0.733461,0.0858176,0.506312,0.181717,0.777111,0.0625655,0.703704,0.130327,0.755815,0.0739264,0.59266,0.166394,0.777173,0.0625211,0.704272,0.13008
